运行年限,油温,绕组温度,负载率,H2含量,总烃含量,油中含水量,介质损耗,历史故障次数,电压等级,是否需检修
9.1,57.0,59.61,0.623,5.0,239.81,13.37,0.584,1,110,0
12.3,63.71,76.19,0.724,30.27,69.29,11.26,0.495,1,220,0
13.8,67.7,67.05,0.745,45.74,,8.75,0.349,0,110,0
4.6,53.16,51.55,0.472,78.54,53.6,8.13,0.347,0,220,0
18.5,74.64,,0.475,39.07,200.95,19.37,0.424,0,110,0
17.2,85.28,74.8,0.608,,238.1,8.81,1.194,0,220,1
12.6,73.07,96.23,0.773,112.0,80.0,38.78,0.953,1,220,1
19.1,,55.14,0.525,84.46,241.55,13.99,1.197,1,110,1
21.5,48.46,82.81,0.534,48.09,108.21,20.54,0.75,0,110,0
10.2,75.0,91.33,0.78,64.79,195.26,18.21,1.015,3,220,1
9.5,79.38,72.52,0.889,66.86,242.7,24.35,0.716,1,110,1
16.1,81.9,74.0,0.866,72.23,219.17,10.23,1.306,0,220,1
19.8,65.57,60.24,0.648,52.94,37.02,14.85,0.258,1,110,0
24.6,76.98,67.21,0.314,57.35,61.15,16.44,0.588,3,110,0
12.3,43.58,68.75,0.339,5.0,91.95,3.0,0.688,3,220,0
24.2,77.68,38.2,0.33,22.67,107.53,13.17,0.663,0,220,0
9.5,79.74,56.97,0.77,97.11,30.0,14.96,1.066,1,220,1
9.0,51.64,58.94,0.682,50.46,48.93,8.87,0.631,0,110,0
17.8,90.0,81.76,0.438,90.66,164.35,13.39,0.622,0,110,0
23.7,66.76,91.3,0.687,42.22,82.24,18.17,0.581,1,220,0
2.3,61.09,55.85,0.409,50.5,117.03,11.58,0.278,0,500,0
12.3,73.94,88.97,0.78,170.99,323.97,16.32,1.582,4,110,1
13.6,64.64,84.92,0.362,38.26,170.16,16.91,0.586,1,110,0
16.5,61.27,88.69,0.661,125.66,199.74,21.5,0.589,1,110,1
11.1,59.02,67.56,0.484,55.32,73.64,11.55,1.35,1,110,0
18.7,56.9,88.66,0.492,19.25,35.05,9.87,0.51,0,500,0
28.1,82.11,92.44,0.624,141.15,356.14,38.52,0.908,3,500,1
9.3,75.73,62.34,0.434,43.15,196.42,16.06,0.726,3,500,0
5.8,71.85,53.34,0.73,39.23,49.49,10.34,1.09,2,110,0
12.3,69.94,78.55,0.696,91.35,75.19,21.97,0.532,3,220,1
25.1,61.94,85.7,0.678,100.44,187.96,18.6,1.072,2,110,1
14.5,59.0,62.3,0.577,42.72,17.78,10.81,0.517,2,110,0
15.3,59.82,72.57,0.631,40.46,23.45,9.74,0.749,2,220,0
13.4,40.67,72.14,0.664,,53.26,16.53,0.589,1,110,0
21.0,75.16,67.91,0.515,18.37,130.35,20.86,0.386,0,110,0
22.5,46.24,56.46,0.606,37.0,92.27,16.72,0.883,0,110,0
23.6,89.33,87.01,0.653,122.55,390.33,24.03,1.113,5,110,1
21.4,67.06,100.0,0.295,68.57,207.72,3.0,0.966,0,110,0
29.1,72.83,74.43,1.0,73.03,378.5,30.95,2.398,4,220,1
29.0,67.27,87.05,0.859,105.63,189.93,31.32,,8,110,1
12.3,58.88,77.99,0.625,,145.75,20.99,0.484,2,220,1
16.7,56.81,76.58,0.361,127.6,225.77,20.14,1.159,2,110,1
26.7,63.4,64.56,0.648,111.92,320.08,30.75,1.853,5,110,1
25.0,63.17,59.2,0.324,82.58,196.75,19.52,1.072,2,220,1
7.6,80.04,40.0,0.525,44.42,144.98,18.04,1.037,2,220,1
21.1,80.78,85.0,0.477,98.78,266.06,10.0,1.731,3,220,1
6.9,58.31,69.9,0.7,64.04,61.06,6.23,1.043,0,110,0
13.3,62.35,76.31,0.324,47.67,223.43,14.28,1.48,1,220,1
13.0,68.89,66.61,0.774,63.4,42.08,8.32,0.643,0,110,0
25.0,66.65,72.45,0.99,,61.06,19.79,0.802,1,110,0
19.4,42.07,76.92,0.657,20.63,15.0,10.15,0.789,1,220,0
9.9,49.44,71.03,0.44,48.99,120.88,21.61,0.981,1,220,0
11.9,57.62,51.53,0.561,50.08,108.78,14.49,0.771,0,110,0
11.3,65.28,74.67,0.858,109.33,346.12,33.74,1.346,3,500,1
5.0,63.86,87.34,0.593,67.2,136.53,11.07,0.394,1,110,0
18.8,64.25,50.19,0.851,48.84,64.42,13.44,0.507,0,220,0
28.1,69.73,88.16,0.89,127.07,157.89,21.26,0.602,1,110,1
5.6,69.42,86.18,0.709,135.9,182.76,18.78,1.199,1,110,1
19.4,58.88,81.35,0.853,39.16,137.02,26.23,1.368,0,110,1
3.5,58.0,62.55,0.449,68.66,85.06,,0.75,0,110,0
17.3,80.14,66.81,0.682,58.47,77.43,21.65,0.78,0,110,0
15.8,72.44,99.38,0.634,40.0,210.33,22.44,1.511,3,110,1
24.4,,45.99,0.574,71.05,115.13,8.21,0.661,0,220,0
10.3,,84.76,0.53,8.87,130.2,22.68,1.015,1,220,0
5.3,39.2,52.72,0.954,35.23,54.6,22.84,0.416,1,110,0
10.1,56.67,71.24,0.741,55.97,104.1,24.94,0.628,0,220,0
27.1,61.52,81.76,0.792,66.99,239.13,24.3,0.427,1,110,1
24.3,54.49,67.15,0.657,48.79,95.64,25.02,0.631,0,500,0
19.2,62.47,57.39,0.738,119.32,113.89,22.59,1.142,1,110,1
28.9,95.0,85.63,0.832,105.86,193.68,26.66,0.486,0,110,1
10.0,91.22,76.74,0.72,159.89,352.32,14.36,1.87,2,220,1
22.1,82.95,93.65,0.692,98.39,347.68,31.99,0.5,1,500,1
25.7,93.54,71.33,0.989,147.6,,36.04,2.085,2,110,1
14.5,76.85,91.63,0.863,99.52,116.4,26.45,1.013,3,110,1
10.2,60.5,91.43,0.558,129.85,134.78,13.66,1.393,3,220,1
18.8,51.16,71.23,0.474,45.85,205.69,11.29,0.604,1,110,0
2.2,30.0,60.61,0.449,110.6,93.15,13.22,0.365,1,500,0
13.8,65.76,50.75,0.586,31.0,82.46,18.73,0.521,1,110,0
5.1,73.24,74.56,0.326,69.19,146.27,17.35,0.542,1,220,0
11.6,43.6,56.99,0.445,,196.31,6.81,0.653,0,220,0
11.4,56.47,82.18,0.981,110.47,161.82,33.79,0.868,5,110,1
11.0,45.7,74.15,0.644,63.14,137.3,3.0,,1,110,0
24.2,63.65,49.43,0.745,109.33,159.9,7.76,0.685,0,110,1
11.4,76.28,85.76,0.537,67.72,197.3,16.77,0.819,2,110,1
5.6,69.42,86.18,0.709,135.9,182.76,18.78,1.199,1,110,1
22.3,63.87,64.66,0.584,39.15,55.76,19.6,0.881,1,500,0
2.1,53.25,70.48,0.641,38.14,164.98,16.29,1.083,1,220,0
6.5,73.19,71.33,0.91,36.18,122.81,14.05,0.243,1,500,0
15.3,76.99,75.09,0.3,108.91,345.59,33.58,0.951,0,110,1
3.2,67.07,72.31,0.396,26.48,49.6,17.76,0.751,1,110,0
9.5,45.35,72.35,0.99,73.25,133.7,14.42,1.104,0,110,0
15.7,63.13,83.25,0.363,59.0,249.41,15.41,0.927,0,220,1
8.8,70.42,60.25,0.628,68.56,93.38,20.2,0.93,1,500,0
16.7,37.59,61.97,0.677,56.56,54.31,11.37,0.99,2,110,0
14.9,68.88,76.44,0.432,100.71,187.74,20.86,0.78,1,500,1
28.4,75.48,74.33,0.734,68.88,208.31,25.16,0.761,1,220,1
17.5,59.62,77.67,0.973,81.7,129.38,17.74,0.839,0,110,1
26.8,69.38,58.8,0.66,152.4,299.88,21.47,2.369,5,220,1
10.2,70.9,74.69,0.691,18.57,114.5,19.4,0.56,0,110,0
9.1,59.1,73.83,0.384,44.66,74.05,6.57,0.914,0,220,0
2.1,75.38,80.43,0.942,,197.8,12.82,1.143,1,110,0
11.9,41.84,54.53,0.695,72.94,131.77,15.35,0.625,1,220,0
10.7,78.78,63.05,0.577,24.73,90.66,15.02,0.726,1,110,0
5.1,60.75,87.69,0.904,5.0,68.34,24.2,0.751,3,110,0
20.7,50.83,68.62,0.696,47.08,141.8,6.15,0.203,0,500,0
11.4,53.39,75.56,0.2,67.19,108.26,13.01,0.599,0,110,0
13.7,75.48,85.27,0.829,18.02,178.68,29.79,1.131,2,110,1
23.4,66.48,65.78,0.433,35.67,130.9,11.69,0.571,0,220,0
14.6,61.9,62.57,0.467,82.08,111.9,19.99,0.659,1,110,0
13.8,65.44,86.63,0.774,79.27,151.25,23.39,1.259,0,110,1
18.0,76.67,42.53,0.428,39.99,126.58,9.8,0.675,2,220,0
23.4,83.76,40.42,0.609,75.83,94.37,14.19,1.044,1,500,0
20.8,53.4,83.15,0.758,36.84,153.85,13.9,0.434,1,110,0
21.3,61.23,83.94,0.662,147.71,282.53,21.76,1.812,3,110,1
12.0,76.19,67.62,0.545,31.14,76.61,12.57,0.841,0,220,0
13.1,70.91,93.1,0.395,75.47,68.45,9.79,,0,220,0
6.7,49.77,71.23,0.366,23.36,33.99,25.83,0.501,1,110,0
6.2,55.69,61.93,0.584,5.79,71.12,12.36,0.578,0,220,0
6.1,56.56,71.77,0.695,71.49,177.22,9.08,0.707,2,110,0
7.3,61.54,64.31,0.737,100.24,235.93,24.33,0.65,3,110,1
11.0,54.42,63.36,0.226,34.35,210.03,5.15,0.521,1,500,0
3.6,55.24,79.32,0.552,50.64,69.26,16.08,0.303,1,110,0
20.0,74.69,77.05,0.694,96.44,209.17,31.37,1.657,3,110,1
16.7,75.15,85.31,0.788,35.01,218.05,4.79,0.887,2,220,0
1.1,34.99,83.47,0.376,31.5,80.15,17.1,0.951,0,110,0
16.5,57.04,58.89,0.838,97.22,170.97,23.96,0.655,0,220,0
18.0,30.0,63.93,0.546,20.46,96.68,7.75,0.656,0,220,0
21.7,59.36,63.09,0.675,55.37,125.27,12.66,0.755,0,110,0
29.5,82.3,80.72,0.528,107.88,274.35,37.63,0.959,2,110,1
22.0,84.19,74.78,0.785,137.83,314.12,,1.231,2,220,1
18.3,57.23,47.44,0.786,56.82,76.72,14.95,0.776,2,220,0
4.0,62.99,67.22,0.855,81.36,186.63,9.66,0.458,2,220,0
6.7,50.28,60.96,0.913,33.41,163.31,19.69,1.059,1,220,1
12.0,63.0,63.91,0.84,42.33,201.02,25.86,1.282,2,110,1
18.5,42.71,80.04,0.729,53.12,228.84,22.3,0.952,1,110,1
11.0,39.98,63.37,0.921,11.02,,15.47,0.368,2,220,0
17.6,58.39,76.73,0.444,96.47,184.79,21.24,0.784,3,220,0
15.4,58.75,62.99,0.385,71.74,211.76,12.03,0.521,2,220,0
24.1,36.23,64.18,0.824,23.88,128.95,,0.333,3,500,0
5.5,37.64,59.28,0.583,5.0,189.04,20.69,0.309,2,500,0
19.6,,55.0,0.678,180.98,232.95,30.27,1.187,2,220,1
11.7,71.97,47.77,0.479,31.46,117.35,17.33,0.417,0,220,0
12.2,60.22,98.64,0.678,17.9,63.09,12.02,0.607,2,110,0
18.6,49.38,56.36,0.488,65.75,98.35,14.69,0.54,2,500,0
21.8,37.35,76.74,0.569,73.28,141.73,10.48,0.738,2,110,0
6.9,56.71,90.11,0.466,72.65,154.94,36.64,1.085,1,110,1
8.4,55.83,68.79,0.757,49.05,20.15,11.79,0.536,1,500,0
20.2,64.68,60.1,0.456,112.5,113.75,33.58,0.66,2,220,1
18.9,57.27,72.42,0.612,89.64,211.75,26.15,0.693,2,110,1
18.6,54.6,72.99,0.473,127.92,63.45,13.93,0.701,1,110,1
24.4,63.05,67.22,0.718,56.91,80.3,21.12,0.628,1,110,0
7.9,68.95,66.15,0.736,92.19,271.72,15.85,1.282,2,110,1
15.0,61.71,54.37,0.92,97.13,160.9,12.61,0.945,1,500,1
16.1,57.02,70.78,1.0,75.25,210.36,22.75,0.744,1,110,1
13.4,61.84,82.53,0.775,89.23,109.3,7.78,0.936,4,110,1
5.6,73.11,98.86,0.438,74.32,195.36,17.26,0.522,1,110,1
17.5,70.66,70.96,0.479,70.59,44.42,4.95,0.829,2,500,0
27.4,38.2,74.17,0.407,73.05,143.97,23.13,0.872,3,110,1
20.5,60.99,55.2,0.438,58.26,90.89,20.67,1.133,1,110,0
20.2,54.4,63.56,0.446,35.18,135.12,7.7,0.506,0,500,0
10.7,51.08,71.78,0.966,93.07,59.94,14.19,0.714,0,220,0
23.3,88.49,81.89,0.847,46.61,127.88,18.89,0.664,0,110,1
8.3,30.39,63.67,0.819,5.0,74.89,23.19,0.571,2,110,0
18.3,69.21,81.52,0.75,5.0,104.11,5.15,0.329,3,220,0
26.8,70.39,92.53,0.551,186.89,218.72,19.34,1.198,1,220,1
17.1,83.97,101.92,0.73,255.04,326.44,33.18,2.0,2,110,1
6.6,47.77,77.31,0.822,55.41,18.8,23.11,0.453,2,110,0
22.9,60.96,64.24,0.639,97.81,157.67,17.83,0.759,1,110,1
12.7,68.7,53.83,0.604,88.29,102.59,16.94,0.751,1,110,0
27.7,62.75,65.99,0.45,115.59,133.69,37.02,0.897,1,500,1
13.9,75.5,,0.606,98.39,210.41,19.29,0.893,2,110,1
28.7,51.3,84.77,0.691,107.16,235.11,10.96,0.739,0,220,1
14.6,55.65,64.45,0.536,62.35,73.71,13.44,0.524,0,220,0
4.1,41.36,74.33,0.804,74.7,139.95,3.0,0.654,0,110,0
6.1,53.33,66.72,0.717,62.26,140.17,5.0,1.116,1,110,1
6.6,49.22,68.81,0.568,49.55,84.49,10.57,0.592,0,110,0
19.9,59.25,71.28,0.902,33.89,169.8,14.03,0.785,0,220,0
8.8,76.05,70.72,0.999,110.42,261.57,19.43,1.66,1,110,1
2.6,60.21,68.92,0.569,51.97,133.59,4.11,0.769,1,220,0
14.9,45.54,91.69,0.845,46.3,111.95,10.1,0.548,2,110,0
18.6,82.41,92.05,0.632,67.43,426.66,27.65,0.741,0,500,1
21.8,54.55,92.79,0.257,75.07,126.29,18.02,0.408,0,110,0
25.5,82.68,72.29,0.499,83.41,150.75,10.03,0.924,0,110,1
6.6,69.78,71.5,0.35,24.42,41.43,,1.4,0,220,0
11.1,49.13,83.41,0.865,57.9,109.3,17.45,0.529,1,500,0
15.1,61.03,77.6,0.621,106.82,199.85,3.0,,1,220,0
19.8,81.25,112.45,0.67,56.62,262.44,23.32,1.245,2,110,1
11.6,56.37,80.02,0.622,64.94,135.19,25.65,0.885,3,110,1
19.7,65.25,82.32,0.647,57.2,195.2,16.63,0.541,1,220,1
17.7,60.77,60.05,0.334,39.28,42.91,19.85,0.867,0,110,0
20.2,47.9,68.94,0.746,26.82,102.77,19.0,0.681,2,110,0
3.9,54.57,61.61,0.875,5.0,59.85,7.45,0.703,2,220,0
19.3,71.28,74.99,0.665,58.28,69.82,15.18,0.856,3,220,1
22.2,43.1,63.87,0.566,9.88,163.75,4.47,0.166,0,500,0
24.9,60.98,80.2,0.903,29.58,77.23,10.15,0.358,0,220,0
12.4,51.24,80.59,0.543,108.75,260.77,24.75,1.014,1,110,1
17.4,50.37,64.75,0.602,30.21,22.3,,0.348,0,110,0
23.8,66.16,84.64,0.74,96.94,91.95,12.35,1.191,1,220,1
16.0,78.24,79.23,0.766,,319.04,24.86,0.925,4,110,1
6.3,59.48,65.63,0.375,66.21,132.57,24.28,0.554,0,110,0
13.8,80.74,86.18,0.925,98.67,168.31,26.61,0.962,2,110,1
23.2,76.09,87.82,0.631,72.51,118.35,9.79,0.624,1,110,0
24.4,67.03,70.51,0.95,48.3,188.33,9.56,0.54,1,500,0
17.5,42.54,64.43,0.484,31.78,86.13,21.47,0.374,2,220,0
18.5,87.35,52.34,0.445,104.24,70.64,24.77,0.265,0,220,1
22.0,71.29,62.51,0.539,15.0,106.31,20.4,1.092,1,220,1
18.8,64.48,61.64,0.749,79.68,280.1,22.63,0.748,2,110,1
7.5,73.76,69.64,0.791,75.72,252.0,13.58,1.085,1,220,1
23.6,42.18,88.47,0.751,43.61,149.14,11.5,0.249,0,110,0
8.4,72.23,65.46,0.749,50.7,148.21,23.87,1.508,2,220,1
1.9,71.25,,0.656,45.86,72.8,3.0,0.473,2,220,0
13.3,69.68,66.92,0.542,101.67,127.93,13.05,0.532,4,220,1
16.1,58.1,69.43,0.413,32.8,149.74,3.0,0.711,1,110,0
1.9,63.31,61.65,0.661,55.01,87.93,13.37,0.424,0,220,0
17.3,77.39,93.72,0.623,78.83,126.92,16.64,0.98,0,220,1
17.0,43.02,72.22,0.449,37.15,82.09,25.04,0.795,5,220,0
29.4,80.37,66.6,0.942,152.92,286.33,24.85,1.096,2,220,1
8.9,50.41,68.56,0.569,37.97,142.45,7.34,0.364,0,110,0
10.5,73.9,100.56,0.797,103.96,90.98,15.69,0.786,0,500,1
18.4,60.42,93.56,0.648,82.88,180.21,13.79,1.631,1,110,1
25.3,57.93,82.95,0.762,82.01,221.37,12.86,0.527,0,220,1
15.7,53.05,72.31,0.497,103.96,237.78,21.74,,3,110,1
16.6,76.93,69.67,0.531,56.01,162.97,13.71,0.994,0,220,0
9.2,68.54,68.14,0.905,33.99,225.3,11.73,1.002,0,500,0
12.8,58.02,79.79,0.356,67.84,156.96,38.0,0.436,1,220,1
16.4,69.23,86.93,0.407,54.74,254.75,14.12,0.84,0,110,1
12.7,44.8,66.21,0.516,30.67,135.16,10.48,0.998,1,220,0
6.4,61.59,75.41,0.769,73.12,192.14,23.51,1.144,1,110,1
13.8,52.92,60.22,0.614,33.87,110.27,17.13,0.684,1,110,0
26.6,77.12,69.28,1.0,52.63,338.75,13.69,1.491,4,110,1
12.1,74.28,67.66,0.626,30.88,108.89,3.0,0.292,0,110,0
3.1,59.03,46.6,0.874,46.42,44.02,17.81,0.772,2,220,0
11.5,83.98,86.92,0.538,118.39,315.22,30.1,1.557,4,110,1
20.8,80.64,82.96,0.789,,161.31,19.8,0.805,4,110,1
18.9,80.9,75.69,0.631,67.45,78.94,12.9,0.32,0,500,0
24.5,77.83,84.17,0.503,148.71,364.02,10.0,1.441,5,110,1
22.6,48.98,75.76,0.543,35.96,63.26,20.36,0.909,0,220,0
7.0,90.0,68.81,0.435,16.09,30.97,11.93,0.275,1,110,0
19.7,73.15,,0.871,59.81,95.32,5.78,0.56,1,110,0
21.6,30.0,65.96,0.819,25.43,75.74,10.3,0.442,0,110,0
5.4,45.3,81.07,0.474,62.77,46.66,13.83,0.205,0,500,0
1.4,61.52,63.97,0.448,5.0,153.07,9.09,0.641,0,110,0
6.0,59.47,51.01,0.792,40.97,104.4,7.77,0.124,2,110,0
4.9,90.0,81.44,0.398,53.18,177.86,13.39,0.28,0,220,0
2.7,53.51,40.88,0.524,36.21,131.9,24.98,0.783,1,220,0
25.3,57.93,82.95,0.762,82.01,221.37,12.86,0.527,0,220,1
5.4,59.2,47.47,0.314,49.27,103.69,23.46,0.704,1,500,0
12.3,66.77,58.84,0.529,5.0,111.11,15.37,0.446,2,220,0
24.9,40.88,67.6,0.421,5.0,142.42,18.94,0.452,0,220,0
5.6,48.3,87.89,0.688,,198.9,28.26,1.226,2,110,1
21.0,41.47,79.55,0.707,64.04,148.11,11.18,0.837,2,220,0
25.8,68.02,83.69,0.572,69.95,176.69,33.09,0.877,2,220,1
5.9,43.06,78.02,0.685,62.48,137.55,22.45,0.518,2,500,0
8.3,78.86,81.08,0.889,102.66,214.12,16.89,0.722,5,220,1
21.4,41.68,54.88,0.864,27.41,62.97,9.22,0.863,1,220,0
4.0,65.11,79.44,0.362,67.82,67.52,21.75,0.526,0,110,0
19.2,79.29,84.83,0.746,86.15,240.98,14.04,,1,220,1
4.2,57.39,65.01,0.634,5.0,117.55,3.49,0.36,0,500,0
15.9,65.61,58.57,0.694,49.22,114.47,20.11,0.61,0,110,0
23.2,73.38,81.13,0.407,29.94,103.59,18.04,0.475,1,110,0
1.3,43.67,75.85,0.292,62.27,137.86,23.27,0.454,0,110,0
17.4,73.22,69.37,0.756,72.85,113.68,23.83,0.496,0,220,0
15.2,67.27,68.13,0.878,75.23,,3.0,0.533,0,500,0
16.4,58.34,78.89,0.327,80.59,63.83,20.42,0.819,3,220,1
25.0,79.47,78.19,0.34,11.65,87.0,11.34,0.336,2,220,0
11.0,75.47,68.68,0.366,84.58,102.33,8.75,1.073,0,220,0
27.3,68.46,86.37,1.0,138.57,285.12,11.74,1.697,3,110,1
22.7,66.24,95.89,0.483,134.18,80.0,20.95,1.955,3,110,1
18.8,81.74,83.94,0.362,96.82,184.28,19.38,1.011,5,110,1
9.0,79.31,66.37,0.57,69.07,189.94,37.2,1.493,0,110,1
27.1,80.37,93.21,0.49,124.72,239.85,18.81,1.311,6,110,1
23.0,51.73,75.26,0.635,40.14,273.71,21.53,0.83,1,220,0
3.3,35.45,52.37,0.722,90.57,100.5,12.09,0.504,0,220,0
29.8,76.14,71.44,0.853,81.44,305.86,22.18,1.763,1,220,1
26.3,69.71,68.08,0.698,57.64,194.54,28.38,0.878,2,110,1
11.1,58.34,83.57,0.746,36.25,172.47,16.69,1.027,3,110,1
28.5,73.76,76.22,1.0,199.97,80.0,18.78,1.247,3,110,1
19.3,46.47,81.79,0.755,59.59,102.72,7.35,0.328,2,220,0
25.2,84.46,77.82,1.0,101.88,179.03,22.35,1.556,0,220,1
5.9,84.23,70.86,0.712,41.29,90.27,12.88,0.432,0,220,0
20.7,78.41,64.99,0.649,68.04,156.37,7.16,1.072,0,110,1
31.2,85.08,85.09,0.346,148.49,367.52,38.97,1.041,6,500,1
23.7,51.29,73.85,0.458,64.78,123.11,12.1,0.432,0,110,0
6.8,67.61,76.02,0.677,64.35,97.1,4.96,0.529,1,110,0
6.0,47.74,51.5,0.949,71.65,125.65,21.96,0.293,0,110,0
16.9,54.75,77.32,0.571,26.86,15.0,14.84,0.968,0,110,0
28.6,69.0,75.34,1.0,168.06,248.39,27.23,1.236,5,110,1
28.1,92.28,73.85,0.557,173.72,142.44,21.75,1.384,4,110,1
5.6,72.63,84.67,0.365,60.74,40.64,3.33,0.612,0,220,0
6.1,41.63,79.57,0.879,71.24,91.49,23.32,0.721,0,110,0
15.1,80.96,79.74,0.595,80.02,274.95,23.33,1.395,1,110,1
10.6,84.34,87.4,0.931,143.18,147.38,23.55,1.361,2,220,1
2.8,64.8,55.55,0.255,27.59,184.05,11.69,0.596,0,110,0
23.2,69.0,82.76,0.833,71.68,152.68,17.34,0.933,1,220,1
8.5,60.04,65.28,0.633,130.0,214.17,25.07,0.65,0,110,0
29.7,80.52,92.0,0.934,15.0,199.25,11.67,0.396,2,110,1
12.9,78.0,77.42,0.833,68.27,136.97,12.85,1.404,1,220,1
13.2,59.71,56.03,0.75,30.99,84.28,16.84,0.416,3,110,0
10.2,87.43,64.24,0.743,162.98,275.69,29.32,1.488,4,110,1
11.8,48.2,100.35,0.913,70.5,,16.94,1.48,1,110,1
15.5,46.2,45.42,0.45,30.7,72.57,3.0,1.025,1,220,0
29.1,,84.95,0.645,99.75,158.46,15.68,1.053,1,500,1
10.6,72.5,69.66,0.433,119.27,112.24,11.43,0.643,1,110,0
15.1,71.96,80.75,0.66,102.59,136.58,18.68,1.167,1,110,1
18.0,61.68,63.79,0.99,17.26,,12.91,0.971,0,110,0
3.5,44.4,69.73,0.367,67.84,168.63,18.87,0.473,0,220,0
14.8,37.22,70.47,0.623,65.43,89.79,17.44,0.809,0,220,0
4.9,32.72,77.38,0.315,41.68,66.19,15.68,0.703,0,110,0
21.6,72.85,75.2,0.479,32.48,196.39,13.45,0.941,3,220,1
24.7,76.83,60.23,0.894,163.62,183.33,17.34,1.016,1,110,1
29.9,53.2,83.91,0.416,86.16,164.02,18.96,1.034,1,110,1
11.5,79.13,83.22,0.448,69.8,92.35,15.77,0.233,1,220,0
14.9,77.04,59.47,0.598,50.11,92.7,12.5,0.805,0,220,0
24.4,73.17,35.0,0.598,63.32,84.31,8.53,0.463,2,110,0
21.3,58.05,70.67,0.58,93.34,118.96,10.0,0.96,0,110,0
21.5,52.62,67.52,0.559,30.82,138.7,5.4,0.851,0,220,0
21.7,55.38,59.51,1.0,97.43,223.14,34.58,0.823,1,110,1
23.0,59.83,82.65,0.597,71.61,137.64,16.03,0.731,1,110,1
19.5,50.15,62.7,0.693,9.01,152.37,10.08,0.972,0,220,0
1.1,59.62,79.41,0.907,38.36,103.81,23.24,0.222,1,220,0
9.5,60.99,55.23,0.565,37.76,121.15,5.42,0.55,1,220,0
19.0,76.99,89.48,0.587,109.03,236.12,38.51,1.984,4,110,1
20.7,80.66,38.88,0.474,,190.31,8.92,1.001,1,220,0
5.5,52.8,87.41,0.7,30.12,225.34,13.14,0.651,0,220,0
13.7,56.83,42.95,0.496,50.83,68.96,15.59,0.695,1,110,0
14.1,70.52,68.84,0.443,84.7,110.02,16.43,0.482,0,220,0
13.8,61.14,59.92,0.686,82.55,84.91,13.3,0.242,0,220,0
9.0,51.13,73.62,0.99,81.14,151.4,13.79,0.497,1,220,0
26.4,57.88,82.86,0.461,104.67,162.77,13.44,0.973,2,110,1
23.8,58.56,51.08,0.273,8.88,140.78,13.4,0.724,0,220,0
25.8,65.06,87.71,0.717,142.92,176.08,17.59,1.478,5,110,1
1.3,76.37,51.01,0.481,51.49,157.92,6.14,0.782,0,500,0
6.7,74.72,66.51,0.554,50.47,79.23,11.51,0.531,2,110,0
14.3,53.89,104.63,0.661,135.45,369.62,17.08,1.926,2,110,1
12.1,72.85,80.29,0.526,65.22,188.91,43.69,0.924,2,110,1
13.1,47.15,71.28,0.767,36.39,132.32,14.58,0.453,3,500,0
30.6,77.02,87.71,0.794,117.57,158.99,39.6,0.801,2,110,1
20.1,58.98,88.08,0.734,78.78,162.75,14.32,0.633,1,220,0
11.3,51.17,70.51,0.697,93.37,184.42,26.0,1.057,2,110,1
8.1,65.33,45.36,0.745,61.33,156.5,10.58,0.726,0,110,0
24.8,76.29,66.48,0.567,22.39,95.68,9.39,1.189,1,110,0
25.2,65.16,75.2,0.636,80.24,273.19,13.72,0.986,6,110,1
12.0,43.06,79.38,0.732,75.87,15.37,19.06,0.1,2,110,0
23.9,65.66,81.17,0.884,105.51,102.68,31.7,0.911,0,110,1
17.6,56.87,74.68,0.44,56.66,124.82,27.31,0.578,2,110,1
31.1,69.51,74.27,0.673,96.86,189.79,44.81,0.865,2,110,1
9.2,41.76,74.82,0.593,34.46,149.21,19.85,0.767,2,110,0
25.4,63.07,106.92,0.977,117.35,374.58,21.12,1.524,6,110,1
15.4,92.21,106.16,0.568,145.69,243.04,23.82,1.202,0,110,1
10.8,61.83,69.42,0.664,72.28,131.61,15.21,0.195,1,220,0
15.8,50.08,73.9,0.498,102.65,145.26,25.02,0.854,2,220,1
27.6,71.5,92.29,1.0,127.9,376.23,15.78,1.651,3,110,1
25.1,100.0,87.85,0.935,127.12,414.86,10.0,1.043,4,110,1
10.0,65.66,65.76,1.0,79.27,208.59,27.72,0.73,1,220,1
8.1,65.5,77.12,0.833,71.56,115.2,27.43,0.276,0,110,0
17.6,66.71,87.21,0.453,49.11,93.54,27.08,,0,500,0
24.7,59.4,65.85,0.265,52.34,156.74,17.14,0.864,0,110,0
15.3,77.41,97.14,0.617,179.13,277.46,18.98,1.801,1,220,1
17.4,69.05,85.12,0.295,,57.26,7.33,0.903,1,110,0
15.1,55.42,74.56,0.592,52.27,170.88,30.0,0.398,1,110,0
10.4,70.03,87.15,0.615,152.16,160.79,35.48,1.732,3,220,1
16.9,45.18,56.57,0.79,70.27,193.23,13.1,0.905,1,220,0
9.0,91.38,74.31,0.446,122.95,75.14,31.37,1.013,3,110,1
3.1,68.91,57.91,0.363,63.44,202.63,13.8,0.837,0,110,0
22.6,51.44,112.76,0.653,107.29,353.65,30.85,1.034,1,500,1
11.9,48.55,78.74,0.797,83.99,180.47,6.75,0.984,0,110,1
16.8,68.57,80.59,0.47,101.4,206.95,19.86,0.516,0,110,1
14.8,54.46,60.41,0.532,22.07,130.54,10.05,0.595,1,220,0
11.6,55.52,70.09,0.295,66.97,199.67,22.6,0.814,0,110,0
3.6,30.0,91.51,0.99,82.9,169.77,18.97,0.837,0,110,0
9.9,49.44,71.03,0.44,48.99,120.88,21.61,0.981,1,220,0
18.2,74.66,83.65,0.681,81.0,109.93,25.6,1.186,0,220,1
3.1,39.98,86.69,0.608,63.66,80.08,9.5,0.377,0,110,0
5.8,59.52,54.58,0.525,59.55,48.99,8.62,0.594,1,220,0
24.4,60.36,73.12,0.526,86.63,157.02,11.08,1.116,1,220,1
10.0,64.52,68.21,0.741,106.97,124.06,28.82,1.219,0,110,1
6.6,81.76,70.91,0.764,,138.89,10.42,0.95,3,110,1
14.7,50.55,46.77,0.555,66.43,148.65,12.08,0.807,2,110,0
12.9,38.61,59.65,0.819,16.43,15.0,19.83,0.948,0,110,0
6.7,61.0,45.48,0.884,57.61,129.66,19.39,0.48,2,500,0
7.2,50.78,60.36,0.6,73.86,158.83,4.5,0.66,1,110,0
17.9,62.55,80.87,0.793,28.7,72.92,12.08,0.531,0,220,0
15.8,49.32,83.88,0.976,16.94,96.83,24.23,0.738,0,110,0
22.2,73.46,63.94,0.502,56.48,38.05,3.0,0.95,0,220,0
16.4,65.35,83.93,0.832,69.25,75.97,10.0,0.715,1,110,0
22.9,52.1,64.91,0.552,57.56,196.05,5.97,0.796,0,110,0
29.4,86.52,84.3,0.663,123.94,350.45,23.34,0.714,2,110,1
30.1,67.48,106.71,0.78,78.0,363.18,22.0,0.737,3,220,1
1.6,84.88,80.4,0.632,74.32,96.37,15.15,1.009,0,220,0
20.1,59.14,78.25,0.649,119.78,264.94,14.71,0.762,2,110,1
14.2,77.21,72.95,0.429,32.63,124.56,11.57,0.477,0,500,0
17.4,81.91,90.53,0.887,119.35,159.42,39.25,1.532,1,110,1
7.2,57.28,64.74,0.693,114.23,121.96,20.45,1.109,2,110,1
12.9,78.65,93.24,1.0,154.62,142.49,26.45,1.319,4,220,1
11.9,88.05,87.59,0.644,94.83,216.68,24.48,1.378,1,220,1
23.9,69.78,77.86,0.724,48.04,94.59,29.83,1.093,0,220,1
24.8,78.5,49.04,0.794,87.51,198.27,14.41,0.886,2,500,1
22.3,55.18,77.65,0.516,41.15,160.74,23.85,1.397,3,220,1
18.2,60.3,62.42,0.393,64.54,50.65,8.7,1.23,1,220,0
23.6,63.46,70.03,0.709,69.39,306.23,17.34,0.579,1,110,1
15.4,50.19,60.77,0.901,92.94,125.71,7.07,0.675,1,110,0
1.9,79.32,87.83,0.71,86.27,136.19,11.76,1.043,0,110,0
15.6,58.3,78.47,0.474,90.93,137.03,6.09,0.824,2,220,1
11.3,54.57,78.71,0.443,66.0,204.11,11.87,0.838,1,220,0
26.9,55.42,68.05,0.71,79.18,176.18,32.63,1.217,2,110,1
15.1,48.5,69.37,0.496,13.85,97.99,14.42,0.973,0,110,0
23.5,55.85,96.6,0.363,99.47,184.06,16.2,1.017,3,220,0
28.0,78.11,88.91,0.579,180.77,271.9,30.18,1.653,4,110,1
13.8,62.65,64.96,0.63,41.57,181.0,25.04,1.171,3,110,1
14.4,77.69,81.37,0.69,77.16,77.07,32.41,1.032,1,220,1
1.8,59.01,72.5,0.519,42.01,155.2,3.0,0.515,1,220,0
14.9,66.19,81.12,0.472,99.44,274.97,21.34,1.685,1,220,1
19.0,48.82,87.53,0.414,49.48,57.43,15.42,0.537,0,110,0
9.7,59.09,89.81,0.748,70.93,69.94,19.69,0.608,0,110,0
22.1,50.47,56.48,0.813,61.47,178.2,20.42,0.566,1,110,0
21.9,52.34,62.18,0.309,71.69,84.07,14.97,0.864,1,220,0
9.3,84.07,71.81,0.574,116.53,261.4,32.16,1.099,3,110,1
29.4,72.33,79.73,0.473,169.62,197.36,27.12,1.203,1,500,1
13.5,49.57,70.47,0.587,20.48,110.59,15.43,0.738,0,220,0
1.6,57.13,80.29,0.72,63.02,50.99,13.5,0.752,1,110,0
4.3,63.96,57.14,0.847,33.87,143.0,14.84,0.395,0,220,0
20.3,55.89,86.0,0.426,102.43,185.74,11.68,0.682,0,220,0
10.5,54.27,60.99,0.422,49.87,109.54,9.58,0.319,0,110,0
7.2,60.37,87.91,0.858,103.58,185.25,17.97,1.072,0,110,1
6.9,69.6,36.63,0.796,73.56,122.68,22.14,0.1,2,220,0
11.1,72.79,77.79,0.507,66.96,135.37,17.76,0.578,2,110,0
19.3,46.72,71.13,0.494,59.71,86.18,8.88,0.744,0,110,0
17.4,78.82,72.25,0.793,139.9,339.07,10.0,1.04,1,110,1
9.9,68.31,68.98,0.748,61.76,115.5,17.28,1.015,1,110,0
19.0,51.62,66.91,0.744,92.47,102.14,23.8,0.921,4,220,1
5.5,55.38,73.32,0.501,5.0,126.97,22.92,0.931,1,220,0
23.9,60.48,59.88,0.52,58.28,68.12,21.98,0.553,1,110,0
26.4,59.49,87.98,0.692,37.12,115.92,13.21,0.801,0,220,1
12.5,54.66,60.98,0.713,76.75,214.47,9.28,0.727,2,110,1
15.4,50.02,85.79,0.662,54.46,160.85,16.52,0.609,0,110,0
7.8,61.96,61.07,0.696,76.15,164.56,11.35,0.761,0,110,0
10.6,92.74,84.75,0.92,67.89,274.8,24.27,1.752,3,220,1
12.6,68.94,63.09,1.0,208.77,313.06,23.67,1.277,3,220,1
29.2,82.95,78.93,0.561,60.63,163.42,10.0,1.14,1,110,1
10.9,55.52,57.05,0.62,52.85,113.69,19.86,0.267,1,110,0
27.3,68.46,86.37,1.0,138.57,285.12,11.74,1.697,3,110,1
24.8,53.27,52.04,0.67,60.32,75.84,17.6,0.837,1,110,0
27.0,68.85,96.73,1.0,136.67,318.36,26.85,0.716,2,110,1
22.5,51.06,83.95,0.891,55.77,212.31,10.53,0.952,0,220,1
10.0,66.16,81.8,0.692,68.36,129.57,16.1,0.1,2,110,0
28.3,48.06,87.07,0.382,73.16,119.99,23.65,0.598,2,220,1
7.1,60.32,80.58,0.623,35.63,162.67,11.6,0.859,1,110,0
15.0,57.25,66.91,0.907,28.83,77.98,3.0,0.299,1,220,0
18.8,30.43,72.93,0.505,39.97,128.1,14.98,1.123,0,220,0
24.2,38.0,80.9,0.524,39.19,162.24,19.45,0.449,0,110,0
21.3,42.38,63.48,0.644,87.54,159.3,17.39,0.862,2,500,1
17.3,56.18,59.63,0.56,43.15,96.06,24.88,0.1,1,110,0
5.1,81.81,60.36,0.505,100.01,193.67,16.67,0.318,1,220,0
6.7,86.45,75.59,0.623,53.48,38.03,7.1,1.017,1,110,0
5.0,54.6,65.0,0.6,29.2,120.12,28.05,1.062,0,110,0
11.1,95.99,82.63,0.619,135.24,223.61,18.3,1.454,2,110,1
15.7,43.55,90.4,0.476,58.31,135.15,16.23,1.199,2,500,1
20.1,51.04,43.18,0.612,36.43,75.48,22.55,0.62,0,220,0
7.4,44.37,60.87,0.65,57.17,64.93,19.29,0.864,2,110,0
16.7,66.03,84.86,0.281,66.14,112.88,28.39,0.157,1,220,0
29.8,50.99,90.56,0.717,147.76,128.96,19.97,0.825,0,220,1
2.3,37.95,97.75,0.432,29.98,168.06,6.25,0.85,2,220,0
18.3,62.18,73.7,0.39,46.81,115.57,15.38,0.401,0,110,0
9.1,50.48,50.13,0.58,67.09,231.15,21.73,0.497,1,220,0
16.1,44.52,60.65,0.615,110.69,160.9,6.53,0.445,1,500,0
8.2,42.67,53.94,0.441,101.66,102.81,16.66,0.658,0,220,0
13.8,46.15,67.98,0.631,40.64,56.6,17.24,0.678,0,220,0
7.4,67.81,81.8,0.741,59.8,86.56,22.02,0.304,0,220,0
16.0,83.63,82.21,0.455,33.77,61.43,22.14,0.209,0,110,0
4.1,70.18,62.77,0.324,50.86,106.1,16.94,0.656,0,110,0
11.1,67.81,93.83,0.679,83.92,307.31,27.94,0.842,3,110,1
9.6,65.87,93.42,0.531,87.59,186.24,18.37,0.589,2,110,1
14.0,69.48,81.25,0.21,43.56,135.6,16.93,0.629,3,220,1
15.4,77.96,74.25,0.509,67.75,60.04,22.66,0.307,3,110,0
17.4,74.02,84.83,0.667,77.49,15.0,11.16,0.142,1,220,0
29.9,74.77,92.39,1.0,115.66,163.96,14.51,1.11,3,110,1
29.0,80.42,89.81,0.959,119.77,255.19,25.23,1.859,2,220,1
18.1,56.59,69.8,0.2,63.37,102.6,11.48,0.331,0,110,0
4.0,65.11,79.44,0.362,67.82,67.52,21.75,0.526,0,110,0
31.5,85.72,105.51,0.831,210.24,398.64,22.79,0.943,2,110,1
7.0,73.98,41.37,0.751,66.8,106.32,11.41,0.337,1,500,0
15.4,92.21,106.16,0.568,145.69,243.04,23.82,1.202,0,110,1
22.6,51.44,112.76,0.653,107.29,353.65,30.85,1.034,1,500,1
23.2,88.74,89.65,0.646,167.5,265.33,22.66,1.707,1,220,1
23.3,88.49,81.89,0.847,46.61,127.88,18.89,0.664,0,110,1
15.3,57.29,82.49,0.731,25.94,159.21,5.06,0.889,0,220,0
21.9,45.13,64.9,0.576,102.42,170.35,19.62,0.701,2,110,1
28.8,83.22,100.37,0.995,191.0,226.58,18.18,1.345,2,220,1
14.2,100.0,97.42,0.817,221.79,118.45,20.85,1.917,5,110,1
5.3,79.5,100.0,0.967,46.35,71.6,16.06,0.657,1,220,0
15.9,61.44,74.21,0.676,59.54,244.85,18.46,0.375,0,220,0
22.3,92.59,93.8,0.663,,234.24,16.43,1.428,3,110,1
21.1,54.13,90.2,0.647,95.02,175.51,21.22,1.27,3,110,1
21.3,56.58,73.27,0.365,70.05,74.69,7.13,0.222,1,110,0
16.1,67.77,75.08,0.566,69.55,284.1,5.1,0.538,1,110,1
21.1,57.02,60.95,0.586,41.83,154.5,9.34,0.995,0,110,0
23.2,58.01,98.34,0.532,35.4,160.78,14.7,0.965,3,110,1
21.4,64.91,66.57,0.345,37.57,122.8,17.98,1.141,0,110,0
7.9,61.26,76.43,0.714,35.23,93.29,8.14,0.295,1,500,0
29.5,75.77,97.86,0.523,84.93,118.33,8.77,0.664,3,220,1
11.6,59.14,73.4,0.92,171.97,80.0,26.15,1.51,4,110,1
8.8,77.85,85.78,0.794,121.83,118.65,14.97,0.854,1,220,0
13.6,65.04,60.92,0.583,45.47,193.73,14.81,0.766,1,110,1
9.4,69.13,92.73,0.852,151.17,332.72,30.04,1.265,4,220,1
11.2,77.37,88.6,0.528,95.05,301.58,10.92,1.774,3,110,1
16.9,62.81,56.21,1.0,59.97,164.09,21.71,1.27,0,110,1
6.2,52.13,,0.729,109.5,149.26,20.27,1.021,0,500,1
13.2,75.33,56.7,0.538,31.31,23.96,12.39,0.512,1,110,0
22.3,49.56,105.0,0.898,65.03,151.37,15.38,0.681,0,110,1
24.4,68.63,58.31,0.32,103.08,167.45,6.11,0.448,0,110,0
11.4,46.67,78.35,0.732,7.96,70.27,15.25,0.575,2,500,0
12.2,99.06,73.19,0.65,162.9,267.06,10.0,2.087,1,110,1
2.5,62.47,41.78,0.771,67.95,108.48,5.47,0.806,0,220,0
16.7,65.32,54.44,0.381,23.41,84.66,13.62,0.485,4,220,0
27.0,87.46,74.93,1.0,70.68,253.57,39.38,1.56,3,110,1
17.9,58.75,60.23,0.768,61.9,47.86,7.87,0.593,1,500,0
17.0,72.71,66.58,0.593,75.44,174.0,20.99,1.032,1,220,1
5.8,56.01,58.71,0.659,94.41,190.21,10.7,0.903,0,110,1
15.1,56.53,99.62,0.803,34.07,192.83,15.92,1.151,3,110,1
7.7,67.85,61.71,0.391,71.33,29.59,26.64,1.002,0,220,0
17.1,69.63,35.0,0.383,75.31,55.58,20.01,0.608,1,500,0
5.9,57.85,61.03,0.518,37.47,138.98,14.19,0.581,4,220,0
18.6,54.6,72.99,0.473,127.92,63.45,13.93,0.701,1,110,1
19.0,74.94,63.96,0.676,111.01,63.45,17.09,,0,110,0
14.6,85.71,68.55,0.385,62.42,145.66,13.15,0.57,0,110,0
10.7,30.0,82.89,0.591,52.34,122.07,3.0,0.574,0,500,0
1.1,61.35,52.3,0.582,64.01,193.63,16.85,0.926,0,110,0
7.4,52.0,53.09,0.425,25.73,129.95,23.37,0.727,1,110,0
13.7,68.45,,0.732,111.52,244.27,27.14,1.755,6,220,1
7.7,61.95,74.74,0.54,66.55,105.23,24.72,0.685,0,110,0
14.5,54.69,94.09,0.577,89.49,40.5,15.92,1.039,0,110,0
10.2,74.13,59.78,0.506,46.81,136.94,3.0,0.449,1,220,0
22.9,71.77,76.74,0.99,10.05,15.0,22.63,0.618,1,110,0
19.6,50.64,82.91,0.816,76.3,103.91,15.86,1.024,1,110,1
4.1,41.36,74.33,0.804,74.7,139.95,3.0,0.654,0,110,0
25.7,80.78,90.13,0.699,141.54,257.13,10.0,1.606,5,220,1
15.7,52.91,77.92,0.561,36.95,66.72,9.91,0.372,0,110,0
17.8,54.89,75.31,0.618,62.17,86.82,14.22,0.335,1,110,0
14.0,59.52,75.23,0.456,60.62,154.91,6.45,0.742,0,110,0
13.8,50.69,72.09,0.415,168.83,256.05,26.03,0.603,0,110,1
24.8,63.32,71.68,0.62,128.56,178.03,19.37,0.634,1,110,1
3.4,50.75,75.42,0.691,13.0,132.0,16.31,1.324,0,500,0
3.7,54.98,41.92,0.481,26.38,179.0,29.5,0.49,2,110,0
2.6,53.86,56.59,0.659,67.27,66.29,18.03,0.376,1,220,0
23.3,65.4,74.27,0.699,87.99,176.63,25.28,0.421,3,220,1
20.0,31.54,50.39,0.511,61.75,116.18,3.99,0.968,0,110,0
23.2,55.08,37.01,0.691,76.06,42.52,17.75,0.694,0,220,0
9.2,38.75,78.0,0.666,90.27,43.46,13.41,0.61,1,220,0
12.6,68.51,64.76,0.799,64.7,121.53,14.81,1.021,2,220,1
23.7,49.08,63.45,0.81,41.05,157.44,9.78,1.031,0,220,0
23.3,57.9,104.43,0.806,119.28,230.72,25.1,0.905,3,220,1
9.1,68.09,62.23,0.918,96.92,215.49,24.38,2.009,3,220,1
1.8,70.47,89.54,0.731,67.89,101.28,13.73,0.378,0,110,0
5.6,69.72,59.76,0.433,34.05,137.31,4.39,0.527,2,220,0
22.9,61.78,65.39,0.547,113.54,233.54,14.65,1.365,2,500,1
4.6,81.28,64.86,0.596,43.8,76.45,14.9,0.386,0,110,0
6.9,68.83,105.0,0.532,113.29,236.66,35.35,0.802,1,110,1
5.3,80.24,57.84,0.824,61.82,246.82,26.57,0.903,2,110,1
17.1,42.36,65.5,0.546,74.97,176.23,17.75,0.519,0,110,0
24.4,67.03,70.51,0.95,48.3,188.33,9.56,0.54,1,500,0
24.4,49.86,74.13,0.432,68.25,150.76,19.23,0.332,1,220,0
23.2,69.66,44.35,0.628,52.51,55.56,15.1,0.901,0,220,0
12.4,51.04,64.91,0.865,133.78,150.13,18.59,1.992,1,220,1
15.4,71.03,58.17,0.613,68.52,159.35,17.06,0.67,1,110,0
6.3,43.31,73.73,0.72,37.91,175.94,23.05,0.724,1,110,0
1.7,54.48,50.16,0.2,76.98,147.45,21.57,0.495,1,110,0
16.2,68.44,80.57,0.448,75.53,233.39,23.11,1.424,2,220,1
10.6,68.08,52.79,0.78,36.42,127.85,26.01,1.137,0,500,0
20.4,65.13,70.01,0.997,87.58,210.92,21.13,1.029,4,110,1
10.0,90.0,92.67,0.592,48.27,95.38,20.04,0.599,1,110,0
16.7,65.16,,0.656,79.13,189.66,6.77,0.766,2,500,1
7.2,46.94,60.38,0.99,10.91,144.38,18.76,0.905,1,220,0
24.6,66.32,68.68,0.837,49.43,165.15,20.31,1.106,3,500,1
22.4,74.67,57.37,0.578,36.41,172.66,14.06,0.775,0,220,0
19.4,50.95,73.02,0.583,16.36,198.8,18.7,0.49,2,220,0
24.5,82.64,79.64,0.597,109.76,126.27,28.0,0.921,2,220,1
26.6,71.13,85.81,0.709,128.19,339.78,28.73,1.768,2,220,1
6.2,58.61,78.51,0.491,56.31,184.38,20.9,1.454,0,110,1
20.5,30.0,67.08,0.815,46.46,96.47,20.58,0.456,2,220,0
13.0,49.57,81.83,0.696,90.41,225.44,26.18,1.215,2,500,1
6.7,62.29,83.23,0.619,92.11,120.57,9.64,0.182,1,110,0
11.9,71.49,73.43,0.782,104.95,355.51,35.68,1.063,4,110,1
16.3,64.92,63.92,0.709,58.48,113.53,15.46,0.687,2,110,0
3.0,53.51,76.19,0.632,92.79,103.6,8.96,0.457,0,110,0
9.1,72.21,75.78,0.899,36.76,79.58,9.53,0.722,0,110,0
28.6,55.54,91.3,0.494,85.91,213.02,8.69,1.199,0,220,1
7.0,54.44,70.07,0.715,47.2,174.46,7.03,0.829,0,220,0
14.5,56.27,94.48,0.773,67.61,167.38,5.26,0.689,0,110,0
29.3,61.58,80.71,0.864,162.03,292.82,25.47,0.835,4,110,1
16.1,81.9,74.0,0.866,72.23,219.17,10.23,1.306,0,220,1
6.6,57.49,83.47,0.693,59.18,159.04,8.5,0.283,2,110,0
25.3,50.82,69.55,0.411,77.45,163.72,27.21,0.732,1,110,1
20.7,69.58,81.92,0.818,135.88,257.43,13.72,1.558,2,110,1
14.9,65.35,66.23,1.0,95.84,115.85,12.97,1.482,1,110,1
29.3,72.4,66.13,0.766,101.37,216.87,21.88,0.604,2,220,1
23.8,74.34,61.79,0.838,61.41,217.07,28.04,1.199,2,220,1
24.5,64.94,89.13,0.259,65.37,119.85,5.0,1.058,1,500,1
3.1,68.61,63.27,0.99,36.28,127.43,19.03,0.725,0,110,0
20.6,53.3,83.3,0.745,29.18,123.0,15.12,0.639,1,110,0
4.5,76.97,55.77,0.596,79.8,23.98,18.76,0.783,0,110,0
1.6,51.94,56.0,0.912,14.51,159.74,15.79,0.331,0,220,0
4.8,69.11,99.6,0.822,40.51,43.01,8.85,0.693,1,110,0
12.8,70.84,78.38,0.489,93.98,141.73,21.11,,0,110,0
13.1,78.22,74.03,0.491,108.04,148.27,29.39,0.345,1,110,1
11.9,65.15,52.73,0.441,20.89,240.95,19.74,0.577,1,110,0
20.7,69.68,64.06,0.474,23.84,164.83,9.34,0.165,1,110,0
2.2,33.89,63.94,0.605,74.78,57.93,17.17,0.635,0,110,0
3.1,64.86,67.86,0.697,49.04,77.78,12.33,0.322,0,220,0
9.5,55.31,75.74,0.953,64.85,143.31,16.24,0.911,2,110,1
23.2,59.87,82.88,0.471,54.68,123.0,9.2,0.674,1,220,0
10.2,60.5,91.43,0.558,129.85,134.78,13.66,1.393,3,220,1
12.8,61.56,67.36,0.457,98.0,230.18,7.56,0.538,1,220,1
9.7,48.49,90.32,0.757,53.92,74.77,20.68,0.1,0,220,0
10.7,75.09,67.6,0.769,66.67,132.52,10.46,0.477,2,220,0
24.1,74.58,58.04,0.351,46.95,137.74,14.35,0.412,0,110,0
22.1,68.85,62.52,0.527,72.25,75.07,9.85,0.454,1,220,0
17.9,60.42,60.19,0.596,30.88,130.64,8.9,0.711,0,110,0
15.6,60.03,68.57,0.803,22.22,121.12,14.57,0.524,2,110,0
20.4,60.28,55.66,0.876,52.08,59.42,17.35,0.623,2,220,0
18.8,61.1,79.48,0.623,9.53,73.49,8.39,0.574,0,220,0
23.6,70.81,95.45,0.773,68.76,223.18,25.27,1.992,1,220,1
19.3,64.44,61.96,0.868,94.52,210.11,19.93,1.749,5,110,1
12.5,72.34,96.63,0.7,227.78,194.95,21.4,1.578,7,220,1
13.7,83.35,65.38,0.728,47.18,105.53,5.38,0.592,1,110,0
4.6,52.25,58.1,0.83,37.39,105.46,15.19,0.495,1,220,0
14.9,79.54,91.86,0.774,84.28,359.52,35.94,0.822,1,110,1
2.3,56.03,51.99,0.549,55.44,39.59,15.85,0.741,2,110,0
7.8,67.96,64.89,0.622,41.52,132.39,3.77,0.988,1,220,0
15.1,78.48,78.84,0.656,99.27,210.56,25.49,1.111,0,110,1
13.8,62.3,55.39,0.674,57.13,62.27,17.49,1.174,2,500,1
10.9,68.67,75.21,0.571,58.37,15.0,19.55,0.738,0,220,0
26.9,59.82,91.46,0.708,59.87,243.27,29.81,1.335,1,110,1
19.8,,74.55,0.255,58.92,166.68,6.99,0.101,0,110,0
12.5,51.38,77.32,0.28,63.05,177.68,20.45,0.726,0,220,0
5.7,58.38,65.89,0.656,98.91,64.45,12.85,0.541,0,220,0
24.7,67.8,91.11,0.357,79.31,171.1,33.46,0.944,2,220,1
18.4,65.86,61.97,0.624,59.69,203.68,38.0,0.987,1,220,1
24.1,54.43,65.69,0.417,43.72,146.72,19.69,0.298,2,110,0
17.6,75.83,81.72,0.496,35.87,128.84,18.92,0.369,0,220,0
20.8,82.09,59.3,0.761,60.78,210.8,32.89,0.797,2,110,1
8.7,44.22,84.32,0.643,113.89,294.39,10.16,1.348,1,220,1
9.8,64.55,79.22,0.612,58.69,123.95,25.26,0.529,1,110,0
17.2,56.84,77.98,0.487,35.43,164.57,14.98,0.1,2,220,0
20.1,51.5,67.68,0.696,86.55,119.65,6.64,0.605,0,110,0
1.4,49.91,51.74,0.738,68.48,160.85,12.54,0.501,4,220,0
20.7,67.88,46.31,0.862,18.82,113.81,30.0,0.299,0,110,0
17.4,57.03,78.22,0.8,51.49,81.46,5.63,0.939,0,220,0
14.5,58.98,100.0,0.39,26.28,101.3,13.38,1.252,1,220,0
27.4,83.37,74.14,0.511,40.59,143.31,12.3,0.747,0,110,1
24.7,67.32,108.59,1.0,90.09,172.47,34.85,1.652,3,220,1
8.5,57.62,84.32,0.71,43.07,129.4,16.86,0.938,0,220,0
24.9,75.16,50.89,0.776,23.43,123.88,5.33,0.206,0,220,0
8.8,62.2,82.46,0.471,69.97,68.76,6.55,0.737,0,110,0
19.7,46.49,50.9,0.567,29.9,151.66,16.6,0.465,0,220,0
7.9,44.53,52.52,0.63,51.67,104.24,11.99,0.808,3,110,0
9.2,68.54,68.14,0.905,33.99,225.3,11.73,1.002,0,500,0
17.8,48.6,58.1,0.663,49.07,124.21,13.89,1.01,1,220,0
1.6,44.27,59.64,0.397,56.67,166.38,12.48,0.769,1,110,0
14.2,47.66,88.78,0.559,89.12,193.76,35.97,1.28,2,110,1
31.0,76.3,92.59,0.912,64.99,243.97,30.01,0.824,4,110,1
10.0,44.81,35.0,0.894,54.2,120.77,14.57,0.658,2,110,0
24.6,30.0,78.25,0.321,77.76,144.13,22.87,1.002,3,110,0
6.6,76.09,60.94,0.377,54.88,129.26,10.51,0.472,0,110,0
6.6,69.67,69.58,0.403,43.14,64.71,6.36,0.657,2,220,0
7.4,53.1,67.24,0.716,83.73,62.05,21.42,0.528,1,110,0
22.1,56.37,63.56,0.368,15.39,80.09,6.85,0.722,0,500,0
9.6,65.62,79.13,0.623,85.49,158.89,16.41,1.111,1,220,1
17.3,62.16,86.26,0.751,185.54,268.97,21.1,1.536,3,110,1
7.9,69.62,80.16,0.529,5.0,53.64,3.76,0.585,1,110,0
22.3,67.31,71.34,0.692,69.45,223.26,14.54,0.579,1,110,1
1.6,49.86,53.9,0.371,42.54,108.1,17.18,0.692,1,110,0
13.3,56.98,65.65,0.482,74.43,109.67,18.9,0.933,0,110,0
12.4,72.58,73.53,0.772,64.94,65.17,12.41,0.923,1,110,0
23.5,69.63,62.45,0.692,154.66,249.01,38.58,1.419,6,110,1
3.8,64.19,65.1,0.438,26.27,79.71,14.6,0.176,1,110,0
15.6,62.24,73.93,0.372,72.14,119.88,12.57,1.078,0,110,1
30.4,79.79,102.01,0.449,137.82,400.67,46.15,1.365,1,110,1
11.2,90.0,69.94,0.2,96.62,166.33,13.6,1.119,3,220,0
10.5,54.28,58.42,0.483,22.92,29.13,14.1,0.34,0,220,0
15.3,66.85,42.1,0.801,37.69,15.0,16.06,0.702,1,220,0
29.0,54.06,81.69,0.942,55.46,150.99,18.7,0.679,1,110,1
20.7,51.2,91.15,0.364,9.28,52.44,12.75,1.235,0,110,0
19.4,79.87,41.19,0.52,28.67,78.76,19.59,0.781,4,220,0
24.3,62.42,104.26,0.911,133.51,272.13,26.22,0.744,2,220,1
15.6,52.74,74.6,0.563,42.93,106.73,14.01,1.01,1,110,0
7.8,53.55,59.22,0.461,44.44,220.04,16.89,0.219,3,220,0
20.7,65.53,57.46,0.644,52.52,175.07,21.82,0.275,1,220,0
11.3,45.54,84.69,0.771,30.4,108.18,18.65,0.661,1,220,0
14.5,65.48,57.21,0.717,80.52,181.53,22.94,0.794,1,110,1
15.2,61.32,64.0,0.712,82.45,85.01,13.87,0.795,2,110,0
9.4,62.15,67.06,0.616,70.74,61.34,3.0,0.324,0,500,0
30.0,67.38,76.3,0.626,146.49,222.99,50.0,0.83,2,220,1
6.7,54.49,51.98,0.45,12.53,92.19,3.0,0.852,2,110,0
19.9,83.07,93.59,0.482,74.9,132.45,5.05,0.647,4,220,0
8.9,42.91,85.1,0.699,93.25,204.31,29.95,0.306,2,220,1
4.6,61.26,100.0,0.777,57.18,93.5,17.15,0.952,0,220,0
22.4,49.94,68.72,0.548,8.86,77.79,10.39,0.589,1,220,0
4.4,58.11,65.06,0.775,70.94,165.94,21.36,0.556,0,110,0
14.4,31.8,60.08,0.514,40.46,33.21,15.06,0.671,1,110,0
29.0,54.61,83.58,0.768,43.97,198.88,23.95,1.207,1,220,1
29.6,56.76,63.24,0.727,103.67,196.07,18.98,1.128,3,220,1
1.4,42.86,61.13,0.65,42.74,129.6,24.64,0.869,0,110,0
20.9,68.62,,0.493,73.09,195.16,15.26,0.766,1,220,0
8.3,90.93,70.59,0.656,77.72,167.57,,0.826,2,110,1
22.3,65.67,59.31,0.479,19.09,141.29,10.59,0.752,1,110,0
14.5,56.27,94.48,0.773,67.61,167.38,5.26,0.689,0,110,0
2.2,30.0,58.82,0.812,24.36,87.86,11.39,0.715,1,220,0
11.9,53.33,68.21,0.685,16.31,46.41,7.25,0.1,0,220,0
12.2,76.02,91.43,0.51,61.48,181.64,12.86,0.49,3,220,0
23.6,79.01,66.96,0.872,46.56,145.5,14.46,0.993,2,110,0
2.4,32.8,53.3,0.512,30.7,,15.94,0.45,1,110,0
18.5,47.44,72.66,0.566,69.3,122.14,13.04,0.365,0,220,0
6.3,65.59,76.32,0.654,36.36,175.1,18.54,0.711,1,500,0
16.9,83.11,86.9,0.954,189.25,351.81,20.55,2.197,2,220,1
10.4,87.55,79.09,0.418,28.79,54.5,22.19,0.75,0,110,0
22.5,58.49,64.52,0.472,148.61,98.42,19.57,1.312,5,110,1
13.4,67.43,84.11,0.492,5.0,74.65,10.13,0.709,2,220,0
23.4,49.29,58.35,0.987,70.45,96.0,19.91,0.42,0,220,0
23.4,63.24,43.5,0.769,53.5,55.93,13.82,0.694,1,110,0
29.6,69.54,74.08,0.516,107.93,112.75,19.69,1.104,1,110,1
23.7,52.71,49.12,0.5,5.0,143.53,7.66,1.304,0,110,0
12.5,46.38,66.1,0.401,12.7,89.15,23.88,0.278,2,220,0
10.8,61.36,65.26,0.738,80.28,163.64,12.74,0.79,2,110,1
16.3,38.5,62.17,0.364,48.9,101.33,27.85,0.363,1,500,0
8.8,54.46,91.22,0.894,42.87,171.23,13.51,0.898,1,110,0
24.4,39.96,69.33,0.438,40.94,58.44,12.73,0.142,1,110,0
12.0,53.42,81.37,0.483,45.42,246.35,16.3,1.456,2,110,1
11.9,75.46,35.21,0.336,65.05,164.3,9.61,0.68,2,110,0
25.0,58.76,89.47,0.806,54.94,143.9,14.42,0.713,2,220,0
29.4,86.52,84.3,0.663,123.94,350.45,23.34,0.714,2,110,1
12.6,60.12,77.79,0.869,95.5,155.22,17.41,0.46,0,220,0
21.5,51.01,68.95,0.637,42.66,163.72,11.87,0.496,1,110,0
20.6,47.97,54.44,0.746,28.73,86.15,20.35,0.435,1,500,0
9.2,90.0,67.96,0.475,56.66,87.12,4.39,0.686,0,110,0
14.6,81.21,97.78,0.741,99.89,283.06,25.62,2.072,4,110,1
14.9,43.58,90.74,0.882,53.88,15.0,3.0,0.479,0,110,0
17.4,69.5,58.92,0.649,64.3,145.88,33.39,0.682,1,110,1
28.3,71.59,95.43,1.0,62.22,295.88,35.34,1.241,3,500,1
15.4,46.64,56.34,0.813,5.0,106.21,28.57,0.906,0,110,0
22.9,65.87,93.2,0.699,55.05,154.16,10.79,0.621,0,110,0
7.1,56.72,70.83,0.81,63.59,153.35,5.53,0.962,1,110,1
21.7,59.79,59.3,1.0,35.4,181.59,17.6,0.966,3,220,1
18.0,74.94,76.26,0.539,80.1,172.34,21.57,0.702,2,220,1
21.8,66.59,87.75,0.585,26.37,183.38,7.92,0.1,1,220,0
2.3,51.0,73.64,0.62,55.13,15.0,11.26,0.328,1,110,0
3.9,55.33,47.01,0.72,49.7,163.72,21.41,0.542,0,110,0
14.3,78.93,86.97,0.806,139.88,343.73,47.11,0.683,7,220,1
18.4,46.62,67.59,0.348,69.81,237.37,23.62,1.351,3,110,1
24.4,55.69,74.21,0.681,66.06,213.77,5.0,1.043,0,110,1
24.0,65.6,72.24,0.34,48.34,126.57,19.09,0.892,1,220,0
22.1,67.29,106.11,0.878,125.18,247.19,10.0,1.77,6,220,1
7.8,39.27,88.21,0.565,18.65,136.63,14.29,0.748,0,500,0
5.0,45.69,87.13,0.378,50.13,92.93,11.52,0.623,0,110,0
12.8,85.4,72.63,0.69,49.91,136.07,17.38,0.43,2,220,0
24.1,37.97,69.35,0.88,36.07,64.64,12.31,0.501,1,110,0
16.3,64.57,61.93,0.394,65.7,113.6,14.69,0.474,1,220,0
15.3,80.76,79.02,0.411,32.56,53.4,22.07,0.79,1,110,0
16.0,73.88,90.88,0.731,95.35,291.7,12.74,1.155,3,500,1
12.7,47.46,87.4,0.659,42.21,129.28,18.43,0.323,0,110,0
8.7,73.2,87.23,0.791,40.61,308.15,39.44,0.616,2,110,1
5.2,65.45,93.18,0.616,66.92,129.1,21.71,0.575,2,220,1
23.9,35.37,71.35,0.801,74.6,104.08,3.05,0.84,2,110,0
15.5,35.49,46.94,0.712,43.59,15.0,23.64,0.429,0,220,0
8.8,66.13,92.4,0.636,136.47,146.24,43.94,1.109,0,220,1
16.3,44.39,66.83,0.754,47.96,40.28,13.36,0.774,0,220,0
25.0,91.15,92.35,0.744,167.08,129.07,32.31,1.687,4,220,1
21.9,66.3,76.33,0.622,22.73,46.28,11.82,0.833,1,220,0
19.5,50.85,75.99,0.64,70.21,131.41,20.97,0.791,0,110,0
8.9,45.0,86.7,0.815,157.24,234.96,27.2,1.553,2,110,1
4.6,56.9,72.73,0.545,51.75,72.78,6.52,1.014,0,220,0
11.1,72.57,51.5,0.605,56.13,242.17,18.53,0.729,1,110,1
6.2,54.42,53.44,0.447,63.75,119.94,17.97,0.403,1,110,0
14.8,73.96,75.51,0.822,143.24,377.27,15.72,1.212,3,110,1
7.6,65.31,68.56,0.636,38.95,199.02,16.28,0.909,2,110,0
26.0,59.66,65.6,0.77,91.79,171.07,18.69,1.121,0,110,1
11.8,55.12,100.0,0.727,53.54,99.02,18.99,0.323,2,220,0
15.8,71.64,95.93,0.691,164.86,124.21,43.06,1.883,1,110,1
13.8,68.01,75.53,0.752,129.94,125.51,15.28,0.823,1,110,1
11.1,56.45,58.82,0.742,89.85,112.63,12.9,0.357,1,500,0
23.2,69.0,82.76,0.833,71.68,152.68,17.34,0.933,1,220,1
17.2,34.34,63.85,0.811,74.61,73.21,24.92,0.372,0,110,0
31.2,67.12,92.47,0.919,94.02,404.34,14.0,1.431,7,220,1
29.1,77.93,80.48,0.747,40.51,233.89,19.86,1.306,2,110,1
15.4,55.6,82.28,0.38,85.13,146.69,18.41,1.282,2,110,1
24.7,75.77,74.95,0.64,95.73,290.51,29.07,0.586,2,110,1
18.9,70.66,80.65,0.82,81.27,83.84,28.65,1.534,3,110,1
16.8,57.78,47.05,0.548,59.2,38.19,10.88,0.857,0,110,0
20.3,72.64,75.31,0.504,19.12,93.53,11.66,0.631,1,500,0
21.3,53.28,67.03,0.641,75.41,108.47,10.8,0.73,4,110,0
16.3,50.04,71.86,0.459,98.11,146.53,18.29,0.486,1,110,0
18.4,61.3,60.25,0.744,21.58,28.25,3.75,0.105,2,110,0
27.4,88.29,92.68,0.473,64.39,253.56,38.35,1.629,5,110,1
6.0,67.87,69.33,0.644,75.26,130.48,19.82,0.576,0,110,0
19.0,48.06,66.33,0.464,5.0,125.85,8.41,0.77,0,110,0
12.0,69.05,68.33,0.394,63.17,39.52,12.85,0.696,0,110,0
21.8,58.14,62.29,0.417,6.23,98.62,16.95,0.969,0,110,0
5.9,65.47,38.97,0.535,73.35,30.99,9.89,0.736,0,110,0
25.3,64.36,70.9,0.52,50.7,226.2,20.63,0.84,3,220,1
16.5,68.81,,0.602,34.91,61.53,21.4,0.602,0,110,0
16.3,36.4,62.47,0.593,46.64,83.96,12.24,0.529,0,110,0
12.8,71.79,73.21,0.697,105.55,186.38,22.59,1.222,2,220,1
21.9,37.63,49.59,0.743,19.55,102.21,20.26,1.033,2,110,0
17.4,56.99,56.75,0.444,61.24,138.66,6.67,1.008,1,110,0
10.3,71.83,90.92,0.59,73.98,201.54,36.66,1.743,2,110,1
15.1,74.11,100.69,0.659,40.69,314.35,31.79,1.815,3,500,1
21.3,52.05,69.68,0.459,72.68,208.19,19.3,0.786,0,110,1
12.8,73.1,65.49,0.77,137.4,332.98,26.7,0.957,1,220,1
8.3,90.93,70.59,0.656,77.72,167.57,,0.826,2,110,1
8.9,45.0,86.7,0.815,157.24,234.96,27.2,1.553,2,110,1
12.9,82.47,72.47,0.959,93.85,178.62,25.61,1.361,1,110,1
8.3,61.15,63.81,0.7,52.86,134.23,6.24,0.677,0,220,0
12.4,64.82,67.86,0.766,45.46,103.21,7.86,0.352,1,220,0
27.8,77.76,59.16,0.581,75.62,134.21,27.47,0.771,4,110,1
5.5,50.54,83.8,0.65,40.7,126.46,22.97,0.597,0,220,0
29.8,52.72,81.33,0.522,53.35,216.7,19.33,1.565,1,110,1
28.1,71.63,84.01,0.787,84.07,259.44,36.63,1.523,2,110,1
18.3,52.84,60.43,0.59,64.81,112.86,11.97,0.629,0,500,0
19.9,80.66,64.32,0.681,42.75,103.48,12.1,0.509,1,220,0
14.4,74.29,61.45,0.389,89.87,79.43,18.69,0.634,0,220,0
14.1,80.28,75.63,0.851,133.02,139.58,22.65,1.338,2,110,1
13.5,68.85,69.07,0.338,43.63,151.0,15.98,0.499,2,220,0
19.9,78.33,78.46,0.737,80.46,192.67,18.27,1.27,0,110,1
20.9,89.94,89.92,0.694,103.88,335.74,28.41,1.275,4,220,1
15.3,34.33,75.21,0.58,5.0,85.23,14.01,0.773,3,220,0
24.7,42.84,62.37,0.662,93.46,143.38,10.94,0.514,0,110,0
15.5,46.2,45.42,0.45,30.7,72.57,3.0,1.025,1,220,0
14.7,80.05,70.6,0.64,137.85,359.9,10.0,1.093,3,110,1
18.2,33.94,86.02,0.632,66.86,94.84,14.65,0.397,2,220,0
19.3,61.56,81.11,0.895,84.28,114.43,8.41,0.495,1,110,0
17.6,74.68,68.27,0.619,86.08,127.99,17.99,0.452,0,110,0
23.4,68.64,76.92,0.533,15.43,113.47,11.27,1.218,0,220,0
13.2,54.02,71.03,0.536,86.96,162.01,33.95,0.945,3,110,1
4.2,46.8,55.62,0.44,43.43,172.39,11.71,0.361,0,110,0
30.7,84.26,96.88,0.582,170.94,349.54,28.43,1.516,1,110,1
3.0,63.81,63.71,0.552,69.94,140.74,13.07,0.597,2,220,0
23.8,65.75,55.14,0.495,60.75,104.98,4.2,0.768,2,220,0
1.1,85.64,87.29,0.603,76.32,164.85,14.6,0.442,4,500,0
8.9,92.75,93.49,0.703,116.0,181.38,18.25,2.146,9,220,1
21.7,71.35,75.0,0.887,69.92,100.02,22.29,0.976,2,110,1
17.3,65.2,70.61,0.599,37.43,87.83,15.97,0.625,0,110,0
19.2,66.3,53.5,0.608,88.93,15.0,20.22,0.477,1,110,0
14.5,64.61,84.54,0.805,34.84,40.8,22.18,0.527,0,220,0
15.3,44.02,73.82,0.579,67.78,96.94,26.27,0.823,3,110,1
7.1,56.69,92.44,0.636,39.51,117.82,6.78,0.1,0,110,0
16.3,62.98,61.27,0.749,77.86,157.0,25.13,0.722,0,110,0
19.3,61.88,68.14,0.43,92.21,164.2,21.34,1.076,1,110,1
20.8,54.34,44.01,0.617,74.29,127.71,9.99,0.534,0,110,0
14.7,46.52,40.45,0.521,68.98,158.06,19.16,0.905,1,110,0
15.5,61.98,62.09,0.201,36.86,147.92,25.71,0.378,0,110,0
31.4,80.56,95.26,0.723,131.5,254.36,26.85,0.574,4,110,1
20.0,62.99,69.42,0.486,86.48,67.82,21.38,0.41,0,220,0
14.2,62.6,75.59,0.614,62.24,128.52,9.1,1.02,1,220,1
18.7,61.25,88.31,0.699,64.45,176.66,18.08,1.068,1,110,1
24.3,90.0,85.59,0.797,20.12,140.5,14.39,0.281,0,110,0
2.7,64.96,87.39,0.656,58.8,23.93,19.17,0.821,0,110,0
27.9,79.8,111.41,0.635,106.79,261.25,44.85,1.798,2,220,1
10.0,99.2,105.45,1.0,73.9,170.59,39.91,1.588,5,110,1
23.7,53.9,63.01,0.521,80.94,209.73,9.18,0.622,1,500,0
13.7,56.31,81.21,0.743,82.13,110.6,14.59,0.11,2,220,0
23.3,57.9,104.43,0.806,119.28,230.72,25.1,0.905,3,220,1
2.2,48.41,60.78,0.686,61.08,116.61,3.0,0.785,1,220,0
13.3,81.21,84.06,0.827,97.14,192.78,32.5,1.695,4,220,1
17.7,71.0,62.42,0.95,100.41,135.54,10.17,0.982,0,220,0
4.7,52.64,59.63,0.732,43.46,148.57,20.53,0.763,2,220,0
24.5,74.99,68.5,1.0,150.46,292.39,19.17,0.924,4,220,1
2.6,37.94,71.52,0.477,58.87,46.61,18.3,0.144,1,220,0
16.9,58.21,60.68,0.393,38.88,78.98,18.57,0.687,1,500,0
26.6,73.82,100.31,0.791,48.57,100.06,21.74,1.091,2,110,1
7.4,73.04,72.99,0.619,99.57,118.1,15.51,0.596,2,110,1
13.9,69.61,67.87,0.624,76.17,217.27,14.47,0.592,2,110,1
15.8,56.37,86.24,0.583,58.7,165.84,17.72,0.899,0,220,0
28.1,69.73,88.16,0.89,127.07,157.89,21.26,0.602,1,110,1
19.6,65.8,80.77,0.3,152.3,292.34,29.85,1.632,2,110,1
20.8,58.63,72.67,0.552,46.99,136.66,24.88,0.684,0,110,0
9.7,48.49,90.32,0.757,53.92,74.77,20.68,0.1,0,220,0
2.4,46.05,58.18,0.459,44.27,141.25,8.38,0.193,3,110,0
7.2,60.49,77.25,0.882,89.54,232.55,17.56,1.456,1,110,1
26.8,63.14,80.2,0.707,134.35,294.62,46.68,1.371,1,110,1
11.3,85.67,75.58,0.479,59.71,44.36,17.7,0.419,3,220,0
10.7,63.12,60.3,0.741,81.09,145.57,16.63,1.229,3,220,1
10.3,57.77,82.46,0.975,30.96,117.25,11.99,0.435,0,110,0
12.3,67.16,91.06,0.734,115.85,227.27,9.8,0.375,2,110,1
8.1,50.43,67.52,0.557,55.15,15.0,9.94,0.754,0,110,0
29.0,73.5,73.47,0.77,62.07,198.2,17.52,0.741,2,220,1
13.4,81.62,84.8,0.739,106.47,289.96,19.5,1.738,2,110,1
29.7,77.91,77.8,0.729,70.34,323.4,8.15,0.945,1,110,1
21.5,58.13,84.76,0.359,93.94,36.74,19.53,0.624,0,220,0
11.6,44.63,58.45,0.724,71.09,59.46,3.0,0.1,0,110,0
22.3,59.08,74.31,0.56,6.63,145.99,11.82,0.729,0,220,0
21.1,54.13,90.2,0.647,95.02,175.51,21.22,1.27,3,110,1
1.1,56.05,80.34,0.784,86.83,59.38,18.02,0.646,1,220,0
12.0,63.84,57.8,0.576,72.9,141.67,16.11,0.34,2,110,0
23.9,76.78,82.06,0.751,58.43,198.43,6.36,0.365,2,110,1
23.2,58.87,76.82,0.41,15.0,151.43,22.7,0.859,1,220,1
15.3,76.19,67.92,0.653,5.0,48.36,19.65,0.383,2,500,0
9.2,70.52,83.68,0.639,86.29,191.93,21.38,0.34,1,110,0
12.6,55.35,90.21,0.75,108.26,154.24,16.15,0.857,3,110,1
22.6,57.69,70.97,0.847,27.01,134.02,10.73,0.163,2,220,0
16.6,65.78,72.16,0.855,88.71,172.85,23.15,0.431,1,110,0
23.9,60.14,77.38,0.721,95.62,113.88,13.19,0.724,0,220,0
23.4,69.34,55.22,0.685,50.33,148.82,8.38,0.863,1,110,0
22.1,44.11,63.48,0.478,86.56,15.0,17.29,0.674,0,220,0
18.3,50.19,66.83,0.618,68.82,180.9,21.77,0.716,2,110,1
11.3,54.57,78.71,0.443,66.0,204.11,11.87,0.838,1,220,0
28.0,72.19,41.01,0.733,70.19,264.89,27.12,0.655,2,220,1
15.8,72.53,84.15,0.545,115.91,86.79,17.8,1.058,1,110,1
12.3,79.28,57.53,0.625,86.04,110.22,17.82,0.64,1,110,0
28.9,69.88,85.34,0.53,54.36,139.04,13.8,1.481,0,220,1
23.0,54.22,81.76,0.785,19.43,182.68,24.39,0.518,1,110,0
6.3,58.61,73.43,0.852,46.55,105.09,21.64,0.685,2,220,0
2.8,74.18,84.75,0.753,44.51,101.0,25.38,0.1,1,220,0
8.4,57.78,70.95,0.716,16.09,103.47,8.82,0.35,1,110,0
23.5,76.61,77.53,0.59,36.18,62.33,13.34,1.06,1,220,0
8.4,56.8,91.93,0.66,9.16,115.58,10.34,0.545,2,110,0
1.7,56.65,72.0,0.746,78.38,176.34,23.45,0.862,1,110,0
14.7,85.92,92.99,0.968,73.12,56.32,18.95,0.912,3,220,1
12.6,49.96,61.88,0.465,5.0,114.82,3.38,0.67,0,110,0
24.6,79.95,73.43,1.0,148.96,366.07,10.0,1.077,3,110,1
23.9,45.66,72.71,0.9,76.75,112.98,23.71,0.539,0,110,0
22.9,69.96,81.16,0.463,5.0,97.64,7.95,1.096,1,110,0
8.1,47.8,72.43,0.573,86.03,121.23,14.0,0.524,0,110,0
15.6,62.54,68.34,0.572,74.59,61.27,9.04,0.634,1,110,0
9.0,68.82,75.69,0.269,5.0,28.38,8.3,0.719,2,110,0
5.0,56.21,69.12,0.496,34.08,131.19,11.49,0.985,0,110,0
8.6,64.94,59.75,0.216,91.11,239.22,12.3,0.743,3,110,1
22.9,38.42,65.16,0.564,100.87,95.87,17.86,0.853,0,220,0
21.2,58.81,78.63,0.593,82.97,158.9,10.52,1.345,0,110,0
12.1,58.32,92.14,0.511,77.49,114.04,6.01,0.796,1,110,1
8.9,69.4,86.51,0.543,64.86,21.53,16.09,0.642,1,220,0
22.1,63.9,91.68,0.871,93.79,143.88,20.19,0.482,1,220,0
24.0,60.08,73.9,0.629,119.0,47.93,6.72,0.382,0,110,0
7.7,57.68,63.97,0.945,5.0,198.15,13.54,0.911,1,110,0
16.6,63.96,59.3,0.461,17.37,192.07,22.85,0.665,1,110,0
22.9,58.88,64.93,0.725,36.35,39.25,16.14,0.604,0,110,0
2.8,58.24,85.69,0.701,93.5,108.49,7.67,0.442,1,500,0
19.5,80.84,65.62,0.51,62.49,153.69,27.62,1.364,3,220,1
27.1,76.2,73.92,0.732,48.57,128.99,15.7,0.419,2,220,1
17.1,64.39,72.33,0.702,41.35,109.66,19.76,0.834,0,500,1
9.3,75.73,62.34,0.434,43.15,196.42,16.06,0.726,3,500,0
20.7,87.83,78.28,0.868,49.51,155.17,9.31,0.668,0,110,0
9.7,83.47,63.06,0.99,48.26,50.47,20.89,0.667,1,110,0
22.0,76.1,65.1,0.435,107.21,152.65,16.57,1.143,1,110,1
18.4,46.62,67.59,0.348,69.81,237.37,23.62,1.351,3,110,1
20.2,70.83,50.71,0.853,32.15,63.89,24.15,0.54,1,110,0
13.0,61.2,49.68,0.741,85.31,76.04,10.18,0.584,0,110,0
23.3,70.99,81.96,0.64,76.42,123.1,13.51,0.236,2,110,0
19.0,67.23,73.89,0.956,38.2,91.1,3.83,0.652,2,110,0
22.1,69.5,93.07,0.831,84.96,182.69,22.79,0.964,2,220,1
3.3,53.96,46.35,0.558,47.9,77.08,26.58,1.006,1,220,0
6.9,68.83,105.0,0.532,113.29,236.66,35.35,0.802,1,110,1
1.5,58.34,42.61,0.814,5.0,152.77,18.94,0.98,1,110,0
10.9,63.03,52.13,0.442,61.81,92.52,21.05,0.681,1,110,0
2.1,68.57,64.92,0.502,46.65,210.13,17.81,0.683,1,110,0
16.9,39.46,67.46,0.553,62.01,181.06,17.95,0.465,2,220,0
11.7,42.94,60.63,0.538,17.43,32.21,8.32,0.876,1,500,0
20.8,81.19,57.54,0.585,46.48,90.23,9.48,0.978,1,110,0
1.7,39.53,88.47,0.665,10.68,77.25,17.14,0.482,0,220,0
15.3,76.42,80.31,0.339,162.17,290.95,16.85,0.864,7,110,1
29.4,73.73,87.22,0.992,179.18,308.66,30.22,1.484,2,110,1
15.2,96.99,96.43,0.433,120.27,196.89,17.64,1.207,1,110,1
20.6,89.56,104.63,0.543,113.19,209.83,19.21,1.173,2,110,1
15.3,76.6,66.81,0.705,61.55,20.22,5.42,1.003,3,110,0
11.2,84.75,88.58,0.679,121.57,356.06,33.29,1.055,4,220,1
16.1,41.46,63.36,0.317,89.54,160.03,11.73,0.529,3,220,0
16.6,53.59,52.89,0.525,43.93,68.11,11.98,0.438,3,220,0
9.9,62.33,69.29,0.743,59.09,141.59,20.77,0.34,3,500,0
1.4,53.65,38.13,0.505,41.98,88.82,16.2,0.219,0,110,0
11.5,48.27,43.02,0.303,59.89,80.81,20.06,0.876,1,500,0
29.2,49.97,82.98,0.616,68.08,177.38,21.4,0.528,3,110,1
24.6,30.0,78.25,0.321,77.76,144.13,22.87,1.002,3,110,0
12.2,54.79,70.0,0.476,36.04,64.43,5.55,0.296,1,220,0
4.6,54.77,53.49,0.798,36.85,30.29,8.12,0.528,0,500,0
3.7,70.77,68.95,0.529,35.2,111.94,16.54,0.625,1,110,0
5.0,55.65,83.04,0.854,81.81,160.23,20.86,1.181,1,220,0
3.2,60.79,70.94,0.64,20.08,179.39,18.31,0.308,0,110,0
11.1,68.91,72.67,0.347,95.45,160.32,10.43,1.032,0,220,1
14.0,57.99,85.08,0.924,90.78,160.62,16.15,1.551,1,110,1
26.4,66.06,77.69,0.724,117.31,233.24,25.9,1.609,2,220,1
17.3,71.7,61.62,0.747,73.79,171.85,24.6,1.212,2,110,1
20.3,49.73,66.16,0.514,51.24,16.14,15.59,0.402,1,110,0
17.3,61.98,77.59,0.695,68.58,33.83,15.49,0.535,1,500,0
17.7,33.64,71.78,0.99,61.1,106.84,12.53,0.433,3,110,0
19.3,44.37,62.66,0.713,20.77,136.88,16.93,0.791,1,110,0
5.1,48.76,60.08,0.627,30.61,42.05,17.03,1.098,1,220,0
9.4,58.4,40.77,0.424,76.77,88.67,14.4,0.767,0,220,0
31.1,69.51,74.27,0.673,96.86,189.79,44.81,0.865,2,110,1
6.7,49.27,78.23,0.644,62.76,98.89,25.22,0.703,0,110,0
25.2,75.18,76.13,0.57,58.79,259.45,14.24,1.091,2,110,1
18.4,49.78,68.85,0.8,35.87,182.17,17.05,0.562,0,220,0
23.0,71.45,64.55,0.485,5.0,129.1,10.36,0.138,1,220,0
13.1,65.32,81.17,0.615,37.8,139.45,3.76,0.795,1,110,0
5.0,68.0,63.9,0.476,22.85,160.59,14.97,0.444,2,220,0
21.1,55.43,59.89,0.843,59.23,167.01,17.01,0.19,2,220,0
18.5,79.71,77.33,0.621,93.91,223.07,19.56,0.894,4,110,1
10.3,52.87,59.72,0.809,69.61,109.11,11.59,0.605,1,500,0
10.2,90.22,93.76,0.574,77.86,227.29,16.03,0.815,0,500,1
9.1,50.21,74.71,0.459,69.96,143.25,20.25,0.938,3,110,1
20.5,70.52,78.69,0.907,71.7,174.14,25.69,1.011,2,110,1
15.3,68.66,62.65,0.687,45.4,120.39,3.3,0.118,1,220,0
25.6,55.7,89.11,0.487,214.49,232.19,34.48,1.205,0,220,1
16.3,83.4,99.4,0.754,51.71,166.7,26.01,0.2,1,110,1
31.8,54.41,89.86,0.675,128.85,223.98,33.92,1.498,3,500,1
14.1,58.96,60.54,0.514,67.17,15.0,11.0,0.319,0,110,0
18.7,73.01,76.01,0.582,5.0,57.07,21.35,0.582,1,110,0
8.7,56.78,76.19,0.244,55.59,15.0,10.36,0.168,1,220,0
21.8,57.11,73.06,0.717,90.61,83.1,9.66,0.822,0,220,0
10.8,41.6,56.82,0.689,18.34,98.43,14.23,0.58,2,500,0
20.5,74.77,74.47,0.895,83.63,122.95,23.32,1.25,1,220,1
14.5,68.27,35.0,0.604,17.65,125.55,18.79,0.669,1,220,0
5.9,61.23,93.06,0.638,51.41,78.4,19.49,0.435,4,220,0
5.3,66.73,75.07,0.895,94.57,160.02,31.55,1.019,0,500,1
22.3,72.46,48.03,0.854,95.04,87.14,9.06,0.839,1,220,0
16.4,55.53,86.97,0.408,53.04,85.85,11.54,0.703,4,220,0
16.1,51.86,51.01,0.807,42.62,101.36,15.9,0.594,0,110,0
5.1,52.32,71.09,0.731,64.82,227.89,19.02,0.718,1,220,1
2.4,46.31,94.6,0.99,47.91,91.46,17.65,0.682,2,500,0
26.3,75.14,65.12,0.387,70.89,182.22,11.04,1.033,3,500,1
3.0,56.76,38.73,0.932,45.06,149.33,9.79,0.455,1,220,0
12.6,63.78,58.56,0.592,40.26,83.8,18.55,0.185,1,110,0
20.8,59.12,70.51,0.627,90.19,120.25,18.97,1.122,1,220,0
12.2,39.09,74.56,0.637,78.41,73.25,18.76,1.08,1,110,0
21.1,59.64,71.57,0.795,89.48,148.5,21.06,0.726,2,220,1
21.4,64.36,59.63,0.525,5.0,148.22,14.95,0.313,0,500,0
10.3,59.51,82.03,0.593,75.35,58.08,24.52,0.369,1,110,1
3.4,59.14,62.14,0.555,26.7,157.11,7.65,0.825,1,110,0
24.2,75.78,50.47,0.241,120.01,166.67,18.03,1.03,1,220,1
25.8,65.04,73.43,0.811,78.82,193.97,15.19,1.065,2,220,1
4.6,71.38,51.7,0.686,22.58,108.81,14.04,0.588,0,110,0
25.9,87.64,88.35,0.8,94.9,315.62,21.62,1.525,2,110,1
14.3,78.69,89.72,0.593,65.4,159.06,21.69,1.736,2,110,1
