月均用电量,用电波动率,平均账期,历史违约次数,客户星级,行业类型,合同容量,入网年限,是否违约
2264.0,0.129,34.6,0,3,1,87.1,10.7,0
12148.0,0.096,29.0,1,4,2,80.6,4.7,0
10743.0,0.302,10.0,3,4,0,24.2,14.5,1
2559.0,0.159,26.7,3,4,1,31.4,5.8,1
22269.0,0.241,20.2,0,4,0,100.1,14.8,0
9633.0,0.247,25.3,1,4,1,217.9,16.6,0
18286.0,0.129,5.0,0,4,0,182.5,13.5,0
11683.0,0.373,40.7,2,4,1,41.1,9.0,1
8894.0,0.176,34.0,0,3,2,111.6,18.9,0
11202.0,0.31,31.2,2,2,1,154.6,15.0,1
14352.0,0.145,16.4,1,3,0,115.0,2.2,0
9740.0,0.327,33.3,0,3,0,57.9,18.8,0
3259.0,0.334,40.1,2,1,0,299.9,9.3,1
20909.0,0.157,22.0,0,5,1,155.9,7.7,0
2003.0,0.05,19.5,0,4,0,139.7,6.8,0
4571.0,0.194,36.0,0,4,3,68.5,16.5,0
17207.0,0.111,32.3,1,4,0,65.6,12.0,0
4287.0,0.321,15.5,1,3,0,583.8,24.2,0
,0.199,70.0,0,2,0,90.4,12.7,1
5846.0,0.371,22.9,1,5,1,229.1,,0
10460.0,0.172,27.1,0,2,1,158.3,18.3,1
20897.0,0.313,24.8,2,3,0,,19.4,0
5264.0,0.347,45.7,2,2,1,31.8,12.9,1
10110.0,0.125,33.9,0,3,0,271.3,11.8,0
18119.0,0.02,22.2,0,2,1,54.2,9.9,0
3303.0,0.278,35.6,0,4,1,171.0,13.0,0
40719.0,0.231,20.1,0,4,2,270.8,10.1,0
7057.0,0.246,58.0,4,4,1,82.0,2.6,1
4186.0,0.02,32.6,1,3,3,65.0,2.3,0
,0.137,26.1,0,4,0,173.8,24.8,0
35268.0,0.237,9.4,1,4,2,398.3,24.9,0
4881.0,0.178,30.5,2,5,2,501.7,16.8,0
3029.0,0.305,54.2,2,1,0,210.2,19.8,1
2967.0,0.117,8.5,0,4,0,96.6,13.1,0
9581.0,0.144,11.6,0,2,0,263.2,9.3,0
17800.0,0.135,26.9,1,4,0,93.5,4.1,0
7826.0,0.289,28.6,1,3,0,65.0,11.0,0
3051.0,0.248,,0,4,2,24.4,24.7,0
1908.0,0.189,36.6,2,4,1,84.8,5.7,0
17236.0,0.02,36.3,2,2,1,156.6,9.9,0
1001.0,0.276,39.1,1,4,0,333.6,11.2,0
4526.0,0.457,27.9,3,2,0,261.2,4.5,1
10295.0,0.097,50.3,0,2,2,54.8,9.7,1
13542.0,0.141,41.2,2,3,1,204.9,19.8,1
2618.0,0.178,60.2,4,3,0,182.0,2.0,1
14504.0,0.376,39.4,1,3,0,263.1,22.5,0
7482.0,0.139,,0,3,0,67.6,20.4,0
7120.0,0.355,61.2,1,2,0,163.6,19.0,1
5366.0,0.441,58.3,1,3,1,82.7,2.4,1
2298.0,0.324,31.5,2,4,0,176.8,15.1,0
3351.0,0.203,44.9,3,4,1,189.5,16.2,1
11267.0,0.345,41.1,0,5,2,122.1,5.8,0
3906.0,0.258,32.2,2,2,0,56.7,15.7,1
4525.0,0.176,38.1,1,5,1,381.9,9.9,0
14847.0,0.175,27.5,2,2,3,285.1,18.7,1
8902.0,0.152,32.7,0,4,2,22.2,16.7,0
6474.0,0.405,66.6,1,4,0,339.4,10.9,1
4799.0,0.175,31.8,0,4,1,442.7,3.7,0
13232.0,0.133,28.1,0,4,1,523.6,24.7,0
13996.0,0.195,9.6,0,4,1,162.7,15.2,0
13155.0,0.199,19.4,0,4,0,99.4,11.3,0
2294.0,0.113,15.1,2,3,0,346.9,11.2,0
5817.0,0.313,49.1,3,1,1,134.2,8.5,1
8188.0,0.078,30.4,0,4,0,,12.7,0
5183.0,0.192,19.0,0,3,1,213.8,6.9,0
20220.0,0.339,36.3,2,4,1,174.2,13.3,1
12520.0,0.445,22.4,3,3,1,96.5,16.0,0
9622.0,0.287,21.9,1,2,1,140.0,11.9,0
14817.0,0.305,49.8,1,4,0,78.0,4.8,1
9179.0,0.324,27.9,1,4,3,179.2,9.3,0
27428.0,0.277,39.5,0,4,0,109.1,5.6,0
9183.0,0.274,30.7,3,3,1,130.8,20.4,1
7795.0,0.143,24.9,0,4,3,59.8,6.5,0
6111.0,0.074,31.1,0,3,2,171.1,14.9,0
10794.0,0.231,25.2,2,1,0,157.8,2.7,1
4525.0,0.212,12.9,1,3,0,78.2,17.6,0
9364.0,0.247,28.6,1,3,0,194.9,3.2,0
19402.0,0.129,,1,2,3,51.4,17.0,0
12302.0,0.23,15.1,1,2,0,176.0,5.0,0
5090.0,0.289,48.3,1,4,1,123.6,18.6,1
1477.0,0.112,14.7,1,3,0,169.3,11.8,0
,0.381,23.8,2,2,2,231.0,11.0,1
5247.0,0.391,42.0,1,2,0,35.4,11.4,1
4155.0,0.074,36.3,0,4,0,20.0,10.6,0
13443.0,0.099,36.9,0,4,1,229.3,19.0,0
7119.0,0.294,30.0,1,3,3,149.0,15.8,1
19792.0,0.087,32.1,1,3,1,37.3,7.8,0
4282.0,0.358,37.1,3,2,1,232.6,16.0,1
9865.0,0.047,47.9,1,3,0,283.3,2.9,1
16415.0,0.144,36.0,0,4,0,128.2,9.5,0
6167.0,0.02,10.3,1,3,2,104.5,11.3,0
19447.0,0.054,36.2,0,5,1,54.1,6.1,0
10791.0,0.182,15.2,1,5,1,91.3,5.0,0
8507.0,0.039,9.9,1,5,1,194.0,12.4,0
8216.0,0.068,20.3,3,2,1,65.2,11.2,0
7818.0,0.282,17.1,0,2,1,113.6,14.1,0
3660.0,0.22,26.6,1,3,0,108.1,9.1,0
24888.0,,40.5,0,1,1,323.0,15.2,1
15174.0,0.066,17.9,1,4,1,145.8,9.3,1
9441.0,0.259,40.0,2,4,2,,1.3,1
4454.0,0.31,30.8,1,2,1,24.5,16.2,0
10352.0,0.106,31.1,1,3,3,81.7,24.0,0
2000.0,0.216,25.8,1,4,1,116.0,17.8,1
7316.0,0.144,31.1,1,2,0,65.8,22.7,0
4677.0,0.262,5.3,0,4,0,106.1,6.2,0
10886.0,0.067,28.9,1,4,1,148.6,10.9,0
1235.0,0.054,35.8,1,5,1,337.0,16.4,0
4933.0,0.424,38.5,0,3,3,254.2,13.5,0
5553.0,0.202,40.4,5,3,3,47.7,10.5,1
12552.0,0.02,28.7,1,3,1,119.9,11.2,0
3768.0,0.031,52.9,0,2,3,165.7,5.3,1
3932.0,0.303,43.9,0,3,1,241.8,11.5,0
3945.0,0.226,47.5,0,3,0,389.6,10.9,0
9192.0,0.125,33.5,2,3,0,20.0,8.4,1
10874.0,0.105,29.3,2,4,3,239.6,12.2,0
27552.0,0.129,35.3,1,3,1,215.8,14.3,0
9898.0,0.02,11.6,1,4,1,55.2,5.8,0
20809.0,0.138,35.6,2,3,0,116.3,12.4,0
,0.354,27.2,0,2,2,90.8,10.2,0
16276.0,0.359,23.5,0,4,0,31.4,8.7,0
18786.0,0.357,13.2,0,2,1,138.3,8.5,0
19767.0,0.197,49.1,3,2,3,161.1,17.3,1
16313.0,0.091,29.1,0,4,2,88.3,19.5,0
1047.0,0.233,21.3,3,3,3,76.8,13.5,1
3786.0,0.02,14.8,2,2,1,146.1,13.6,0
2270.0,0.224,32.0,1,3,1,160.1,22.4,0
17728.0,0.226,27.7,0,3,0,81.2,17.7,0
,0.259,26.9,3,3,1,205.0,17.1,1
17373.0,0.294,5.0,0,4,2,244.1,2.6,0
8026.0,0.265,36.0,1,3,1,58.9,1.3,1
24466.0,0.111,9.8,0,3,1,55.4,19.2,0
1616.0,0.083,11.9,1,4,2,262.3,2.5,0
7756.0,0.246,31.4,2,2,1,226.9,2.4,0
9010.0,0.132,35.0,1,2,0,20.8,12.9,1
7027.0,0.297,29.7,0,2,1,48.0,5.0,0
1617.0,0.373,47.1,0,4,0,140.4,6.7,1
9622.0,0.287,21.9,1,2,1,140.0,11.9,0
2986.0,0.192,,2,3,0,159.2,3.1,0
41104.0,0.249,33.5,0,3,1,81.8,16.4,0
,0.389,28.1,1,2,0,230.9,2.5,1
10067.0,0.196,23.8,0,5,1,189.2,19.3,0
7627.0,0.08,32.2,3,3,0,24.7,7.4,1
24692.0,0.181,17.7,2,5,1,361.3,,0
10239.0,0.027,6.9,1,4,2,295.9,7.1,0
3267.0,,27.9,0,5,2,57.6,17.4,0
8097.0,0.299,35.5,2,4,2,276.3,19.1,1
1073.0,0.09,20.2,0,3,2,119.1,22.8,0
7082.0,0.45,27.4,1,5,1,127.1,18.6,0
17488.0,0.334,,0,4,0,318.0,17.9,0
4785.0,0.122,20.3,1,4,0,72.6,22.6,0
9900.0,0.277,7.1,2,4,0,698.9,9.7,0
7755.0,0.233,34.2,0,5,0,20.0,8.3,0
1738.0,0.18,21.0,0,3,3,100.4,16.8,0
18530.0,0.23,33.2,2,1,1,241.1,14.1,1
7319.0,0.239,24.9,1,5,1,130.7,16.8,0
7650.0,0.09,26.5,0,4,2,316.4,15.0,0
10629.0,0.335,29.9,0,4,0,61.9,11.6,0
5304.0,0.052,17.5,1,5,0,61.2,20.0,0
8288.0,0.052,27.0,1,5,0,294.7,8.6,0
10389.0,0.132,22.6,3,3,1,259.8,4.4,1
8504.0,,46.4,1,4,2,55.4,9.8,0
15638.0,,7.4,1,4,1,86.2,18.2,0
7644.0,0.296,16.1,0,4,1,50.9,8.2,0
17721.0,0.158,48.0,3,1,0,109.2,11.3,1
10325.0,0.143,20.3,1,2,2,383.3,22.1,0
22875.0,0.18,31.8,0,4,0,101.5,16.2,0
15993.0,0.106,7.1,1,3,3,357.5,8.3,0
6441.0,0.143,25.5,1,2,0,408.6,23.9,0
6862.0,0.18,9.9,0,5,0,165.0,8.4,0
5506.0,0.242,35.3,2,4,1,34.3,15.9,0
1627.0,0.141,38.8,3,2,2,143.3,18.2,1
12599.0,0.282,53.2,3,4,1,315.9,15.9,1
3338.0,0.292,7.3,1,3,0,270.4,6.6,0
12804.0,0.077,17.2,0,5,0,155.3,20.2,0
9524.0,0.146,5.0,1,2,1,87.4,10.8,0
7904.0,0.278,38.7,2,2,1,181.6,18.9,1
12128.0,0.192,32.8,0,2,1,30.5,1.3,1
19827.0,0.246,39.8,1,4,1,154.8,8.5,0
2366.0,0.248,12.4,1,4,1,135.8,12.6,0
11483.0,0.111,41.1,0,4,3,79.4,23.5,0
2773.0,0.429,39.8,2,2,0,133.6,10.4,1
60104.0,0.213,28.3,0,2,1,47.6,11.0,0
500.0,0.227,41.5,0,3,1,106.5,9.9,0
18647.0,0.193,23.8,1,5,0,188.3,3.6,0
2353.0,0.327,18.5,1,4,0,89.1,24.7,0
12927.0,0.021,14.1,0,2,0,352.3,4.3,0
13030.0,0.3,25.9,1,4,1,36.6,20.3,0
3645.0,0.161,15.4,0,4,1,85.9,11.7,0
8744.0,0.278,21.1,0,2,1,226.8,18.7,0
943.0,0.183,34.1,0,2,1,135.2,14.0,0
3726.0,0.15,31.4,0,4,0,114.6,6.6,0
9976.0,0.376,59.9,0,3,1,144.0,10.5,1
13908.0,0.192,28.0,0,5,1,429.2,8.1,0
1782.0,0.417,37.4,3,2,1,20.0,3.7,1
3369.0,0.138,38.7,0,1,2,79.1,13.3,1
13964.0,0.259,5.0,0,4,2,58.5,12.2,0
20412.0,0.234,46.4,0,4,0,338.4,9.4,0
17356.0,0.431,30.0,2,2,0,188.5,22.7,0
32764.0,0.181,34.3,1,2,1,148.5,17.5,0
,0.302,43.0,0,2,1,67.0,20.3,1
8908.0,0.348,10.0,1,4,0,104.5,4.8,1
6345.0,0.335,28.3,0,5,1,155.6,8.9,0
955.0,0.128,29.6,0,2,0,322.2,16.7,0
,0.418,27.0,1,1,3,68.7,3.1,1
4987.0,0.083,21.1,1,3,2,170.0,21.8,0
3803.0,0.269,13.3,0,4,0,58.2,2.3,0
24501.0,0.2,35.7,2,3,1,143.2,18.5,0
26068.0,0.153,31.2,1,4,1,203.7,14.3,0
6067.0,0.176,36.0,1,3,0,269.3,20.1,0
1922.0,0.243,29.4,1,3,2,128.1,10.9,0
6572.0,0.13,28.4,0,4,0,91.2,20.8,0
26071.0,0.378,38.0,4,3,1,322.8,18.9,1
6136.0,0.183,36.4,1,2,1,106.1,14.8,1
10020.0,0.289,48.1,3,2,1,137.5,21.6,1
3544.0,0.316,6.1,0,3,1,78.7,5.0,0
19528.0,0.36,30.4,0,4,1,117.4,3.6,0
8546.0,0.137,33.9,1,2,1,84.7,20.3,0
8986.0,0.442,39.4,3,2,2,195.0,7.9,1
14092.0,0.177,44.7,3,2,1,154.9,7.9,1
748.0,0.251,26.9,1,5,0,105.8,17.3,0
6572.0,0.122,9.6,0,3,1,186.9,24.4,0
9065.0,0.371,17.6,0,3,0,101.2,21.1,0
16612.0,0.155,44.0,1,2,1,55.1,4.6,1
6083.0,0.308,13.7,0,4,1,255.9,12.9,0
4278.0,0.113,37.4,0,3,1,358.7,13.4,0
16035.0,0.165,36.4,0,3,1,174.4,5.5,0
3631.0,0.281,14.1,5,3,1,146.1,16.2,1
8898.0,0.02,26.5,0,5,3,269.0,10.1,0
7529.0,0.323,18.0,1,3,1,86.9,12.2,0
1739.0,0.141,20.3,2,1,2,171.1,12.9,1
8890.0,0.127,15.1,0,4,3,43.6,11.5,0
14837.0,0.02,5.0,0,4,0,86.8,7.9,0
12776.0,0.324,20.1,0,5,1,102.5,17.9,0
11370.0,0.078,10.0,3,4,2,350.7,7.2,1
5369.0,0.435,26.5,1,1,1,74.3,18.0,1
28181.0,0.06,21.1,1,4,0,200.6,18.0,0
10410.0,0.028,23.1,1,3,1,132.8,23.0,0
5779.0,0.308,42.3,1,4,1,255.1,14.1,1
12165.0,0.313,15.9,1,4,2,130.0,4.4,1
13242.0,0.113,19.7,0,3,0,163.9,8.3,0
3903.0,0.238,29.5,1,3,0,85.4,,1
3850.0,0.159,18.6,0,4,1,149.8,4.6,0
11055.0,0.151,38.8,1,4,0,303.5,21.3,1
8166.0,0.204,31.8,0,4,2,,6.1,0
8877.0,0.175,13.8,1,5,0,93.1,9.2,0
10910.0,0.134,31.2,2,2,1,469.8,1.6,1
7307.0,0.227,19.3,2,1,1,110.4,19.1,1
12640.0,0.031,31.8,1,5,1,33.3,3.0,0
,0.26,53.1,3,3,1,148.1,15.8,0
7945.0,0.211,31.7,0,2,0,182.3,15.2,0
4847.0,0.158,19.4,1,4,1,45.8,12.8,0
7329.0,0.174,22.5,0,3,0,55.2,24.7,0
23231.0,0.112,45.8,1,3,3,145.2,22.8,0
2475.0,0.192,18.7,1,4,0,34.2,17.6,1
4919.0,0.146,36.2,1,2,1,67.7,10.2,0
6447.0,0.185,33.8,1,3,2,249.1,4.4,0
3529.0,0.401,62.1,3,2,1,95.0,16.8,1
11797.0,0.18,20.2,0,3,0,239.5,,1
10214.0,0.152,22.1,0,3,0,230.3,19.9,0
8960.0,0.148,12.4,1,2,3,81.4,3.3,0
10761.0,0.02,22.7,0,4,0,122.3,3.2,0
30293.0,0.048,45.6,0,5,1,71.5,6.1,0
9844.0,0.347,55.5,0,1,0,126.5,19.9,1
6890.0,0.153,20.4,0,4,1,196.6,10.0,0
14641.0,0.228,31.5,0,4,1,186.3,9.4,0
5138.0,0.02,22.6,1,4,0,223.7,4.5,0
25645.0,0.087,25.8,0,3,3,149.4,10.7,0
5728.0,0.376,23.0,0,4,1,51.2,23.7,0
9811.0,0.111,10.4,1,3,1,20.0,12.5,1
37651.0,0.193,23.2,0,3,2,52.1,5.7,0
12436.0,0.208,23.8,1,2,0,257.8,8.1,0
14857.0,0.02,27.0,2,4,0,38.4,20.9,0
18306.0,0.237,40.7,0,2,3,200.6,21.2,1
5851.0,0.272,38.8,3,1,1,135.3,8.2,1
12624.0,0.252,14.0,0,4,0,52.9,21.7,0
7608.0,0.346,29.6,2,1,0,221.7,21.8,1
8890.0,0.263,24.4,0,3,0,49.4,9.0,0
10511.0,0.02,7.2,0,2,1,306.3,5.4,0
4865.0,0.342,,3,3,1,257.2,1.4,1
14554.0,0.262,33.0,0,4,2,101.6,15.8,0
3197.0,0.199,33.2,1,3,1,498.2,24.1,0
3188.0,0.283,21.2,0,2,1,28.4,4.0,0
1913.0,0.167,19.6,1,4,1,65.1,18.6,0
18937.0,0.042,21.7,1,3,0,174.5,15.0,0
8426.0,0.092,33.5,1,4,0,56.3,5.6,0
9010.0,0.162,18.1,0,3,0,207.0,8.7,0
11719.0,0.245,44.9,1,3,0,102.8,8.5,1
26540.0,0.121,45.7,1,2,1,186.8,17.9,1
9900.0,0.277,7.1,2,4,0,698.9,9.7,0
,0.293,36.1,1,5,2,53.4,23.1,0
7053.0,0.097,31.7,1,3,1,95.8,14.8,0
26503.0,0.132,34.1,1,4,0,156.4,6.7,0
6093.0,0.349,24.1,1,4,0,105.6,14.7,0
12811.0,0.049,14.8,0,5,2,168.0,21.6,0
11869.0,0.13,25.4,2,3,1,52.3,16.2,0
1157.0,0.304,50.7,3,2,1,99.8,20.1,1
3146.0,0.324,23.4,1,1,3,20.0,17.7,1
5167.0,0.106,15.1,2,3,1,71.0,5.2,0
28598.0,0.117,13.8,0,3,3,580.3,16.0,0
18596.0,0.236,60.9,2,1,3,221.0,18.7,1
2681.0,0.036,25.9,3,1,0,87.8,7.4,1
6934.0,0.479,24.7,2,4,0,103.5,8.7,1
10414.0,0.199,19.1,1,3,3,249.9,4.0,1
26509.0,0.178,30.2,0,5,1,26.0,17.4,0
3996.0,0.02,18.4,0,3,0,306.6,19.6,0
6650.0,0.217,45.2,1,4,1,327.4,11.0,1
1535.0,0.184,17.6,1,5,2,146.9,9.7,0
10786.0,,25.4,1,4,2,203.5,16.3,1
12586.0,0.261,17.5,2,4,1,20.0,22.9,0
5812.0,0.248,19.3,0,3,1,104.2,16.6,0
11848.0,0.142,35.2,2,3,0,241.4,18.9,0
36882.0,0.329,26.6,2,4,0,135.4,14.4,0
5203.0,0.119,28.8,1,4,1,188.0,17.9,0
7132.0,0.163,33.7,0,2,1,128.2,24.0,0
4296.0,0.02,36.7,0,2,1,180.5,1.6,1
5310.0,0.081,26.0,0,4,0,331.4,23.1,0
23078.0,0.401,23.1,1,4,1,99.5,11.5,1
13325.0,0.043,15.7,0,5,1,101.8,10.7,0
2734.0,0.143,28.0,0,3,1,253.0,14.4,0
10666.0,0.172,24.9,0,4,1,45.6,11.5,0
10805.0,0.155,16.3,0,2,1,71.5,12.8,0
7591.0,0.02,17.3,0,3,1,63.0,6.3,0
9403.0,0.181,34.5,0,2,0,34.0,,0
8375.0,0.246,40.7,2,2,0,146.9,2.7,1
29435.0,0.174,59.6,4,4,1,183.8,19.6,1
4830.0,0.222,18.7,1,2,1,129.2,10.1,0
850.0,0.182,32.2,1,2,1,206.6,14.3,0
10689.0,0.16,36.3,1,4,1,273.9,12.6,1
8162.0,0.02,40.1,0,4,1,,24.0,0
4122.0,0.475,58.4,2,3,1,83.5,3.1,1
17642.0,0.179,48.5,0,3,1,235.9,2.0,1
26043.0,0.122,28.8,1,4,0,151.1,8.3,0
13847.0,0.352,36.6,1,4,1,358.6,20.8,1
3496.0,0.316,24.6,0,4,0,90.3,13.7,0
10084.0,0.208,31.4,0,2,1,540.9,10.2,1
17455.0,0.19,29.6,1,3,2,241.8,17.0,0
,0.023,11.7,0,4,0,20.0,19.3,0
,0.032,22.0,1,2,2,222.1,11.1,0
3165.0,0.059,32.1,1,4,1,80.9,14.0,0
25892.0,0.18,32.6,1,4,0,153.6,8.7,0
15402.0,0.103,35.5,0,4,1,186.8,10.3,0
15474.0,0.146,55.1,0,1,0,53.4,11.7,1
13644.0,0.243,40.9,1,3,1,485.5,9.9,1
7829.0,0.118,16.7,0,4,2,270.3,24.7,0
8207.0,0.177,33.6,2,2,0,90.3,10.2,1
10990.0,0.079,12.9,0,3,0,69.0,6.0,0
2014.0,0.49,14.8,2,1,3,53.5,17.3,1
20648.0,0.026,25.3,2,4,1,117.8,18.6,0
6637.0,0.315,28.5,0,2,0,143.7,17.8,1
7576.0,0.299,33.0,2,4,1,255.1,8.2,0
11950.0,0.125,24.5,1,5,3,251.9,4.4,0
6672.0,0.286,42.5,2,2,0,28.9,10.9,1
5400.0,0.341,50.4,1,3,0,343.8,6.0,1
3856.0,0.298,35.3,3,3,2,49.4,6.9,0
41640.0,0.051,30.0,1,2,1,52.1,23.7,0
16362.0,0.195,8.0,1,3,1,70.9,22.7,0
7829.0,0.176,31.2,0,4,0,142.3,22.1,0
791.0,0.13,13.2,0,2,1,48.3,2.6,0
9785.0,0.3,36.8,0,4,1,60.8,22.2,0
657.0,0.132,27.0,1,4,3,246.1,20.7,0
3660.0,0.22,26.6,1,3,0,108.1,9.1,0
10295.0,0.353,28.1,0,3,0,190.5,13.0,0
16199.0,0.262,18.3,1,4,1,74.4,1.1,1
23899.0,0.103,46.6,1,3,1,28.4,10.7,1
8993.0,0.275,10.4,3,2,1,80.5,24.8,0
4647.0,0.264,16.6,0,4,2,128.6,24.7,0
9632.0,0.215,27.2,1,1,1,169.3,12.0,1
6572.0,0.202,42.3,1,4,1,149.1,19.9,0
14958.0,0.196,39.3,3,3,0,94.6,11.3,0
8880.0,0.157,44.1,3,3,1,164.3,10.6,1
5836.0,0.205,9.1,0,3,0,132.0,6.1,0
8137.0,0.313,24.7,1,4,0,21.0,6.5,0
16562.0,0.233,29.3,0,3,0,130.0,23.6,0
5152.0,0.253,11.6,1,4,1,673.9,11.9,0
24337.0,0.02,29.2,0,5,2,149.5,8.1,0
2735.0,0.079,5.9,0,2,2,20.2,15.0,0
5834.0,0.02,26.3,1,4,1,181.6,18.5,0
16529.0,0.109,37.9,0,3,2,651.4,9.0,0
6379.0,0.158,47.2,1,4,3,104.2,8.5,1
11342.0,0.139,15.1,0,2,0,196.1,5.0,0
6319.0,0.181,24.1,0,4,1,83.1,11.2,0
19806.0,0.177,33.3,2,1,1,214.4,8.2,1
17412.0,0.317,25.7,2,3,0,43.5,,1
7069.0,0.136,25.4,1,3,0,98.1,8.9,0
3476.0,0.276,29.5,0,4,1,85.5,19.1,0
41291.0,0.05,15.2,0,5,0,41.3,9.3,0
18556.0,0.093,36.3,0,4,0,106.0,20.6,0
5221.0,0.347,17.6,0,3,1,77.0,16.1,0
8405.0,0.184,24.8,0,2,3,23.7,24.3,0
3817.0,0.02,29.1,1,1,3,20.0,3.7,1
933.0,0.121,27.6,0,2,1,217.3,18.0,0
4903.0,0.23,23.2,0,4,1,174.9,6.7,0
18218.0,0.223,35.0,2,3,1,110.3,3.3,1
11127.0,0.165,48.4,3,3,2,52.8,14.7,1
6578.0,0.168,22.6,2,5,3,,3.5,0
13920.0,0.204,40.9,1,3,0,90.8,20.5,0
835.0,0.02,23.2,0,4,1,113.7,12.2,0
5444.0,0.27,31.6,1,4,1,60.6,9.0,1
15723.0,0.126,8.8,0,2,0,210.4,12.4,0
7958.0,0.277,25.6,1,4,0,226.3,23.7,0
4503.0,0.161,5.0,0,2,1,147.9,5.9,0
6463.0,0.355,24.9,2,4,1,198.0,4.0,0
10997.0,0.068,27.9,1,4,0,112.0,1.7,1
1126.0,0.021,36.8,0,4,0,72.0,16.4,0
3665.0,0.234,25.1,1,2,0,126.5,6.5,1
21697.0,0.109,24.2,0,3,2,246.4,8.1,0
13680.0,0.109,19.6,0,4,2,168.0,14.3,0
8802.0,0.21,32.8,3,2,3,294.6,21.7,1
13191.0,0.105,22.7,2,4,0,28.8,15.8,0
4363.0,0.343,32.4,1,3,2,20.0,18.6,0
13284.0,0.237,29.7,4,4,1,110.2,21.6,1
9710.0,0.236,15.7,1,4,1,171.4,2.6,0
11878.0,0.067,34.2,1,3,3,264.2,16.4,0
7692.0,0.269,27.0,0,2,1,272.3,24.1,0
9515.0,0.389,33.7,2,2,1,72.0,,1
3752.0,,33.9,0,4,2,57.1,17.6,1
6978.0,0.092,29.8,0,3,0,392.0,24.9,0
21616.0,0.185,13.5,0,4,0,113.3,2.4,0
2426.0,0.197,24.3,1,2,0,289.5,20.1,1
14567.0,0.352,46.2,4,1,1,109.5,16.2,1
23048.0,0.295,17.9,3,4,2,227.0,4.6,0
24224.0,0.052,55.0,1,5,0,24.7,13.2,0
10138.0,0.108,41.4,0,4,1,103.9,13.6,0
8120.0,0.255,28.9,1,2,2,29.5,19.5,1
1913.0,0.027,22.1,0,5,1,71.7,8.5,0
2049.0,0.302,11.0,2,3,1,38.5,15.9,1
18148.0,0.144,30.1,1,4,3,155.8,23.4,0
4195.0,0.197,5.0,0,3,1,314.6,9.5,0
11445.0,0.139,31.1,0,2,2,124.4,12.4,0
13094.0,0.204,29.3,2,4,3,97.6,2.4,0
8913.0,0.208,17.2,0,4,1,104.4,15.4,0
9403.0,0.312,15.6,2,1,1,20.0,15.3,1
8414.0,0.318,61.9,3,1,0,61.0,2.5,1
17860.0,0.147,26.8,0,3,2,290.4,24.8,0
26567.0,0.296,22.5,0,3,1,59.9,15.3,0
16262.0,0.301,22.0,0,5,0,38.9,21.8,0
3559.0,0.293,37.6,0,3,3,103.0,7.2,0
3642.0,0.209,40.1,0,4,1,65.3,18.6,1
5316.0,0.305,35.9,0,2,0,63.4,7.9,0
7012.0,0.314,28.3,4,1,2,333.0,1.2,1
,0.22,16.0,0,4,1,82.2,5.9,0
14671.0,0.148,37.6,1,4,0,180.0,16.2,0
9631.0,0.043,35.7,1,4,3,43.1,4.1,1
18722.0,0.074,28.6,1,3,1,39.8,8.9,0
8540.0,0.421,15.6,0,3,3,20.0,18.6,0
10073.0,0.235,28.1,1,5,0,46.3,2.8,0
2188.0,0.235,25.0,0,5,0,20.0,9.6,0
12194.0,0.275,17.0,2,4,1,130.6,10.7,1
,0.333,38.7,1,4,2,70.9,16.7,1
22075.0,0.235,40.6,2,4,2,299.3,9.0,0
5784.0,0.389,25.9,0,5,1,288.3,2.1,0
2772.0,0.099,10.5,1,4,0,320.4,24.1,0
1897.0,0.02,46.7,2,4,0,186.5,16.1,1
9204.0,0.248,28.8,0,4,0,154.3,3.9,0
19296.0,0.177,15.5,0,4,0,150.8,9.0,0
2192.0,0.353,23.4,1,2,3,334.5,5.9,1
4470.0,0.267,31.6,3,3,0,192.2,21.7,0
1219.0,0.106,37.0,0,3,0,135.2,24.0,0
6143.0,0.264,11.9,1,2,1,173.3,7.6,0
12178.0,0.353,22.6,3,3,1,49.0,6.6,1
13924.0,0.084,28.5,0,4,1,110.6,10.5,0
3738.0,0.38,28.3,0,4,0,622.8,15.4,1
4485.0,0.26,12.3,1,3,1,114.1,4.9,1
1972.0,0.097,44.8,2,3,0,66.2,15.5,1
12927.0,0.362,36.6,0,3,1,140.1,3.4,1
2862.0,0.34,13.0,4,2,3,37.6,8.8,1
8268.0,0.106,28.5,1,2,2,140.7,13.1,0
2925.0,0.575,65.4,3,3,1,76.8,21.7,1
5553.0,0.202,40.4,5,3,3,47.7,10.5,1
21703.0,0.104,33.4,0,4,0,169.6,2.0,0
15230.0,0.308,58.6,1,1,0,144.7,13.6,1
3462.0,0.25,32.9,1,3,2,92.3,4.5,0
28064.0,0.095,24.9,1,3,3,103.4,10.1,0
9336.0,0.338,28.8,2,2,1,42.0,14.4,1
4092.0,0.168,41.5,0,4,2,51.7,5.6,0
882.0,0.516,42.0,1,3,1,62.3,2.9,1
22267.0,0.263,5.0,0,3,1,379.4,21.6,0
5151.0,0.236,40.7,0,4,1,82.1,9.7,0
17750.0,0.332,29.9,2,2,1,165.1,15.1,1
5174.0,0.385,40.0,2,3,3,191.2,18.7,1
5608.0,0.225,10.0,0,2,1,178.9,11.9,1
4557.0,0.238,48.7,0,2,0,99.0,10.2,0
3198.0,0.3,24.7,0,5,3,122.1,20.6,0
16076.0,0.23,30.9,1,1,2,149.2,5.5,1
9639.0,0.585,50.4,2,2,0,180.0,9.9,1
9246.0,0.235,39.9,0,3,1,61.9,9.5,0
11969.0,0.168,17.3,0,4,0,20.0,4.1,0
33803.0,0.179,17.3,1,3,1,31.2,11.9,0
8758.0,0.097,34.6,4,1,2,80.5,15.3,1
13756.0,0.043,18.6,1,4,2,481.1,17.4,0
8010.0,0.242,26.5,0,4,0,141.8,4.1,0
10477.0,0.298,15.9,2,3,0,342.5,5.8,1
500.0,0.097,40.2,0,4,1,312.1,13.3,0
10950.0,0.091,28.9,1,1,0,54.0,20.5,1
6323.0,0.251,38.5,2,1,0,225.5,,1
17721.0,0.158,48.0,3,1,0,109.2,11.3,1
7884.0,0.366,31.9,2,3,3,129.7,21.2,1
11476.0,0.169,27.9,1,3,0,86.4,3.8,0
10971.0,0.283,50.1,3,3,2,52.9,18.4,1
6104.0,0.176,6.9,0,5,0,256.1,10.4,0
16905.0,0.265,37.7,0,2,0,164.0,16.5,0
6703.0,0.309,43.7,0,3,1,89.1,10.7,0
5050.0,0.189,30.9,0,5,1,198.8,6.6,0
17480.0,0.145,16.1,0,1,1,20.0,10.4,1
5546.0,0.165,25.0,1,5,0,293.8,10.2,0
2573.0,0.02,46.2,0,4,0,112.9,13.3,0
10218.0,0.221,21.7,0,4,1,321.3,15.2,0
1857.0,0.044,61.7,3,3,0,,18.5,1
28825.0,0.127,28.7,0,3,0,161.9,5.3,0
3728.0,0.266,26.1,2,3,3,89.1,4.9,1
26903.0,0.196,30.6,1,2,1,89.9,13.8,1
7670.0,0.159,23.7,0,3,1,171.6,9.2,0
15673.0,0.366,11.1,4,3,2,53.2,15.7,1
2660.0,0.254,38.5,3,3,3,185.7,13.1,1
9505.0,0.175,24.3,2,3,3,267.8,21.7,0
5853.0,0.116,5.0,2,5,1,173.4,3.8,0
14719.0,0.184,21.4,1,3,0,54.0,11.2,0
35929.0,0.159,34.2,0,3,1,174.6,24.2,0
8327.0,0.421,31.2,2,4,1,135.2,10.3,1
500.0,0.275,28.0,0,4,1,123.4,5.1,0
9182.0,0.097,32.0,0,4,0,151.4,11.1,0
5464.0,0.197,31.9,3,4,0,73.5,14.0,1
27714.0,0.29,19.5,1,3,1,114.4,20.3,0
16853.0,0.499,37.7,3,4,1,105.1,20.5,1
5369.0,0.435,26.5,1,1,1,74.3,18.0,1
1308.0,0.159,15.8,1,3,0,132.9,16.1,0
15321.0,0.14,22.5,1,3,1,235.0,2.5,0
1694.0,0.226,32.3,3,3,3,72.1,10.5,1
17320.0,0.068,20.7,0,4,0,52.7,19.9,0
8829.0,0.159,10.0,0,2,1,28.8,24.1,0
4879.0,0.02,29.5,1,4,1,148.0,20.6,0
21109.0,0.306,22.2,0,4,1,39.5,10.6,0
20416.0,0.301,33.9,3,4,0,,5.0,0
12598.0,0.091,17.7,1,4,2,207.4,20.0,0
10400.0,0.267,37.5,2,4,1,150.3,9.2,0
3060.0,0.113,29.5,0,3,1,34.0,4.0,0
6422.0,0.161,15.0,2,5,1,264.7,24.7,0
12953.0,0.145,26.7,1,2,2,81.6,21.6,0
12256.0,0.156,26.6,0,5,2,456.3,2.7,0
6011.0,0.192,18.9,1,4,3,20.0,2.2,1
18385.0,0.232,27.0,0,3,0,108.5,22.5,0
1584.0,0.283,38.5,0,4,1,99.7,12.1,0
6711.0,0.196,35.6,3,1,2,36.6,6.3,1
4936.0,0.382,26.7,0,4,3,230.8,3.0,0
24902.0,0.41,37.4,2,3,1,79.7,1.9,1
5011.0,0.209,20.9,0,4,0,35.0,6.8,0
4643.0,0.02,34.3,1,4,2,20.0,12.7,0
13774.0,0.229,44.5,0,1,2,193.5,13.5,1
17449.0,0.187,29.7,4,1,0,266.6,8.2,1
19489.0,0.04,26.6,1,3,1,40.5,3.1,1
16982.0,0.477,42.3,1,2,3,239.7,7.9,0
518.0,0.091,30.6,0,4,0,65.6,9.4,0
5045.0,0.056,20.8,0,4,0,29.4,14.8,0
2857.0,0.197,29.0,0,3,1,66.6,7.9,0
19295.0,0.386,18.3,2,3,1,168.5,14.3,1
9485.0,0.234,10.0,1,3,2,187.4,11.5,1
3696.0,0.266,42.7,0,3,3,86.2,19.9,1
633.0,0.115,26.4,0,4,0,698.5,6.4,0
2258.0,0.328,24.1,1,4,1,132.2,4.6,0
6574.0,0.135,22.6,2,3,0,64.8,,1
1981.0,0.281,12.3,3,3,2,305.6,19.6,1
4822.0,0.365,46.2,0,4,1,,20.5,1
11684.0,0.367,55.1,3,2,1,26.7,6.0,1
6486.0,0.233,19.8,1,4,2,73.5,22.5,0
5546.0,0.047,40.4,0,4,0,126.3,17.4,0
6542.0,0.413,62.0,6,4,0,100.6,5.3,1
15433.0,0.315,27.1,0,2,0,65.3,3.1,0
4183.0,0.079,46.1,1,3,1,332.7,10.1,0
6044.0,0.225,18.8,2,3,1,442.2,13.9,0
1142.0,0.161,27.3,0,2,0,130.5,17.4,0
9364.0,0.247,28.6,1,3,0,194.9,3.2,0
11224.0,0.247,47.4,0,5,0,222.9,8.7,0
7640.0,0.245,5.8,0,4,1,309.3,13.2,0
15611.0,0.108,18.2,0,3,0,181.0,2.7,0
5798.0,0.152,5.0,0,4,1,114.3,4.7,0
5002.0,0.126,18.1,2,4,1,63.6,11.5,0
14490.0,0.202,37.7,0,4,2,67.3,24.6,0
19462.0,0.159,26.5,1,2,3,308.7,15.5,0
18257.0,0.117,31.4,0,3,0,175.3,18.7,0
3267.0,0.208,31.6,2,4,0,75.9,10.4,0
16992.0,0.35,16.2,0,4,1,91.4,4.3,0
18435.0,0.02,33.2,0,2,0,57.5,19.2,1
10947.0,0.163,26.1,2,4,0,142.3,10.3,0
8405.0,0.286,16.0,1,1,0,115.1,4.5,1
6256.0,0.329,15.7,1,3,0,71.2,16.0,0
6756.0,0.02,37.6,0,3,0,90.6,9.2,1
14349.0,0.295,27.6,0,5,0,73.6,2.7,0
19324.0,0.338,27.8,1,4,1,42.1,13.4,1
1824.0,0.164,29.0,0,4,1,284.9,10.6,0
6522.0,0.182,16.3,0,4,0,186.6,6.6,0
6087.0,0.282,21.5,0,2,3,201.4,6.0,0
1653.0,0.23,36.7,1,2,0,302.1,17.7,0
22548.0,0.274,13.5,0,3,1,377.9,13.3,0
6638.0,0.083,40.6,0,2,1,408.7,9.2,0
,0.118,46.4,3,4,3,131.1,3.8,1
10215.0,0.02,40.7,0,3,1,147.0,11.0,0
3539.0,0.293,37.9,8,3,0,55.5,14.4,1
6785.0,0.286,40.5,2,1,1,391.1,13.2,1
5395.0,0.132,37.6,0,5,0,57.6,23.5,0
2949.0,0.203,49.8,0,2,2,324.2,7.3,1
2321.0,0.02,13.8,1,1,2,52.3,20.1,1
7638.0,0.153,34.8,3,3,3,236.6,18.6,1
26153.0,0.125,9.5,1,4,1,135.5,5.1,0
29523.0,0.227,31.4,3,4,3,333.8,17.5,0
10475.0,0.18,5.8,0,3,0,150.3,18.4,0
30760.0,0.108,15.9,3,4,1,118.3,15.6,0
4402.0,0.255,8.1,2,4,2,78.2,17.5,0
9209.0,0.235,52.2,3,1,1,232.0,21.7,1
12392.0,0.077,21.6,0,2,1,89.7,10.0,0
2656.0,0.354,11.2,1,2,1,90.6,10.9,0
11594.0,0.375,21.3,0,2,0,381.7,19.0,0
9182.0,0.069,35.4,1,3,1,159.0,5.3,0
9236.0,0.225,31.5,2,4,1,307.1,14.5,0
2109.0,0.217,26.5,1,1,1,104.9,6.5,1
4791.0,0.129,23.2,2,4,0,141.3,15.0,0
8115.0,0.182,23.4,4,3,0,405.1,10.2,1
18253.0,0.287,42.0,0,4,1,118.4,7.3,0
9102.0,0.253,35.3,0,4,1,64.0,8.4,0
9778.0,0.034,42.0,1,4,2,88.2,11.9,0
8164.0,0.183,14.5,1,3,0,76.6,23.4,0
31124.0,0.141,11.9,0,4,1,181.8,20.9,0
2091.0,0.286,33.9,1,3,2,91.9,17.8,0
17893.0,0.075,38.9,0,4,1,234.0,16.8,0
33464.0,0.083,24.2,1,4,0,441.5,12.8,0
11030.0,0.108,38.5,0,3,0,89.7,20.7,0
3224.0,0.1,19.9,1,4,3,39.4,16.3,0
9336.0,0.141,30.6,1,4,2,775.2,6.4,0
5085.0,0.141,19.4,1,4,0,322.6,19.6,0
8809.0,0.212,15.7,1,3,2,132.4,19.0,0
3408.0,0.178,32.4,1,1,1,56.1,16.6,1
12586.0,0.261,17.5,2,4,1,20.0,22.9,0
2511.0,0.246,10.0,2,1,1,458.7,19.8,1
15851.0,0.256,30.8,1,3,0,157.6,19.8,0
7705.0,0.147,29.2,3,3,1,38.9,17.3,0
5320.0,0.279,24.7,1,4,0,158.8,14.9,0
6506.0,0.381,34.4,2,3,1,71.7,15.4,1
2055.0,0.131,15.4,0,3,1,178.6,6.0,0
9620.0,0.23,25.6,2,1,0,96.0,10.1,1
9479.0,0.12,18.3,1,2,0,174.7,15.1,0
11951.0,0.22,43.2,2,3,3,224.8,18.3,1
5182.0,0.216,26.8,0,4,0,139.7,7.8,0
9336.0,0.118,37.0,1,3,1,139.6,15.6,0
5014.0,0.275,33.7,2,2,3,208.7,6.8,1
8490.0,0.161,27.2,1,2,0,86.6,13.1,1
10549.0,0.366,46.5,0,1,2,49.2,14.1,1
6836.0,0.302,41.9,4,3,2,424.4,14.0,1
12416.0,0.185,23.9,1,2,0,442.4,21.3,0
9148.0,0.117,25.2,0,4,0,128.2,24.9,0
4956.0,0.236,30.6,1,2,0,166.7,11.3,1
10735.0,0.241,22.9,0,3,2,140.9,16.1,0
1690.0,0.137,39.1,2,4,3,222.1,16.9,1
4414.0,0.161,46.6,0,3,2,150.0,,0
15638.0,0.202,16.9,0,5,1,20.0,2.8,0
21158.0,0.178,47.4,0,1,3,196.9,17.3,1
16049.0,0.24,28.7,1,4,1,293.5,8.7,0
5598.0,0.365,55.3,1,1,2,20.0,15.2,1
30404.0,0.308,12.7,1,3,2,237.0,2.5,0
8466.0,0.521,29.2,1,2,1,22.4,18.2,1
14329.0,0.02,16.9,0,4,1,63.9,22.4,0
6148.0,0.069,43.2,0,4,0,236.4,23.8,0
5059.0,0.279,25.3,0,4,1,25.6,2.7,0
4481.0,0.266,20.8,0,4,1,192.9,8.5,0
5586.0,0.241,24.4,0,3,0,216.0,14.2,0
18343.0,0.194,68.8,0,2,3,111.1,5.2,1
2400.0,0.368,5.3,0,3,1,128.6,24.2,0
8645.0,0.21,24.9,2,4,1,130.5,21.7,1
12783.0,0.15,39.5,2,3,0,308.2,20.9,1
13575.0,0.175,25.2,0,2,1,20.0,17.9,0
2311.0,0.141,31.8,0,3,0,237.9,8.6,0
2716.0,0.176,42.5,1,5,1,111.3,12.8,0
3286.0,0.22,17.0,1,2,1,304.7,13.4,0
2244.0,0.125,5.2,1,3,1,116.4,9.1,0
9987.0,0.225,12.7,1,2,1,139.6,18.5,0
2738.0,0.175,21.9,0,3,1,143.1,6.3,0
6824.0,0.133,12.7,0,5,0,43.4,20.5,0
34681.0,0.07,37.6,1,4,1,86.1,13.3,0
25843.0,0.175,19.1,0,2,3,274.4,12.6,0
15257.0,0.472,30.9,1,4,1,156.2,16.6,1
6095.0,0.105,21.9,3,5,2,77.6,3.0,0
7632.0,0.21,17.5,0,4,2,422.3,22.3,0
20607.0,0.294,34.4,2,3,0,303.4,21.3,1
1724.0,0.127,29.9,1,4,1,524.3,14.7,1
6549.0,0.209,35.8,1,3,1,79.2,21.9,1
4868.0,0.174,25.6,1,4,0,205.6,15.1,0
18511.0,0.323,40.3,2,4,0,20.0,6.2,0
1711.0,0.212,59.7,0,4,0,201.0,21.0,1
5447.0,0.137,21.9,1,2,1,195.3,22.2,0
1487.0,0.192,5.6,0,3,1,226.0,13.3,0
22949.0,0.198,21.8,0,3,3,53.8,5.2,0
8710.0,0.144,16.2,0,5,1,112.3,8.8,0
6932.0,0.285,21.7,4,2,3,195.1,10.4,1
5132.0,0.372,24.0,1,2,1,180.7,6.8,1
45809.0,0.02,20.8,2,4,2,83.0,5.7,0
3031.0,0.277,18.3,1,2,3,98.5,16.7,1
9390.0,0.195,63.9,3,3,1,80.5,11.4,1
2326.0,0.309,32.0,1,1,1,94.2,1.4,1
8132.0,0.395,35.7,1,2,1,20.0,10.2,1
10071.0,0.309,35.1,2,5,1,282.9,16.0,0
6042.0,0.185,23.9,0,2,2,327.9,9.0,0
13908.0,0.192,28.0,0,5,1,429.2,8.1,0
7147.0,0.201,29.5,1,3,0,217.0,4.7,0
10252.0,0.076,15.8,0,3,2,52.3,10.0,0
1404.0,0.02,37.3,5,1,1,147.4,13.1,1
10043.0,0.406,23.1,2,2,3,69.8,1.4,1
9701.0,0.14,9.8,0,4,2,177.3,24.3,0
14837.0,0.02,5.0,0,4,0,86.8,7.9,0
17460.0,0.02,12.5,0,3,1,174.9,3.3,0
13854.0,0.186,14.7,1,3,1,150.0,3.4,0
2434.0,0.302,45.6,0,5,2,32.2,13.5,0
9916.0,0.253,19.2,1,4,2,248.3,24.0,0
11319.0,0.142,15.6,1,3,3,224.0,4.1,0
3288.0,0.259,29.9,1,4,3,20.0,24.7,0
4396.0,0.167,22.6,0,5,1,140.9,11.3,0
6691.0,0.28,25.3,3,3,1,125.5,3.3,1
7101.0,0.315,26.0,1,4,1,155.5,25.0,0
2227.0,0.294,30.9,0,4,0,205.9,8.5,0
15402.0,0.103,35.5,0,4,1,186.8,10.3,0
8465.0,0.353,25.3,1,4,1,219.6,21.3,1
3981.0,0.338,18.6,1,2,1,35.2,3.7,1
4737.0,0.186,25.2,0,3,1,188.8,16.8,0
10239.0,0.027,6.9,1,4,2,295.9,7.1,0
7301.0,0.392,34.9,0,3,1,266.8,2.6,1
3310.0,0.344,28.4,1,3,1,71.6,17.6,0
8407.0,0.118,24.6,3,5,0,393.3,4.2,0
13804.0,0.304,25.8,2,3,1,201.2,17.1,0
2244.0,0.125,5.2,1,3,1,116.4,9.1,0
9699.0,0.268,32.8,1,3,0,202.8,18.8,0
14730.0,0.245,20.0,1,4,1,42.9,21.0,0
33579.0,0.148,43.0,1,4,0,191.1,18.6,1
13266.0,0.309,47.5,0,3,1,215.2,14.8,0
56336.0,0.149,25.5,2,3,0,209.7,12.3,0
2942.0,0.395,6.5,0,3,0,203.3,10.8,0
4517.0,0.251,31.6,1,4,3,518.8,20.9,1
3214.0,0.279,36.8,1,4,3,20.0,23.6,0
5835.0,,25.3,1,1,1,77.5,4.9,1
500.0,0.178,48.9,3,3,0,164.4,6.8,1
5297.0,0.02,28.5,0,4,1,144.5,11.4,0
24885.0,0.24,40.9,0,2,1,99.3,24.8,0
1958.0,0.166,16.4,2,4,2,197.3,6.1,0
14338.0,0.233,32.8,1,4,1,160.5,19.3,0
9178.0,0.089,46.0,1,5,2,167.6,12.1,0
17044.0,0.185,54.4,1,1,1,149.6,2.0,1
7272.0,0.375,16.6,2,2,3,72.5,10.3,1
10175.0,0.111,25.4,1,3,0,128.1,15.4,0
7543.0,0.252,36.2,3,2,1,73.9,13.9,1
16519.0,0.16,29.5,0,4,1,147.3,9.0,0
7583.0,0.251,17.7,1,4,0,61.4,2.1,0
12804.0,0.077,17.2,0,5,0,155.3,20.2,0
2603.0,0.02,21.0,0,3,0,227.1,20.7,0
6191.0,0.264,33.9,0,3,1,54.2,19.3,1
21385.0,0.045,16.5,1,3,0,39.0,24.4,0
12165.0,0.206,33.9,0,4,3,217.8,7.1,0
8447.0,0.072,33.8,0,2,3,172.2,21.4,0
1731.0,0.245,29.9,0,2,2,105.6,24.6,0
2709.0,0.375,41.7,2,1,0,30.1,16.9,1
13489.0,0.02,24.6,1,4,0,173.5,23.2,0
8098.0,0.024,27.9,0,4,1,118.1,14.0,0
3405.0,0.177,33.4,0,5,3,214.5,9.6,0
2135.0,0.201,29.3,3,2,1,408.0,3.8,1
13682.0,0.131,40.2,0,3,2,83.9,20.1,0
8243.0,0.214,34.4,5,3,0,118.5,3.0,1
13232.0,0.133,28.1,0,4,1,523.6,24.7,0
7394.0,0.14,21.3,0,3,0,422.4,13.9,0
5131.0,0.214,11.3,1,3,1,236.4,12.1,0
6482.0,0.196,27.2,1,4,1,58.9,21.1,0
22348.0,0.273,40.6,2,2,1,125.4,24.2,0
2942.0,0.143,31.6,0,2,0,235.7,10.1,0
8011.0,0.224,31.1,0,3,0,129.6,10.2,0
7076.0,0.181,25.9,0,3,1,237.4,11.2,0
17137.0,0.095,36.0,1,4,0,54.1,19.4,0
11560.0,0.228,35.6,2,3,3,212.6,5.3,1
14384.0,0.194,15.8,0,3,0,117.5,9.4,0
23874.0,0.203,10.1,0,4,2,228.8,13.5,0
5818.0,0.334,32.8,3,4,0,90.7,18.5,1
3956.0,0.49,40.7,1,1,2,78.6,16.3,1
8394.0,0.196,30.8,1,4,1,252.1,16.7,0
8132.0,0.26,21.6,0,3,1,120.9,19.9,0
17009.0,0.02,28.4,2,4,1,73.7,14.6,0
14194.0,0.02,33.2,0,2,2,34.3,16.6,0
15802.0,0.201,25.5,1,4,2,93.5,15.2,0
882.0,0.516,42.0,1,3,1,62.3,2.9,1
9929.0,0.205,14.4,1,3,1,215.5,9.8,0
15547.0,0.209,32.2,0,3,1,377.1,7.3,0
5644.0,0.153,15.3,1,4,2,230.6,4.7,0
9536.0,0.16,34.2,0,4,2,510.0,12.5,0
9490.0,0.193,32.8,1,2,2,131.4,8.4,1
5237.0,0.457,38.2,1,4,1,74.9,17.3,1
1997.0,0.399,40.0,2,4,1,55.9,3.4,1
7314.0,0.02,18.3,1,2,3,47.0,14.0,0
5939.0,0.193,55.0,2,3,3,53.9,13.0,1
12378.0,0.105,34.3,2,5,0,34.7,14.2,0
21166.0,0.305,18.6,0,5,3,170.4,3.5,0
7613.0,0.351,36.5,1,4,1,233.2,11.2,0
7942.0,0.357,34.1,2,3,1,91.7,15.8,1
3146.0,0.324,23.4,1,1,3,20.0,17.7,1
3887.0,0.081,23.8,1,5,0,296.4,24.9,0
7601.0,0.251,23.1,0,4,1,103.2,9.0,0
4092.0,0.168,41.5,0,4,2,51.7,5.6,0
13915.0,0.099,66.5,3,3,0,23.0,21.1,1
1417.0,0.316,41.2,0,4,1,179.0,24.6,0
5249.0,0.211,27.6,0,4,1,98.7,13.3,0
18530.0,0.149,20.8,0,4,1,348.3,14.3,0
8932.0,0.495,23.4,0,4,1,145.0,18.0,0
5674.0,0.243,41.7,4,4,0,20.0,6.3,1
3620.0,0.205,32.1,0,4,1,34.6,24.8,0
692.0,0.182,24.8,1,3,0,172.4,21.6,0
7755.0,0.331,28.6,0,4,2,69.9,2.6,0
4566.0,0.106,41.1,1,3,1,230.7,11.1,1
7924.0,0.16,22.4,1,4,0,98.9,10.4,0
6476.0,0.199,28.1,1,4,2,41.7,22.5,0
8466.0,0.291,19.6,1,3,1,139.0,11.4,0
15458.0,0.304,17.8,0,3,3,261.7,23.5,0
15638.0,0.444,25.7,2,2,0,256.6,22.0,0
3259.0,0.334,40.1,2,1,0,299.9,9.3,1
5877.0,0.225,32.2,0,4,3,75.7,6.6,0
28478.0,0.207,21.9,1,4,2,59.5,10.5,0
2127.0,0.234,25.3,0,4,3,23.2,5.8,0
14296.0,0.547,31.8,0,2,1,80.2,18.8,1
,0.236,24.9,0,3,1,91.1,8.6,1
8295.0,0.02,39.0,0,4,1,117.2,23.6,0
7896.0,0.325,13.8,0,3,1,235.7,9.1,0
8388.0,0.175,19.4,1,5,1,136.9,4.8,0
5270.0,0.131,29.4,0,3,2,134.3,11.1,0
25516.0,0.276,37.1,0,2,3,83.5,9.2,0
15822.0,0.043,36.5,1,3,1,120.1,7.5,1
9154.0,0.247,33.7,0,4,2,214.0,2.6,0
10261.0,0.293,14.5,0,3,2,230.5,20.6,0
11686.0,0.195,7.9,0,4,2,79.9,22.9,0
10161.0,0.302,40.1,2,2,3,20.0,7.3,1
13642.0,0.399,17.5,0,4,1,178.5,10.1,0
14056.0,0.212,14.1,0,5,3,108.5,17.0,0
21631.0,0.101,25.0,0,4,0,205.0,11.5,0
8064.0,0.248,20.1,0,4,0,255.7,23.8,0
1610.0,0.161,28.7,3,3,1,80.0,20.1,1
6311.0,0.399,24.9,1,5,2,187.3,18.3,0
15314.0,0.033,34.6,1,3,2,129.4,21.5,0
10525.0,0.132,35.2,1,3,3,203.3,24.1,0
6030.0,0.097,39.0,1,4,1,40.6,12.8,0
9706.0,0.02,14.1,0,5,1,57.2,18.4,0
11333.0,0.129,17.2,0,5,2,149.7,12.5,0
16250.0,0.164,37.1,1,3,0,83.5,5.6,0
929.0,0.154,25.6,0,4,0,116.7,9.6,0
5859.0,0.021,34.9,0,3,1,211.6,20.4,0
12925.0,0.176,14.4,1,4,2,80.7,13.2,0
3671.0,0.228,14.2,0,2,0,37.8,1.5,1
12241.0,0.217,22.9,0,4,0,22.2,11.4,0
11380.0,0.259,34.6,0,4,1,145.3,3.9,0
12934.0,0.201,15.3,2,4,1,109.9,15.3,0
4387.0,0.19,34.4,2,4,0,166.9,7.4,0
10711.0,0.398,30.5,1,3,1,126.5,16.8,1
5016.0,0.308,22.1,0,4,1,192.1,10.2,0
19827.0,0.246,39.8,1,4,1,154.8,8.5,0
8548.0,0.247,24.1,0,4,0,179.2,12.8,0
3847.0,0.307,5.4,2,3,1,108.5,16.7,0
2216.0,0.237,59.6,2,3,1,108.9,18.7,1
1627.0,0.02,29.3,0,3,2,324.9,11.7,0
1404.0,0.02,37.3,5,1,1,147.4,13.1,1
9485.0,0.147,45.3,1,2,3,157.1,21.5,1
15203.0,0.371,,0,4,1,345.5,17.7,0
11199.0,0.296,47.7,1,2,1,209.5,16.7,1
12220.0,0.119,10.4,1,3,0,20.7,15.0,1
11267.0,0.345,41.1,0,5,2,122.1,5.8,0
3462.0,0.169,7.9,0,4,0,181.9,7.1,0
9471.0,0.316,25.5,1,3,1,354.5,10.8,0
6437.0,0.313,21.1,0,3,0,27.6,22.3,0
4792.0,0.187,29.5,1,2,1,223.5,16.3,1
11924.0,0.126,27.1,0,4,0,233.3,16.1,0
4307.0,0.086,16.3,2,4,0,189.7,12.2,0
3121.0,0.212,41.2,1,3,2,177.3,19.8,1
8131.0,0.047,9.7,1,4,1,210.1,24.2,0
7938.0,0.196,34.2,2,5,1,122.8,19.7,0
1668.0,0.253,17.6,0,3,1,347.2,21.2,0
7330.0,0.301,44.2,0,3,3,45.0,20.3,0
13608.0,0.274,10.0,3,1,1,187.6,3.1,1
5591.0,0.13,22.0,1,5,0,75.9,18.4,0
4931.0,0.231,17.4,0,4,0,182.7,19.7,0
11816.0,0.085,10.7,2,1,1,20.0,21.6,1
19521.0,0.252,23.6,2,1,3,282.2,20.7,1
9802.0,0.02,32.4,3,3,1,196.4,16.3,0
4712.0,0.169,34.0,4,3,1,309.8,4.7,0
4465.0,0.15,27.0,1,3,1,102.5,10.1,0
5295.0,0.352,42.5,3,2,0,156.7,18.4,1
8295.0,0.202,28.6,0,3,0,68.4,24.5,0
7247.0,0.243,42.7,0,4,0,367.9,13.0,0
9883.0,0.061,19.6,1,2,1,174.6,10.5,1
8464.0,0.117,18.2,0,4,0,323.5,23.1,0
6419.0,0.02,30.5,0,4,2,164.1,17.5,0
1973.0,0.191,62.5,1,4,1,60.4,14.0,1
1213.0,0.448,47.3,3,4,3,132.4,15.2,1
13793.0,0.278,36.8,2,4,1,127.1,9.2,1
6556.0,0.118,26.2,3,1,1,134.4,12.1,1
15603.0,0.199,21.0,1,4,0,162.9,4.2,0
6218.0,0.115,15.3,0,4,1,99.9,10.6,0
1074.0,0.339,40.0,1,4,1,150.3,2.5,1
5479.0,0.206,40.6,0,4,1,306.0,6.9,0
16804.0,0.312,30.5,2,3,2,160.3,19.3,1
8500.0,0.056,42.8,0,5,1,155.7,6.3,0
1089.0,0.205,33.2,2,2,1,138.4,14.5,1
4644.0,0.191,24.5,2,5,2,337.7,18.9,0
5141.0,0.299,15.9,0,5,0,473.0,18.3,0
9745.0,0.222,38.0,2,3,2,59.2,16.0,1
10148.0,0.02,15.9,0,4,1,110.6,14.7,0
11367.0,0.248,34.3,1,1,1,187.7,2.7,1
12043.0,0.423,37.6,4,2,3,75.9,2.5,1
18331.0,0.235,25.6,0,3,0,293.2,4.9,0
13986.0,0.072,14.3,0,4,1,319.3,5.4,0
26078.0,0.095,24.2,0,4,0,80.0,18.6,0
2667.0,0.242,15.8,2,4,1,220.7,20.7,0
8529.0,0.224,25.7,1,2,1,271.1,10.2,0
8809.0,0.212,15.7,1,3,2,132.4,19.0,0
5996.0,0.244,27.8,2,2,1,41.1,8.8,0
13397.0,0.27,16.7,0,4,2,177.5,5.8,0
13952.0,0.2,10.6,1,4,0,65.2,18.6,0
4834.0,0.047,19.7,3,4,2,218.7,15.5,0
7489.0,0.178,20.6,1,4,0,339.9,12.4,0
9946.0,0.122,30.2,4,4,0,30.3,9.2,1
10772.0,0.17,48.4,0,4,1,45.1,21.0,0
6212.0,0.236,21.7,1,4,3,124.4,15.5,0
8940.0,0.181,13.4,0,3,0,141.8,20.2,0
4167.0,0.079,17.4,0,4,0,214.2,7.6,0
4788.0,0.202,33.8,2,2,1,54.1,13.2,1
4326.0,0.372,51.8,2,2,1,116.6,17.1,1
16823.0,0.197,43.4,2,1,0,393.6,3.4,1
3323.0,0.28,36.0,2,3,2,71.2,7.1,1
1252.0,0.176,25.3,1,5,3,20.0,19.4,0
18208.0,0.208,22.7,1,5,1,200.8,4.2,0
6668.0,0.214,44.2,0,4,0,246.0,8.8,1
6953.0,0.082,24.8,0,5,3,195.2,19.9,0
5824.0,0.266,47.5,1,5,1,36.6,13.1,0
21756.0,0.142,15.3,1,4,1,171.4,2.1,0
15016.0,0.105,25.7,0,5,1,184.4,14.3,0
6278.0,0.201,,2,5,0,356.5,20.2,0
16499.0,0.208,13.0,0,2,0,293.6,15.4,0
2469.0,0.173,21.4,3,3,1,137.1,20.8,1
10399.0,0.227,10.9,0,2,0,426.8,9.6,1
16326.0,0.2,21.0,1,4,1,99.1,18.1,0
12123.0,0.087,12.3,0,4,0,143.5,15.0,0
15678.0,0.152,17.7,0,5,0,107.6,4.4,0
16134.0,0.128,5.7,0,4,0,53.0,14.8,0
19273.0,0.223,43.6,0,3,0,208.2,8.8,1
17835.0,0.325,50.2,1,1,0,262.3,14.4,1
1409.0,0.269,20.1,0,2,2,47.4,20.7,0
20143.0,0.258,23.7,0,3,0,119.1,18.7,0
2391.0,0.373,28.0,1,2,1,28.2,6.2,0
1898.0,0.16,28.1,1,3,1,108.6,19.4,1
4739.0,0.268,27.0,2,4,1,34.8,9.4,1
17164.0,0.097,10.9,0,2,0,283.4,10.4,0
31275.0,0.137,35.6,1,2,0,69.8,19.1,1
2312.0,0.127,51.2,1,1,3,370.9,14.6,1
5511.0,0.278,30.6,2,2,1,95.8,6.1,1
3412.0,0.397,44.3,0,1,3,77.4,1.1,1
4616.0,0.445,55.7,3,3,0,136.3,15.2,1
11804.0,0.236,34.9,0,2,1,93.8,17.5,1
6608.0,0.141,51.0,2,2,2,40.6,5.3,1
3364.0,0.358,52.4,1,3,2,20.0,2.1,1
3554.0,0.307,41.1,1,3,3,81.2,21.0,1
11969.0,0.168,17.3,0,4,0,20.0,4.1,0
6486.0,0.269,10.0,0,1,1,95.4,12.9,1
11885.0,0.198,28.5,1,3,1,641.8,21.1,0
7435.0,0.04,5.0,0,2,1,130.3,21.8,0
11422.0,0.209,15.9,3,3,1,37.9,7.2,1
7755.0,0.331,28.6,0,4,2,69.9,2.6,0
15032.0,0.111,22.1,2,5,0,47.3,22.6,0
33391.0,0.137,14.5,0,2,1,107.8,8.2,0
2555.0,0.257,30.9,0,4,3,223.5,,0
16499.0,0.208,13.0,0,2,0,293.6,15.4,0
4273.0,0.209,35.5,1,3,2,206.6,14.1,1
7152.0,0.311,26.0,0,5,0,105.9,4.5,0
10580.0,0.02,44.4,0,2,0,199.4,6.7,0
8952.0,0.069,34.0,1,3,1,488.6,12.6,0
11077.0,0.195,34.0,1,2,1,81.4,10.6,0
10375.0,0.193,8.1,1,4,1,60.9,23.6,0
2601.0,0.141,35.2,1,5,0,501.0,4.8,0
6230.0,0.283,47.3,1,2,0,88.8,15.4,1
4448.0,0.136,23.5,1,5,1,238.5,20.7,0
4120.0,0.263,6.0,0,4,3,48.0,22.1,0
3816.0,0.307,32.7,3,4,1,118.4,18.1,1
665.0,0.112,29.8,1,4,3,239.1,12.4,0
6133.0,0.215,39.0,6,2,0,108.0,6.8,1
8209.0,0.106,28.4,0,5,2,50.1,14.9,0
6983.0,0.182,24.8,1,4,1,108.2,3.5,1
3859.0,0.269,26.7,2,3,1,49.7,2.1,1
15547.0,0.229,38.4,0,2,0,127.4,12.7,1
3333.0,0.228,70.0,1,2,1,160.3,20.4,1
15744.0,0.021,20.2,2,3,0,268.7,23.5,0
7312.0,0.277,40.1,0,3,0,228.2,21.1,0
11273.0,0.128,41.7,0,2,3,25.8,,1
5092.0,0.276,38.7,1,4,3,125.0,3.1,0
12451.0,0.138,19.8,0,4,1,113.2,14.7,0
1195.0,0.266,20.5,0,5,0,112.4,15.5,0
10354.0,0.352,21.0,0,2,1,294.9,6.0,0
4120.0,0.312,48.0,5,3,1,164.0,18.7,1
7352.0,0.28,26.9,0,2,2,106.8,21.6,0
818.0,0.163,30.6,2,2,1,186.0,17.7,0
500.0,0.02,23.6,2,1,0,124.8,21.9,1
10069.0,0.201,5.0,0,4,1,42.3,9.2,0
10411.0,0.253,43.9,0,3,0,59.4,15.4,1
2390.0,0.158,22.6,0,1,3,354.9,16.1,1
1530.0,0.098,15.7,1,3,0,159.5,22.4,0
6637.0,0.313,5.0,2,5,1,449.3,9.2,0
14620.0,0.02,33.0,1,4,0,189.8,13.0,0
11355.0,0.215,26.1,1,2,1,115.1,9.1,0
3029.0,0.305,54.2,2,1,0,210.2,19.8,1
15440.0,0.144,41.4,1,4,1,119.3,7.6,0
1198.0,0.273,48.3,2,2,2,68.2,3.9,1
12616.0,0.32,20.8,1,4,2,20.0,2.0,0
2312.0,0.127,51.2,1,1,3,370.9,14.6,1
8760.0,0.156,67.8,2,4,2,71.6,4.6,1
8099.0,0.113,48.6,1,3,0,81.8,18.3,0
3241.0,0.3,54.3,4,2,0,88.0,3.0,1
1205.0,0.239,62.8,5,4,3,109.5,1.7,1
2006.0,0.16,37.8,0,4,1,22.7,9.7,0
6021.0,0.23,29.9,0,3,2,143.6,20.5,1
12026.0,0.371,36.1,0,1,1,75.0,2.8,1
11764.0,0.14,28.7,1,3,0,321.7,24.6,0
6166.0,0.191,16.3,0,2,1,164.3,24.3,0
3468.0,0.25,33.2,1,4,1,107.4,8.3,1
8445.0,0.277,8.3,0,4,1,29.1,19.3,0
1087.0,0.22,24.2,0,2,2,210.9,10.0,0
3250.0,0.123,54.7,0,3,1,70.7,11.1,0
5099.0,0.271,34.0,1,5,0,131.8,23.4,0
1944.0,0.033,35.5,1,2,3,123.6,8.5,1
5472.0,0.305,24.2,2,4,1,28.8,1.3,1
3307.0,0.323,49.2,0,3,0,144.7,19.7,1
7308.0,0.288,5.6,0,3,2,281.4,8.7,0
9183.0,0.263,32.3,1,5,3,277.4,23.7,0
6276.0,0.224,53.8,0,2,2,95.6,11.9,0
6556.0,0.095,29.6,0,5,1,141.1,14.9,0
7021.0,0.146,26.2,1,3,1,31.8,6.4,1
39945.0,0.331,46.2,4,4,0,57.6,12.0,1
1430.0,0.099,19.7,0,3,0,211.5,17.8,0
16529.0,0.109,37.9,0,3,2,651.4,9.0,0
8748.0,0.394,10.0,1,1,0,20.0,20.4,1
7683.0,0.123,34.5,1,4,1,115.7,7.9,0
5897.0,0.22,29.2,1,2,1,175.0,9.2,1
15257.0,0.472,30.9,1,4,1,156.2,16.6,1
13177.0,0.065,40.1,3,4,2,111.4,16.3,0
5708.0,0.358,11.7,0,2,0,356.6,8.0,0
4742.0,0.02,22.6,1,4,2,407.7,23.0,0
500.0,0.201,22.2,0,3,1,58.0,24.4,0
8961.0,0.296,39.6,1,1,0,36.7,7.9,1
1531.0,0.12,21.4,0,3,0,198.4,23.8,0
7713.0,0.345,11.5,2,1,1,99.2,19.9,1
10650.0,0.109,33.1,1,4,0,112.4,7.9,1
13732.0,0.244,40.9,1,4,3,142.1,20.8,0
8859.0,0.297,18.4,0,2,1,92.9,13.5,0
3536.0,0.102,60.8,2,3,0,353.8,8.2,1
4206.0,0.265,34.8,6,2,1,104.0,2.4,1
7626.0,0.085,30.2,3,4,1,169.8,18.7,0
683.0,0.259,25.4,2,3,0,151.3,22.3,0
50011.0,0.106,25.5,2,5,2,82.5,2.7,0
5858.0,0.06,51.7,3,1,2,92.0,9.9,1
9165.0,0.125,5.0,0,3,1,43.3,5.7,0
16045.0,0.105,27.1,0,4,1,38.4,18.1,0
25825.0,0.363,17.6,0,2,3,180.2,21.0,0
,0.259,26.9,3,3,1,205.0,17.1,1
6579.0,0.306,33.2,0,3,0,162.6,20.2,0
687.0,0.281,24.7,4,3,1,54.0,11.4,1
6485.0,0.272,22.8,1,3,2,43.0,18.9,0
7175.0,0.259,15.1,0,4,2,44.3,7.8,0
4497.0,0.409,30.7,2,4,1,26.9,6.1,1
5670.0,0.326,40.2,1,4,1,72.1,5.8,0
8771.0,0.438,40.0,1,3,1,263.7,9.1,1
8248.0,0.07,33.7,1,2,2,739.1,2.6,0
6554.0,0.128,19.1,5,1,0,20.0,1.2,1
12568.0,0.149,21.8,0,4,1,172.1,21.8,0
6398.0,0.232,36.6,3,3,3,56.0,15.2,1
9925.0,0.222,47.5,3,2,0,38.9,18.3,1
9382.0,0.193,23.7,0,4,1,39.8,14.2,0
3418.0,0.117,22.9,0,5,0,122.1,14.4,0
13415.0,0.255,39.0,0,4,0,20.0,11.4,1
15037.0,0.129,16.6,2,4,1,145.5,5.7,0
12154.0,0.094,33.1,1,2,0,30.6,6.3,0
23282.0,0.363,20.5,1,4,0,98.6,19.9,0
6710.0,0.188,23.5,3,4,0,199.6,23.1,0
7231.0,0.174,5.0,0,3,1,133.5,13.0,0
9889.0,0.174,45.4,1,3,3,168.1,10.9,1
6906.0,0.237,20.1,2,2,1,20.0,14.6,1
13619.0,0.23,43.6,2,1,3,247.8,12.1,1
11970.0,0.148,39.8,0,4,0,20.0,10.1,0
12682.0,0.161,5.0,0,3,1,100.8,9.7,0
