辐照度,环境温度,板温,风速,湿度,云量,装机容量,安装倾角,时刻,是否高出力
667.1,25.31,35.46,1.24,49.4,3.4,300.0,29.1,15.0,1
841.8,19.63,28.14,2.42,79.4,6.1,300.0,31.0,14.0,1
0.0,25.02,26.06,0.63,76.7,6.5,200.0,30.1,19.0,0
6.0,19.9,22.94,4.4,48.8,2.4,150.0,24.7,1.0,0
0.0,17.18,18.0,5.2,72.5,0.5,500.0,14.4,6.0,0
1004.5,23.36,38.11,3.11,54.1,1.2,80.0,20.9,13.0,1
6.4,13.62,14.17,0.43,37.5,4.7,50.0,40.1,4.0,0
1100.1,15.57,33.79,3.25,51.3,1.0,20.0,37.6,13.0,1
12.7,17.64,20.42,3.59,91.4,6.3,100.0,40.0,21.0,0
190.4,25.33,30.21,0.56,66.8,2.3,80.0,36.1,7.0,0
0.0,24.45,21.61,4.5,45.8,4.6,50.0,34.1,6.0,0
0.0,18.17,20.39,2.15,69.9,8.0,500.0,32.2,1.0,0
927.7,17.59,36.12,4.54,60.5,6.2,500.0,38.1,10.0,1
0.0,7.94,8.51,6.12,49.0,4.3,300.0,34.1,5.0,0
540.6,15.63,22.26,0.44,69.8,6.7,50.0,10.7,8.0,1
799.7,31.48,43.81,0.86,67.6,1.8,100.0,22.9,15.0,1
3.0,30.32,27.95,1.37,49.7,4.7,150.0,25.6,20.0,0
7.0,10.47,5.56,3.1,61.4,8.9,150.0,14.6,3.0,0
38.8,21.71,19.9,5.02,82.9,7.2,150.0,9.4,6.0,0
1.9,20.61,22.14,0.97,52.2,6.7,150.0,14.9,21.0,0
710.6,27.36,35.14,6.92,58.7,1.8,20.0,15.5,15.0,1
336.7,14.36,17.06,1.28,76.4,7.9,20.0,21.6,7.0,0
577.8,21.22,25.64,1.17,49.2,2.8,20.0,29.2,16.0,1
0.0,34.6,33.89,0.66,48.9,1.1,500.0,34.5,19.0,0
475.0,31.88,39.71,0.32,52.5,3.5,100.0,12.9,16.0,0
0.0,21.21,19.9,0.36,44.6,9.5,500.0,18.6,21.0,0
149.5,26.74,29.39,3.7,63.9,1.6,500.0,16.7,17.0,0
0.0,21.03,23.81,0.96,70.0,1.3,200.0,35.6,6.0,0
349.2,18.71,24.17,1.16,37.6,2.0,300.0,28.9,16.0,0
569.0,10.22,16.79,0.45,83.5,2.5,300.0,26.5,16.0,1
1036.2,24.98,41.23,0.24,74.1,4.5,150.0,32.8,13.0,1
1006.0,28.72,40.57,0.62,69.3,3.0,500.0,21.8,12.0,1
9.5,24.04,24.19,2.01,63.7,7.6,150.0,34.4,4.0,0
0.0,26.95,24.47,0.24,45.3,3.1,150.0,19.5,0.0,0
321.8,17.42,19.57,2.06,75.1,2.7,150.0,16.4,7.0,0
723.2,22.93,31.75,1.58,83.6,4.0,500.0,17.7,9.0,1
759.6,25.43,38.98,6.58,63.7,0.9,150.0,36.7,15.0,1
2.7,15.26,15.85,0.93,52.3,6.1,300.0,26.3,2.0,0
441.9,19.38,24.75,2.67,90.8,7.2,150.0,25.3,7.0,0
17.9,12.67,14.13,1.53,25.0,5.6,100.0,10.4,2.0,0
751.5,17.73,28.0,10.98,70.0,0.3,20.0,28.9,9.0,1
423.4,34.7,44.18,0.26,78.6,3.3,300.0,16.0,16.0,0
682.2,25.49,35.77,0.59,95.0,7.2,500.0,21.4,9.0,1
1055.7,18.09,33.65,0.68,95.0,8.2,50.0,28.2,14.0,1
1028.0,20.58,38.9,0.08,65.6,4.2,150.0,20.7,12.0,1
983.5,34.59,46.3,0.8,65.2,3.0,100.0,9.8,11.0,1
18.0,25.17,27.67,4.79,51.6,1.9,150.0,18.3,4.0,0
35.2,20.94,19.67,3.34,69.2,4.8,500.0,18.4,18.0,0
110.9,28.4,32.03,2.69,46.6,6.9,200.0,20.9,6.0,0
861.4,13.12,27.68,2.5,72.1,4.7,50.0,13.1,12.0,1
14.8,25.68,27.17,5.39,69.9,5.8,20.0,5.4,4.0,0
573.4,24.46,33.17,5.88,63.7,2.6,300.0,32.8,9.0,1
0.0,25.77,27.3,0.39,69.8,6.9,80.0,35.0,3.0,0
0.0,19.62,19.74,0.66,64.0,2.5,50.0,31.6,23.0,0
0.0,21.89,19.77,1.09,47.5,4.0,20.0,28.7,3.0,0
1106.8,15.25,33.31,1.7,66.5,4.2,20.0,15.9,13.0,1
1.4,21.96,22.74,0.33,63.2,9.3,150.0,18.6,19.0,0
0.0,15.72,14.12,3.06,76.7,5.5,50.0,24.5,4.0,0
0.0,7.44,8.73,4.15,64.6,8.0,200.0,23.0,5.0,0
489.8,13.66,19.57,2.02,42.6,2.1,150.0,32.1,9.0,1
0.0,18.81,22.53,1.02,47.5,6.3,300.0,38.5,5.0,0
13.4,31.18,27.37,0.65,59.1,2.7,300.0,29.7,5.0,0
9.2,16.14,12.84,0.11,73.0,2.2,50.0,21.2,5.0,0
0.0,24.97,25.45,1.1,68.0,0.9,100.0,1.6,20.0,0
0.0,25.3,28.72,1.15,80.0,7.0,150.0,18.4,21.0,0
7.9,19.2,20.09,2.74,71.5,2.4,150.0,34.9,2.0,0
1.8,25.72,25.4,7.69,90.5,5.7,300.0,18.6,22.0,0
1016.6,17.53,34.21,1.99,74.0,3.4,150.0,21.4,13.0,1
0.0,14.49,12.6,5.33,79.2,0.6,100.0,21.1,22.0,0
738.3,18.19,28.77,3.92,48.7,8.0,100.0,21.4,11.0,1
0.0,17.44,18.89,0.13,58.6,9.1,50.0,15.7,22.0,0
10.3,14.82,13.04,0.29,50.7,6.2,150.0,24.5,22.0,0
10.7,10.2,11.78,1.79,60.4,0.0,50.0,0.4,22.0,0
790.3,15.14,28.14,0.28,71.2,7.2,50.0,43.2,10.0,1
0.0,13.91,13.08,4.56,57.7,3.3,80.0,26.7,18.0,0
292.1,22.03,24.77,0.65,50.0,8.6,20.0,25.8,7.0,0
175.7,28.13,27.55,3.28,46.8,8.4,20.0,32.2,7.0,0
135.9,18.88,20.9,1.86,78.5,2.7,300.0,34.2,17.0,0
0.0,16.88,14.61,0.59,64.9,5.5,80.0,24.0,0.0,0
7.7,16.73,18.88,0.33,67.5,6.7,300.0,31.7,21.0,0
18.2,22.98,20.99,3.79,55.2,2.8,100.0,24.5,23.0,0
991.8,22.09,39.66,0.97,83.3,5.4,50.0,13.2,12.0,1
653.5,28.35,40.6,8.74,64.1,0.5,500.0,25.1,9.0,1
9.8,19.2,20.37,0.76,60.0,7.0,500.0,16.0,4.0,0
273.3,29.2,35.41,2.22,62.9,8.8,80.0,21.7,6.0,0
266.8,32.3,39.49,10.99,63.6,1.2,300.0,24.0,7.0,0
1145.1,19.62,38.91,2.18,40.4,1.8,80.0,27.1,13.0,1
808.9,27.05,36.01,4.58,54.6,8.8,80.0,16.5,9.0,1
793.1,15.3,29.33,0.51,78.8,7.1,50.0,16.7,15.0,1
0.0,14.11,10.84,2.6,73.4,3.6,150.0,32.2,23.0,0
0.0,20.42,20.85,5.54,58.9,4.8,200.0,35.9,2.0,0
963.4,31.09,45.55,5.01,80.8,7.7,100.0,38.9,13.0,1
5.5,21.17,23.12,2.84,79.3,3.4,50.0,23.6,19.0,0
0.0,15.2,12.13,8.53,32.6,0.1,80.0,21.5,6.0,0
0.0,23.25,22.51,3.28,82.4,0.5,500.0,26.8,1.0,0
992.0,24.33,37.76,3.23,48.8,0.1,80.0,34.3,14.0,1
469.6,23.53,28.55,1.66,73.1,6.5,100.0,28.4,16.0,1
680.2,19.28,31.22,1.76,53.6,7.1,100.0,18.5,15.0,1
0.0,26.84,30.05,0.36,47.4,0.4,20.0,19.5,22.0,0
821.0,26.89,39.22,2.84,76.0,2.8,200.0,30.2,15.0,1
1.9,18.63,20.25,1.52,72.4,5.0,500.0,23.7,21.0,0
1.9,33.58,36.77,0.48,66.7,6.2,20.0,25.4,21.0,0
6.4,9.6,8.76,0.65,64.3,6.1,80.0,14.6,2.0,0
1120.4,25.99,45.04,0.89,76.9,2.7,200.0,17.6,11.0,1
0.0,30.11,29.32,2.84,87.2,6.3,500.0,32.8,22.0,0
0.0,22.48,20.31,7.86,58.4,7.8,20.0,28.0,18.0,0
159.5,31.93,35.65,3.11,57.4,5.9,20.0,11.2,17.0,0
923.4,14.43,27.4,1.07,71.3,2.8,100.0,7.6,14.0,1
301.2,18.9,22.55,2.73,75.0,7.5,20.0,1.1,17.0,0
842.5,22.82,36.64,2.0,44.9,6.4,500.0,23.7,14.0,1
6.7,19.41,19.12,0.18,25.0,5.7,150.0,34.5,2.0,0
1036.0,31.52,52.25,0.24,70.4,9.9,100.0,30.4,11.0,1
0.0,25.79,27.16,1.12,78.3,7.3,500.0,16.8,20.0,0
982.4,13.78,28.01,0.93,77.1,2.4,100.0,22.4,10.0,1
879.9,18.27,33.67,1.55,63.5,2.9,50.0,16.9,12.0,1
1.1,20.08,19.84,4.93,69.5,9.9,80.0,23.2,21.0,0
0.0,27.58,29.17,0.39,53.2,3.8,100.0,22.5,20.0,0
5.2,18.43,15.74,0.33,43.0,0.7,20.0,18.4,5.0,0
0.0,19.82,20.34,0.04,59.7,2.9,50.0,26.8,2.0,0
0.0,15.72,14.12,3.06,76.7,5.5,50.0,24.5,4.0,0
0.0,7.02,5.87,1.85,50.8,9.7,50.0,23.7,1.0,0
409.3,17.58,26.64,0.45,52.2,7.4,300.0,19.2,8.0,0
793.1,15.3,29.33,0.51,78.8,7.1,50.0,16.7,15.0,1
889.3,22.02,33.49,0.28,80.5,6.9,80.0,21.6,14.0,1
301.2,18.9,22.55,2.73,75.0,7.5,20.0,1.1,17.0,0
734.8,22.95,34.73,0.42,65.9,4.9,150.0,19.7,15.0,1
0.0,24.38,25.09,1.49,47.5,2.9,150.0,38.6,1.0,0
640.2,21.67,27.37,3.35,66.3,3.4,80.0,28.4,15.0,1
4.7,23.51,22.74,6.59,66.1,0.9,500.0,36.0,5.0,0
185.2,16.12,18.61,0.11,42.7,5.5,50.0,22.0,17.0,0
937.9,16.58,33.42,1.03,69.2,3.1,150.0,19.7,11.0,1
4.2,22.28,24.24,1.74,52.3,8.4,50.0,25.1,5.0,0
834.5,28.42,40.05,1.21,64.8,3.4,20.0,22.5,14.0,1
0.0,19.69,20.17,1.67,65.3,2.5,20.0,22.8,0.0,0
0.0,25.02,25.14,2.55,68.4,0.3,80.0,28.2,0.0,0
0.0,25.52,28.23,3.22,60.4,2.2,20.0,21.3,22.0,0
0.0,20.56,18.56,0.64,72.7,2.2,100.0,38.2,4.0,0
705.6,28.01,37.39,2.24,68.4,3.2,500.0,21.3,9.0,1
0.0,24.32,22.42,3.76,95.0,1.5,50.0,18.5,0.0,0
980.4,34.21,49.26,3.19,61.1,2.4,300.0,26.3,10.0,1
0.0,21.03,19.08,1.66,95.0,1.3,100.0,26.5,1.0,0
0.0,16.53,18.26,5.64,64.1,7.9,200.0,20.2,3.0,0
0.0,21.33,22.05,1.78,63.0,5.9,80.0,35.3,18.0,0
779.8,15.26,24.78,3.77,51.9,5.7,20.0,15.2,15.0,1
0.0,31.05,29.34,4.08,43.6,1.7,500.0,13.9,,0
811.8,24.57,38.66,0.04,52.4,2.9,150.0,26.8,11.0,1
1.2,21.64,22.48,1.69,95.0,7.1,200.0,20.3,5.0,0
0.0,28.73,27.07,0.38,64.9,8.2,200.0,26.6,18.0,0
0.0,,24.33,4.6,50.4,0.9,150.0,28.1,23.0,0
665.3,31.95,39.63,2.82,64.9,3.5,20.0,18.4,9.0,1
0.0,23.55,19.64,1.97,67.3,2.7,500.0,20.4,2.0,0
998.4,16.0,28.35,2.18,71.0,0.3,50.0,30.5,13.0,1
98.0,27.51,27.9,1.48,70.6,3.7,50.0,23.6,18.0,0
0.0,23.85,22.71,3.63,70.9,1.6,50.0,33.4,23.0,0
9.9,36.95,38.16,2.46,68.0,2.0,50.0,21.6,21.0,0
0.0,22.07,24.07,6.94,66.7,7.9,20.0,16.9,21.0,0
0.0,22.92,23.75,2.49,66.1,4.9,20.0,25.9,4.0,0
582.2,16.35,26.89,0.69,86.9,3.0,150.0,22.6,15.0,1
825.3,21.87,32.88,1.06,63.5,9.3,20.0,22.5,12.0,1
833.4,30.11,43.88,3.16,62.5,9.9,150.0,22.3,14.0,1
733.7,32.28,44.99,3.09,65.1,0.8,200.0,33.3,15.0,1
21.5,26.88,30.29,1.82,82.5,0.1,80.0,16.2,22.0,0
441.5,24.34,26.95,4.16,64.1,6.6,100.0,33.2,16.0,1
992.3,22.27,36.43,0.67,63.2,0.5,80.0,36.7,13.0,1
0.1,32.18,29.68,0.11,59.1,5.0,50.0,17.9,20.0,0
14.5,20.54,20.41,4.22,78.5,6.9,300.0,23.3,23.0,0
6.5,18.55,17.02,0.97,87.5,3.8,200.0,24.0,23.0,0
7.4,27.38,28.06,3.31,89.8,6.4,80.0,25.8,19.0,0
764.4,25.4,35.54,0.77,61.7,3.4,100.0,36.6,15.0,1
0.0,24.45,26.05,3.63,85.0,1.0,150.0,21.9,5.0,0
0.0,21.82,21.59,1.56,54.5,8.7,100.0,26.8,4.0,0
460.7,28.23,37.29,1.76,65.9,3.8,300.0,10.0,16.0,0
0.0,16.19,13.03,2.95,73.5,8.3,150.0,32.0,23.0,0
324.7,16.37,19.88,1.68,76.5,9.2,100.0,14.2,17.0,0
914.8,30.57,47.54,0.25,52.9,2.2,80.0,32.6,10.0,1
508.4,21.46,31.8,4.88,89.0,6.4,100.0,30.7,8.0,0
666.8,22.47,31.09,3.34,52.8,1.4,50.0,12.6,9.0,1
8.9,17.81,18.82,4.51,73.6,6.9,300.0,30.3,20.0,0
951.5,26.2,37.98,3.66,68.6,0.7,150.0,37.9,11.0,1
728.7,17.71,31.46,3.24,77.1,6.6,150.0,41.0,9.0,1
960.3,17.43,31.16,0.7,42.5,6.5,500.0,21.7,15.0,1
9.5,23.79,22.65,2.66,60.3,3.2,200.0,31.9,21.0,0
24.9,13.35,13.17,0.49,70.2,8.9,80.0,24.3,5.0,0
1.0,11.38,11.38,0.23,49.9,3.1,500.0,27.1,4.0,0
0.6,27.47,30.54,1.16,56.9,2.9,500.0,22.0,21.0,0
841.2,26.72,39.36,,40.0,1.4,200.0,50.0,10.0,1
672.9,20.45,30.61,6.7,58.8,5.8,50.0,25.7,15.0,1
2.7,29.74,33.43,6.89,51.5,3.0,20.0,23.1,19.0,0
653.9,18.67,25.5,2.38,59.1,8.4,150.0,42.0,15.0,1
7.7,38.2,36.23,1.58,64.9,1.2,200.0,19.1,3.0,0
952.3,25.2,40.14,4.14,70.1,8.7,150.0,27.4,12.0,1
9.2,26.07,22.58,6.79,48.4,5.6,150.0,40.6,19.0,0
2.1,31.05,28.53,1.79,36.2,1.4,50.0,25.5,2.0,0
0.0,20.63,20.85,1.41,69.2,8.0,20.0,23.4,4.0,0
691.4,32.48,44.65,0.25,49.2,2.1,150.0,22.2,9.0,1
1118.6,25.26,42.21,2.12,72.5,9.5,50.0,22.3,13.0,1
0.0,13.32,10.63,4.07,55.5,6.0,100.0,29.8,22.0,0
266.2,15.52,20.59,8.22,78.7,2.0,20.0,22.8,17.0,0
4.2,19.93,21.0,7.43,56.7,6.9,80.0,35.6,19.0,0
14.1,23.14,18.88,0.31,67.8,8.4,20.0,36.7,22.0,0
730.2,17.34,27.46,3.16,46.7,0.7,80.0,27.8,10.0,1
6.2,25.68,24.29,0.72,81.6,9.8,200.0,15.6,5.0,0
13.0,33.16,31.9,10.17,86.3,7.2,100.0,29.0,5.0,0
6.5,22.17,21.6,4.43,62.0,4.8,200.0,10.4,19.0,0
1.0,11.38,11.38,0.23,49.9,3.1,500.0,27.1,4.0,0
362.6,17.93,24.94,0.48,50.1,7.1,500.0,34.7,17.0,0
10.9,23.61,25.66,0.66,52.0,4.4,20.0,24.1,5.0,0
0.0,24.87,21.76,0.34,89.6,0.4,500.0,31.9,22.0,0
18.2,20.08,17.67,1.04,65.9,3.3,50.0,22.6,1.0,0
0.0,22.84,19.91,0.01,66.8,7.6,150.0,30.4,22.0,0
968.5,21.29,36.77,2.36,83.2,4.7,20.0,34.4,13.0,1
0.6,27.47,30.54,1.16,56.9,2.9,500.0,22.0,21.0,0
19.7,29.86,28.33,2.57,58.4,3.1,20.0,33.1,19.0,0
872.4,21.34,31.13,0.82,63.8,2.3,80.0,19.8,10.0,1
2.5,23.23,22.76,0.91,56.5,9.9,500.0,29.7,0.0,0
1.3,21.57,22.32,2.25,55.5,1.5,500.0,38.4,23.0,0
23.6,29.32,30.82,1.17,70.1,4.7,20.0,27.6,5.0,0
5.9,19.13,20.42,0.52,60.7,9.1,200.0,23.6,0.0,0
14.9,21.06,22.65,4.05,49.6,5.2,200.0,40.3,23.0,0
217.9,17.17,20.0,1.6,66.9,3.3,80.0,18.7,17.0,0
492.7,18.74,29.48,0.7,71.0,7.7,100.0,21.9,16.0,0
0.0,11.89,9.27,5.83,77.1,9.5,150.0,24.3,0.0,0
0.0,29.42,26.23,1.84,74.9,4.2,80.0,20.7,19.0,0
915.0,14.8,31.77,3.27,87.8,2.8,20.0,34.6,14.0,1
223.0,20.74,24.87,0.2,69.7,8.8,100.0,34.6,7.0,0
0.0,19.52,17.7,3.14,72.3,5.1,200.0,17.4,6.0,0
18.5,22.01,19.14,0.85,86.9,9.4,80.0,31.6,23.0,0
963.4,25.53,41.79,2.85,45.6,6.8,100.0,25.9,11.0,1
0.0,21.06,21.89,2.03,64.1,1.3,100.0,17.1,18.0,0
0.0,14.04,12.84,4.77,71.4,9.2,80.0,14.1,21.0,0
201.8,19.46,23.16,,82.9,5.0,300.0,33.0,17.0,0
967.7,21.71,34.53,0.54,72.6,4.2,200.0,27.0,10.0,1
1167.1,26.88,43.35,0.47,60.7,8.5,500.0,21.9,12.0,1
11.2,21.66,18.21,8.07,62.6,5.8,500.0,22.8,20.0,0
0.0,11.87,9.23,4.79,60.7,2.9,150.0,28.6,19.0,0
0.0,9.71,11.38,12.0,67.9,2.0,150.0,38.5,1.0,0
628.4,35.83,47.98,0.54,80.4,9.9,500.0,25.2,15.0,0
0.0,22.91,21.67,2.77,93.8,4.8,20.0,25.0,23.0,0
661.2,30.97,39.6,2.25,75.0,9.5,300.0,20.5,15.0,0
0.0,31.6,30.83,1.0,72.3,1.6,20.0,31.6,23.0,0
0.7,33.61,37.07,1.79,66.5,3.2,500.0,18.3,19.0,0
30.4,18.15,18.31,1.1,41.8,6.1,500.0,29.6,18.0,0
723.6,27.36,39.63,0.68,67.4,0.1,80.0,30.4,15.0,1
8.9,17.19,18.82,4.3,59.6,7.6,100.0,7.3,3.0,0
298.1,22.3,28.78,11.66,82.0,9.7,50.0,40.6,7.0,0
1.5,32.16,32.26,0.51,53.5,8.6,200.0,24.8,1.0,0
0.0,25.13,23.79,4.32,39.9,9.5,150.0,32.8,1.0,0
848.2,33.93,44.12,4.04,53.7,9.8,300.0,16.4,14.0,1
692.7,27.61,40.0,2.35,41.6,3.6,20.0,29.0,9.0,1
816.1,28.61,39.93,4.4,58.6,0.8,100.0,19.5,10.0,1
184.7,19.93,20.15,4.37,86.2,9.6,200.0,35.2,6.0,0
0.0,18.37,18.8,2.62,53.2,6.3,100.0,28.3,3.0,0
11.6,18.75,17.38,0.8,43.2,2.1,150.0,37.5,4.0,0
0.0,16.5,18.91,1.2,49.0,0.7,50.0,29.4,1.0,0
879.9,17.43,28.52,0.1,64.6,4.5,80.0,22.9,12.0,1
755.9,29.0,42.0,0.12,95.0,8.9,300.0,13.2,9.0,1
944.2,29.61,45.13,3.65,73.6,1.3,300.0,29.3,11.0,1
0.2,21.3,22.37,2.22,65.9,5.7,300.0,13.7,23.0,0
0.0,24.09,26.24,0.84,68.4,5.6,50.0,20.5,5.0,0
1219.2,19.43,40.68,3.39,42.5,6.7,100.0,22.1,12.0,1
15.2,15.39,18.19,0.54,92.6,5.8,300.0,40.3,5.0,0
904.3,15.64,24.79,0.47,49.4,3.4,200.0,26.2,13.0,1
801.6,21.41,34.33,4.47,62.5,2.9,80.0,32.4,10.0,1
1077.0,25.3,41.12,12.0,89.2,1.5,500.0,33.1,13.0,1
0.0,23.98,21.45,4.47,60.0,5.6,20.0,21.5,20.0,0
18.1,20.75,20.32,2.34,79.3,3.2,80.0,29.1,18.0,0
0.0,19.02,21.9,1.22,59.1,9.0,150.0,13.9,23.0,0
0.0,15.34,15.63,2.34,55.1,2.0,300.0,26.6,1.0,0
0.0,15.61,18.05,2.28,77.2,7.4,300.0,15.0,0.0,0
0.0,26.18,25.84,5.48,60.7,9.8,80.0,31.8,19.0,0
0.0,18.63,22.19,1.78,59.3,1.3,500.0,17.6,4.0,0
1151.0,24.12,42.28,2.47,85.6,6.7,20.0,36.0,12.0,1
0.0,13.32,9.88,0.19,49.7,8.4,100.0,42.4,6.0,0
469.3,17.22,24.67,6.27,88.9,3.5,300.0,13.0,8.0,0
456.6,16.88,24.16,2.25,54.7,9.5,80.0,32.2,16.0,0
600.7,18.4,27.56,0.87,61.2,4.5,200.0,24.9,9.0,1
,31.53,30.32,0.44,87.5,5.8,100.0,24.5,6.0,0
983.5,34.59,46.3,0.8,65.2,3.0,100.0,9.8,11.0,1
476.1,16.22,27.97,2.96,62.1,1.7,300.0,30.0,8.0,1
9.0,22.29,25.87,7.9,70.5,1.9,300.0,22.2,21.0,0
0.0,19.4,22.06,3.57,80.3,7.9,300.0,11.7,21.0,0
803.6,18.74,29.5,0.03,76.5,5.1,500.0,24.0,11.0,1
9.0,16.61,16.27,1.25,68.1,5.0,50.0,28.5,21.0,0
380.1,11.53,18.18,0.82,74.3,7.2,100.0,14.2,7.0,0
180.2,17.23,16.82,2.26,56.2,1.0,500.0,22.5,7.0,0
619.4,10.12,22.41,2.3,41.2,3.3,100.0,33.3,16.0,1
172.3,17.94,20.32,1.37,54.3,9.3,200.0,14.8,17.0,0
8.3,24.33,23.88,1.43,48.8,1.2,50.0,11.3,22.0,0
249.3,28.32,,0.11,60.8,4.8,50.0,28.9,7.0,0
918.0,19.21,32.34,7.25,67.5,4.2,80.0,9.1,12.0,1
0.9,25.13,26.21,1.41,64.6,1.7,500.0,22.7,19.0,0
0.0,21.3,22.02,1.36,62.0,0.1,500.0,19.1,18.0,0
402.2,22.52,30.87,2.41,75.7,1.8,80.0,33.9,7.0,0
1.8,32.98,29.5,4.62,66.4,9.4,200.0,23.3,23.0,0
902.3,24.78,38.76,2.41,56.1,2.0,20.0,11.6,14.0,1
6.1,15.21,11.49,3.08,66.6,5.0,80.0,33.0,21.0,0
1004.8,22.15,36.01,1.72,61.4,5.5,20.0,25.7,13.0,1
488.4,19.13,24.79,1.02,71.6,3.9,20.0,22.3,16.0,1
894.8,30.96,45.19,0.33,74.8,7.5,150.0,22.8,14.0,1
9.4,32.4,30.67,2.15,39.7,3.5,50.0,27.2,23.0,0
894.9,24.78,37.2,1.76,73.5,8.4,20.0,16.6,10.0,1
0.0,26.51,28.45,1.28,53.0,3.5,80.0,21.8,3.0,0
631.2,30.51,40.17,1.23,60.7,,100.0,22.6,8.0,0
9.1,18.65,17.57,0.73,73.1,1.7,100.0,29.8,5.0,0
992.3,32.26,48.21,1.24,67.3,0.5,50.0,24.2,14.0,1
17.7,22.24,21.83,2.39,88.4,7.4,80.0,28.1,1.0,0
614.1,30.67,41.13,3.9,50.5,9.6,80.0,25.3,15.0,1
660.2,26.58,38.3,2.22,48.8,3.7,200.0,14.8,15.0,1
828.7,20.51,33.89,0.12,62.6,7.1,150.0,33.7,14.0,1
0.0,20.4,20.71,,49.2,5.5,100.0,25.2,3.0,0
11.1,24.37,25.58,5.61,68.5,4.7,200.0,25.0,0.0,0
12.1,20.58,23.97,0.02,79.1,4.1,500.0,40.1,20.0,0
12.2,28.7,28.25,0.9,59.6,4.5,200.0,19.0,0.0,0
0.0,26.67,27.18,0.93,71.1,9.2,80.0,27.5,22.0,0
47.3,23.3,21.99,1.85,63.8,9.1,50.0,33.0,6.0,0
0.0,29.57,32.17,1.12,57.2,5.4,150.0,12.6,18.0,0
879.9,17.43,28.52,0.1,64.6,4.5,80.0,22.9,12.0,1
182.3,18.55,24.56,8.82,69.9,8.2,50.0,37.4,17.0,0
2.8,25.41,24.93,1.47,55.1,8.8,100.0,22.1,0.0,0
607.2,23.51,32.39,0.56,80.7,7.4,100.0,27.7,15.0,1
0.0,10.51,9.2,0.71,61.2,5.6,100.0,23.0,0.0,0
0.0,20.36,19.43,0.78,95.0,8.3,100.0,20.6,4.0,0
0.0,25.77,27.3,0.39,69.8,6.9,80.0,35.0,3.0,0
884.5,21.85,31.41,0.07,76.4,1.1,100.0,28.5,12.0,1
3.5,6.78,5.36,2.74,46.3,1.0,500.0,31.2,5.0,0
627.5,22.93,30.61,2.21,25.0,5.9,200.0,14.8,15.0,1
0.0,20.22,19.26,0.76,85.3,3.6,100.0,18.3,20.0,0
0.0,12.75,14.54,0.16,88.5,9.0,100.0,43.3,18.0,0
0.6,22.72,22.22,4.84,72.5,1.3,80.0,33.2,5.0,0
205.2,24.86,23.19,2.25,91.6,1.2,20.0,29.5,17.0,0
0.0,16.31,15.57,4.34,59.8,4.5,300.0,38.0,23.0,0
5.7,15.71,13.43,1.77,36.3,3.6,150.0,31.8,5.0,0
12.1,30.88,31.69,1.78,95.0,2.3,50.0,33.0,4.0,0
3.3,29.58,28.2,0.64,78.5,0.6,200.0,18.2,2.0,0
970.0,22.05,35.42,2.32,61.2,9.5,300.0,30.7,11.0,1
0.0,20.34,17.9,1.66,25.7,7.7,20.0,20.9,4.0,0
783.8,19.89,30.68,6.85,95.0,7.8,80.0,27.3,10.0,1
1.2,20.46,19.9,2.31,66.1,5.5,20.0,22.7,0.0,0
0.0,20.22,20.5,4.44,39.5,6.5,50.0,29.8,3.0,0
860.9,25.98,37.78,2.34,77.8,8.4,100.0,23.4,10.0,1
783.6,25.62,37.17,1.71,51.7,0.1,500.0,21.4,9.0,1
979.4,23.13,36.45,4.3,51.5,4.2,50.0,16.9,13.0,1
8.3,13.19,16.56,8.91,32.3,0.6,200.0,20.3,4.0,0
0.0,17.78,20.29,2.09,66.2,9.2,300.0,21.6,3.0,0
0.0,23.02,22.79,4.87,74.8,0.6,100.0,9.3,0.0,0
0.0,17.2,17.38,0.15,54.6,4.9,500.0,32.3,19.0,0
475.4,28.08,37.71,0.69,45.7,7.8,100.0,29.2,16.0,0
195.5,27.38,30.57,2.74,83.8,3.9,80.0,17.2,7.0,0
952.1,23.67,39.62,5.26,61.7,1.4,200.0,31.0,10.0,1
953.3,29.39,44.8,1.38,62.7,9.5,150.0,14.8,12.0,1
0.0,16.72,16.21,7.17,67.5,3.7,200.0,34.3,22.0,0
0.0,13.15,16.75,1.98,58.7,7.3,150.0,14.5,3.0,0
14.0,23.41,23.27,0.18,76.4,5.9,80.0,28.4,3.0,0
497.1,20.81,29.37,4.95,61.0,7.9,50.0,30.2,8.0,1
2.5,20.24,21.84,0.23,77.8,5.6,80.0,31.4,22.0,0
0.0,15.87,17.36,0.54,74.1,9.1,50.0,20.3,18.0,0
0.0,25.41,27.71,5.3,49.3,2.0,150.0,31.4,1.0,0
1.3,25.9,25.58,5.36,87.9,3.7,100.0,26.1,4.0,0
306.2,22.64,25.23,1.03,79.7,0.7,20.0,35.6,17.0,0
502.6,24.72,31.01,4.89,69.9,9.3,50.0,21.9,8.0,1
14.3,12.05,13.54,1.31,51.7,7.0,150.0,26.0,2.0,0
628.1,21.47,33.95,1.85,59.3,5.3,200.0,31.1,8.0,1
1048.8,22.53,37.04,9.3,66.7,7.2,500.0,20.8,13.0,1
751.5,17.73,28.0,10.98,70.0,0.3,20.0,28.9,9.0,1
813.7,25.17,38.1,3.13,54.1,8.8,200.0,35.1,14.0,1
8.0,20.76,20.35,4.07,69.6,7.0,80.0,21.3,0.0,0
464.1,23.8,32.91,0.3,64.6,5.8,300.0,30.1,16.0,0
152.6,18.56,19.61,5.01,80.3,4.4,300.0,35.5,17.0,0
466.1,20.71,29.68,1.09,55.7,6.0,300.0,31.9,16.0,0
3.2,29.25,28.64,1.63,74.0,4.6,80.0,24.3,19.0,0
15.5,24.25,21.74,5.54,70.0,5.8,80.0,15.5,23.0,0
8.4,15.77,14.89,0.01,65.3,7.1,100.0,42.0,6.0,0
9.4,18.85,18.91,0.61,52.3,4.9,500.0,28.2,22.0,0
0.0,23.87,25.84,0.85,57.8,2.1,100.0,26.9,20.0,0
342.3,10.04,16.77,1.12,69.7,6.5,20.0,10.4,17.0,0
0.0,18.42,19.69,1.43,87.7,6.3,200.0,45.8,3.0,0
0.0,15.64,13.17,2.1,38.4,3.8,100.0,35.9,3.0,0
0.0,21.4,22.02,2.5,70.4,2.9,100.0,24.9,2.0,0
4.3,20.19,17.81,0.04,79.5,8.8,300.0,28.6,21.0,0
787.0,27.32,39.05,5.74,56.3,9.0,80.0,29.3,14.0,1
424.1,25.59,30.12,0.19,67.9,5.8,20.0,31.1,8.0,0
798.6,20.78,33.47,2.92,25.0,6.5,200.0,25.1,10.0,1
409.3,17.58,26.64,0.45,52.2,7.4,300.0,19.2,8.0,0
6.0,19.9,22.94,4.4,48.8,2.4,150.0,24.7,1.0,0
0.0,21.7,16.62,2.47,33.7,0.0,50.0,29.2,0.0,0
510.8,20.85,28.53,8.94,46.2,2.0,80.0,18.6,8.0,1
51.1,18.61,18.09,5.26,56.3,3.9,80.0,23.3,6.0,0
7.7,21.57,17.9,1.67,80.8,7.1,100.0,17.5,4.0,0
952.3,20.29,39.82,0.53,60.5,5.8,300.0,37.3,12.0,1
0.3,28.32,25.64,2.99,34.3,4.3,200.0,31.0,3.0,0
563.9,15.86,24.03,1.77,59.3,5.6,100.0,27.0,8.0,0
260.9,28.58,34.45,0.65,63.8,0.0,150.0,33.6,17.0,0
8.9,27.63,27.06,0.04,55.8,8.9,200.0,22.2,20.0,0
687.7,15.96,24.9,2.22,51.6,4.7,100.0,35.1,9.0,1
1008.2,17.41,31.44,0.11,53.1,9.6,50.0,28.3,10.0,1
0.0,26.53,23.76,2.0,95.0,3.2,500.0,34.4,4.0,0
0.0,24.86,23.82,0.22,54.0,4.2,50.0,31.2,20.0,0
416.9,26.44,31.3,5.11,51.1,3.4,50.0,30.8,16.0,1
927.7,17.59,36.12,4.54,60.5,6.2,500.0,38.1,10.0,1
0.0,13.32,10.63,4.07,55.5,6.0,100.0,29.8,22.0,0
0.0,18.01,16.26,5.33,55.9,8.1,80.0,33.8,3.0,0
13.5,30.25,30.54,1.06,53.6,3.6,200.0,33.5,21.0,0
33.0,31.76,33.27,0.87,95.0,4.7,150.0,30.5,1.0,0
0.0,39.11,39.25,3.13,59.5,3.7,150.0,23.9,23.0,0
833.1,35.03,47.02,0.03,49.9,3.5,200.0,31.2,15.0,1
459.6,13.54,19.65,0.67,65.1,7.1,20.0,25.7,8.0,0
0.0,6.26,8.45,1.22,81.3,1.2,300.0,13.3,0.0,0
5.6,15.86,13.84,3.35,46.9,5.2,100.0,23.8,1.0,0
0.0,14.7,16.84,2.01,71.2,8.6,200.0,28.6,6.0,0
0.0,18.58,20.55,4.89,50.1,5.5,300.0,31.9,20.0,0
60.2,19.92,20.37,0.43,80.9,0.1,200.0,14.3,6.0,0
0.0,26.96,30.31,2.31,89.2,3.4,20.0,43.8,5.0,0
4.8,10.83,8.19,0.0,45.5,3.9,150.0,29.1,2.0,0
966.8,24.84,36.81,1.67,65.3,7.5,300.0,21.5,11.0,1
640.8,15.59,25.92,0.53,,9.9,200.0,28.9,15.0,0
935.2,24.48,36.17,0.32,85.3,6.6,200.0,14.7,11.0,1
0.0,23.12,26.95,1.75,57.5,7.0,100.0,39.9,21.0,0
396.9,20.79,24.28,0.08,56.2,5.3,50.0,38.6,8.0,0
10.6,28.22,30.22,0.75,66.3,1.6,200.0,31.1,22.0,0
9.0,29.66,30.67,1.55,60.4,6.7,150.0,9.3,0.0,0
0.0,20.29,20.15,0.77,77.1,3.7,150.0,36.1,6.0,0
0.0,11.02,8.84,3.55,63.2,2.6,300.0,15.1,3.0,0
930.8,33.07,48.1,0.9,69.3,7.8,80.0,25.2,13.0,1
580.4,29.75,35.58,2.37,54.4,1.4,200.0,24.7,16.0,1
0.0,23.67,20.13,0.91,38.2,4.4,300.0,20.7,20.0,0
0.0,22.37,23.22,0.06,70.1,2.1,300.0,12.4,21.0,0
634.8,19.85,31.15,0.55,79.3,9.4,100.0,24.4,9.0,0
0.0,24.08,24.38,4.66,51.1,2.4,150.0,30.7,19.0,0
467.1,27.7,31.66,5.45,55.2,7.5,300.0,27.3,16.0,0
0.0,9.42,10.32,12.0,86.8,4.1,20.0,35.7,6.0,0
986.1,30.98,44.86,3.42,59.6,1.6,50.0,23.6,13.0,1
208.3,16.17,17.88,0.1,95.0,1.6,300.0,25.4,7.0,0
0.0,15.39,15.35,1.92,60.0,8.5,20.0,21.5,4.0,0
394.8,33.68,39.72,1.05,51.4,5.5,150.0,16.3,16.0,0
0.0,35.16,38.12,7.09,63.3,1.2,150.0,24.9,22.0,0
731.7,25.65,37.52,0.36,57.7,2.5,80.0,31.2,15.0,1
963.0,29.25,41.89,2.18,71.6,3.0,500.0,24.4,13.0,1
1084.4,26.84,45.4,3.33,71.8,9.0,200.0,12.0,12.0,1
0.0,29.11,31.5,0.85,72.1,1.6,50.0,26.0,3.0,0
791.4,25.44,37.45,0.96,,9.5,300.0,14.9,10.0,1
0.0,25.24,21.48,2.09,35.1,2.1,100.0,31.2,19.0,0
15.8,23.05,26.05,2.56,61.5,2.6,80.0,21.5,1.0,0
71.3,15.4,12.96,0.02,51.4,5.4,200.0,26.0,6.0,0
215.4,23.54,29.41,1.91,48.1,1.3,500.0,19.8,7.0,0
133.5,18.32,18.5,1.34,89.4,8.2,300.0,4.8,17.0,0
493.3,17.78,26.26,4.57,64.2,3.0,20.0,18.7,8.0,1
611.1,12.01,22.72,0.6,60.5,4.7,150.0,23.6,9.0,1
252.4,31.19,36.5,2.16,66.7,3.0,500.0,35.7,17.0,0
0.0,30.4,34.04,2.89,39.7,2.7,300.0,34.1,21.0,0
184.9,11.48,20.8,0.4,70.2,7.1,150.0,36.7,7.0,0
0.0,20.57,22.56,7.44,39.1,7.7,200.0,12.7,3.0,0
10.7,26.04,24.8,0.7,58.9,3.9,150.0,17.3,0.0,0
684.2,28.33,41.41,0.12,61.4,1.2,50.0,26.2,15.0,1
0.0,25.26,24.93,0.76,66.3,2.4,100.0,27.1,20.0,0
0.0,19.05,17.16,5.61,25.0,9.6,100.0,19.6,22.0,0
0.0,23.65,21.43,0.35,83.1,7.2,300.0,34.5,2.0,0
0.0,33.65,34.54,2.54,79.5,3.9,80.0,15.0,21.0,0
1.8,26.86,22.66,1.59,72.1,2.1,100.0,22.0,5.0,0
4.5,25.07,23.58,0.6,67.3,5.0,80.0,30.5,0.0,0
0.5,21.6,18.31,0.58,46.9,4.9,80.0,26.8,5.0,0
0.0,22.06,24.45,1.43,53.1,9.0,80.0,23.3,18.0,0
867.6,33.81,47.34,8.29,70.8,4.7,500.0,26.5,14.0,1
0.0,21.33,22.05,1.78,63.0,5.9,80.0,35.3,18.0,0
0.0,22.21,25.1,2.73,42.1,8.2,500.0,25.1,23.0,0
764.9,20.94,36.4,0.7,93.5,9.5,500.0,17.3,15.0,1
262.6,28.77,32.99,0.18,63.5,5.8,50.0,37.9,17.0,0
0.0,8.55,8.42,6.45,73.3,,80.0,21.1,3.0,0
546.4,20.41,30.47,1.16,42.3,3.6,80.0,25.9,16.0,1
895.1,15.88,34.7,0.45,58.3,9.2,20.0,22.2,10.0,1
916.2,31.28,45.3,4.43,87.1,3.1,300.0,26.1,13.0,1
20.1,29.69,29.04,10.64,59.3,7.6,20.0,28.7,1.0,0
662.9,18.01,28.47,6.8,75.4,9.5,80.0,17.7,8.0,0
16.6,25.59,25.46,1.7,71.5,6.9,500.0,26.7,22.0,0
29.6,33.69,35.75,1.1,47.8,0.2,500.0,25.7,20.0,0
953.8,26.37,40.32,2.63,61.3,1.0,200.0,33.4,13.0,1
787.5,15.15,28.39,2.09,83.4,5.4,300.0,35.4,10.0,1
9.5,17.93,18.01,3.54,62.2,1.8,300.0,29.6,5.0,0
881.2,22.72,37.9,2.23,95.0,4.9,200.0,33.8,10.0,1
0.0,18.27,15.55,0.87,50.3,7.9,300.0,26.4,3.0,0
1037.0,31.45,44.87,2.26,74.7,0.4,20.0,28.6,13.0,1
0.0,10.39,11.21,4.58,56.2,1.0,500.0,15.6,3.0,0
691.3,16.86,24.41,6.67,69.4,6.1,100.0,16.0,8.0,1
1046.9,22.02,36.53,1.26,59.6,3.9,50.0,30.5,13.0,1
39.0,18.58,16.04,6.41,41.2,7.2,150.0,15.6,6.0,0
426.3,22.36,30.84,1.83,62.6,4.9,150.0,34.3,16.0,0
636.7,16.39,23.99,5.53,93.5,7.3,150.0,30.8,9.0,1
0.0,32.13,28.16,2.3,80.9,6.1,500.0,36.0,22.0,0
0.0,17.4,16.46,0.01,76.7,4.0,200.0,23.4,0.0,0
74.1,8.73,10.02,1.54,75.6,4.0,300.0,22.8,6.0,0
764.8,33.49,42.19,2.56,43.0,8.3,150.0,41.3,14.0,1
5.7,14.76,15.63,0.95,25.0,1.8,100.0,24.6,22.0,0
739.7,24.31,35.51,4.3,69.6,5.9,300.0,35.4,14.0,1
0.0,23.67,20.13,0.91,38.2,4.4,300.0,20.7,20.0,0
0.0,19.18,21.25,0.09,75.2,8.5,200.0,37.0,19.0,0
25.5,16.51,18.23,2.48,62.2,8.9,200.0,21.6,6.0,0
569.4,23.41,31.88,4.31,62.2,6.4,50.0,26.2,9.0,1
971.1,25.28,38.55,1.69,52.6,8.3,500.0,27.0,13.0,1
3.3,19.38,18.24,2.02,68.3,6.8,80.0,29.7,22.0,0
0.0,27.43,28.2,4.72,83.1,8.0,20.0,23.0,23.0,0
1080.3,21.06,41.81,1.3,89.5,6.5,300.0,20.3,13.0,1
0.0,33.01,36.7,3.5,77.1,3.5,100.0,31.0,18.0,0
964.5,25.7,38.54,1.91,56.3,4.5,50.0,35.4,11.0,1
966.6,25.18,41.31,3.24,39.9,1.2,300.0,29.1,13.0,1
12.6,20.23,20.37,3.24,49.5,6.2,200.0,23.9,1.0,0
920.9,23.76,39.77,7.67,72.6,1.4,500.0,43.3,11.0,1
316.9,15.85,19.59,8.13,62.7,0.8,20.0,19.1,7.0,0
9.0,21.83,21.42,1.45,25.0,2.1,80.0,27.6,2.0,0
2.9,19.13,19.97,0.66,56.2,1.3,50.0,31.0,5.0,0
0.0,19.66,20.53,1.02,82.0,8.7,500.0,35.8,20.0,0
712.9,28.2,42.3,0.7,77.2,0.7,20.0,7.2,9.0,1
0.0,20.56,18.56,0.64,72.7,2.2,100.0,38.2,4.0,0
8.9,13.15,13.7,1.36,49.9,7.3,500.0,19.3,5.0,0
2.3,27.06,24.71,0.44,81.7,2.1,80.0,26.2,22.0,0
15.1,14.83,14.82,1.55,49.8,9.7,500.0,26.1,2.0,0
492.0,26.13,33.25,1.42,85.8,1.3,500.0,37.8,8.0,1
523.1,20.54,27.51,10.53,59.3,7.7,80.0,21.6,15.0,0
0.0,12.95,11.12,3.56,60.1,9.4,150.0,9.3,3.0,0
11.5,16.9,18.54,2.34,85.3,7.6,50.0,20.1,5.0,0
0.0,5.14,5.0,0.82,75.3,6.8,500.0,23.9,4.0,0
1085.6,19.39,33.82,1.28,41.5,6.5,500.0,31.5,12.0,1
0.0,33.63,38.48,1.44,71.3,7.9,200.0,31.8,1.0,0
18.9,24.64,26.44,4.27,89.6,6.5,300.0,25.5,21.0,0
1118.7,25.86,38.77,2.98,40.4,6.9,500.0,,12.0,1
0.0,22.8,22.7,6.09,65.7,0.8,200.0,29.3,0.0,0
953.0,27.2,44.34,1.12,68.4,6.1,20.0,27.8,13.0,1
120.3,23.8,24.06,0.06,50.9,7.8,150.0,20.3,7.0,0
70.4,15.0,18.23,5.24,77.5,8.3,300.0,19.5,6.0,0
8.2,27.9,28.42,0.58,55.1,8.8,500.0,26.9,0.0,0
3.6,24.3,24.36,4.04,83.3,1.9,80.0,18.2,20.0,0
0.6,17.92,18.08,1.78,57.7,8.5,200.0,30.9,2.0,0
443.5,18.55,23.79,3.36,73.3,2.0,150.0,34.0,16.0,0
741.6,14.48,24.11,2.63,84.2,3.6,150.0,12.8,14.0,1
0.0,29.3,24.34,0.06,31.8,2.0,300.0,9.0,21.0,0
12.5,11.91,7.98,0.27,59.7,5.0,100.0,18.4,0.0,0
597.2,18.61,26.76,0.04,70.1,2.3,150.0,25.1,8.0,1
910.1,20.91,36.51,2.03,63.1,7.9,150.0,16.3,10.0,1
0.0,17.65,16.3,6.23,34.6,7.1,80.0,23.2,2.0,0
0.0,29.38,31.48,2.63,95.0,0.2,500.0,16.1,18.0,0
2.3,33.55,35.07,0.14,91.6,7.0,50.0,19.3,1.0,0
0.0,25.72,27.69,0.88,44.0,0.5,500.0,16.2,4.0,0
842.2,13.49,24.42,1.62,77.8,9.8,150.0,36.7,14.0,1
914.8,20.93,34.43,1.17,78.9,5.1,100.0,20.2,10.0,1
847.3,31.57,43.61,3.92,57.8,0.6,300.0,29.0,12.0,1
204.9,26.64,28.35,1.49,68.7,0.7,300.0,22.5,17.0,0
1041.5,19.91,36.45,5.2,68.5,0.2,300.0,23.9,11.0,1
4.7,14.71,12.08,1.14,47.6,5.5,80.0,21.5,5.0,0
4.1,35.18,35.8,1.84,95.0,0.8,20.0,26.0,4.0,0
8.0,28.78,27.41,2.66,47.6,1.6,300.0,15.9,23.0,0
0.0,14.69,15.0,4.57,81.9,0.3,500.0,30.2,0.0,0
1.8,14.83,15.76,1.32,49.8,1.2,50.0,30.6,19.0,0
1095.2,31.21,46.4,1.27,37.9,9.1,300.0,10.5,12.0,1
11.7,26.37,22.23,8.82,69.4,1.4,100.0,23.7,23.0,0
0.9,30.7,31.68,2.04,95.0,6.4,300.0,38.8,3.0,0
6.8,34.21,30.48,1.94,63.0,4.4,150.0,25.7,5.0,0
3.2,26.08,25.55,1.01,64.0,1.4,200.0,14.6,2.0,0
895.7,24.84,35.58,2.22,57.6,1.2,200.0,26.5,11.0,1
280.6,33.49,42.55,2.51,62.3,5.6,80.0,16.0,7.0,0
0.0,21.67,22.52,0.48,62.8,5.6,80.0,22.5,0.0,0
24.3,18.3,21.1,2.55,53.0,5.2,200.0,33.4,5.0,0
380.7,27.62,31.81,2.67,62.0,1.3,200.0,23.1,7.0,1
19.3,34.2,33.44,1.84,87.1,2.6,500.0,23.3,21.0,0
969.6,27.12,42.61,5.62,68.1,4.4,200.0,13.3,14.0,1
12.3,13.79,13.02,8.3,72.4,9.3,200.0,6.4,4.0,0
0.0,26.82,27.26,1.67,59.1,8.9,500.0,22.5,20.0,0
228.6,26.8,29.45,4.1,67.1,0.8,50.0,25.7,17.0,0
324.7,27.99,30.44,0.41,57.3,6.4,200.0,31.4,17.0,0
877.9,22.92,37.29,0.46,86.0,4.1,300.0,25.5,13.0,1
1185.8,18.37,34.95,5.87,79.2,9.0,100.0,28.6,11.0,1
257.4,25.39,29.99,5.92,62.7,7.4,500.0,11.0,7.0,0
684.3,22.25,32.96,2.46,89.1,9.0,100.0,23.3,16.0,1
46.5,14.09,15.86,1.84,84.8,0.5,100.0,17.3,6.0,0
0.0,23.43,21.08,1.3,59.8,8.9,20.0,28.4,21.0,0
916.8,23.54,37.39,0.75,59.5,9.3,300.0,17.9,14.0,1
9.1,23.96,22.07,2.71,60.3,6.3,150.0,29.5,18.0,0
88.3,29.35,32.01,0.22,82.3,2.5,200.0,8.6,6.0,0
319.3,28.8,29.17,2.32,68.5,4.0,80.0,24.7,17.0,0
988.2,21.9,40.64,2.79,73.5,5.4,300.0,23.8,13.0,1
0.0,23.23,24.15,3.88,72.1,0.4,300.0,32.2,0.0,0
0.0,26.98,26.81,1.22,95.0,6.4,20.0,27.0,4.0,0
21.1,22.04,22.9,0.97,87.1,2.2,300.0,29.6,2.0,0
0.0,23.64,24.22,0.55,56.6,5.8,150.0,19.8,22.0,0
0.0,15.7,14.93,5.01,85.9,8.9,50.0,25.7,0.0,0
0.0,26.06,28.33,4.52,87.5,4.7,500.0,27.9,18.0,0
13.8,22.05,17.52,0.68,71.6,5.2,150.0,39.0,22.0,0
10.6,17.27,16.77,0.12,64.8,5.7,300.0,21.4,23.0,0
617.7,22.72,30.17,0.59,37.2,3.7,500.0,,16.0,1
656.9,24.37,31.61,0.34,69.5,9.4,300.0,24.7,9.0,1
1136.8,37.53,56.81,3.17,53.1,7.9,150.0,21.0,13.0,1
0.0,15.0,18.91,2.33,63.8,5.4,80.0,17.6,18.0,0
486.8,35.14,40.85,1.25,86.0,4.9,80.0,22.0,16.0,0
951.5,26.2,37.98,3.66,68.6,0.7,150.0,37.9,11.0,1
10.4,20.23,23.25,0.51,47.9,5.3,100.0,22.8,4.0,0
0.0,20.08,20.58,1.93,53.3,0.4,300.0,10.2,19.0,0
1.6,16.75,16.85,1.28,82.5,2.9,500.0,12.7,19.0,0
877.7,19.27,26.96,0.43,46.8,3.6,20.0,5.4,14.0,1
0.0,20.08,21.38,0.24,61.5,1.8,200.0,28.6,21.0,0
223.8,27.11,30.45,0.45,74.0,9.7,20.0,31.7,17.0,0
50.4,21.5,21.14,0.17,,4.3,150.0,17.0,6.0,0
1039.7,24.92,39.95,1.37,34.3,2.2,80.0,25.0,12.0,1
187.2,18.4,25.03,5.93,51.9,1.6,150.0,24.9,7.0,0
686.8,30.41,42.63,4.02,45.4,4.6,500.0,14.6,10.0,1
0.0,29.64,30.78,0.12,40.6,8.0,50.0,24.7,20.0,0
0.0,21.24,21.25,2.01,75.8,8.3,150.0,18.9,2.0,0
24.6,14.38,15.15,1.16,67.8,2.7,100.0,27.5,22.0,0
810.2,24.4,36.91,0.39,81.4,6.4,100.0,20.8,9.0,1
0.0,25.05,22.39,1.07,75.1,7.5,50.0,47.5,3.0,0
0.0,25.23,26.7,0.34,69.7,2.1,200.0,18.8,5.0,0
0.0,23.19,21.71,5.27,46.1,1.3,50.0,33.7,3.0,0
12.7,26.56,26.57,1.32,76.5,2.1,50.0,16.8,1.0,0
0.0,24.38,27.54,0.02,66.4,4.3,150.0,27.8,18.0,0
799.5,11.54,23.46,0.53,71.8,5.0,500.0,33.1,9.0,1
0.0,21.36,26.88,0.52,54.9,8.8,500.0,26.6,6.0,0
1.2,18.6,18.46,0.95,61.3,7.1,80.0,20.7,20.0,0
10.1,17.08,15.29,4.53,75.2,5.4,100.0,13.8,21.0,0
27.4,27.89,30.59,5.23,68.5,5.5,300.0,19.2,0.0,0
841.2,23.42,35.98,6.8,48.1,1.5,150.0,19.2,14.0,1
0.0,21.74,23.06,0.1,64.0,1.6,20.0,24.5,20.0,0
310.5,17.47,21.87,1.25,47.9,2.1,100.0,26.4,17.0,0
89.0,38.34,44.0,3.97,77.5,4.0,150.0,24.5,6.0,0
892.8,25.47,38.33,0.03,72.4,1.6,300.0,23.7,10.0,1
84.4,22.58,22.65,0.38,66.4,9.8,50.0,19.8,18.0,0
0.0,20.55,19.59,4.11,86.6,9.3,300.0,25.1,19.0,0
13.7,19.55,18.92,1.61,46.1,7.4,20.0,25.5,19.0,0
0.0,22.12,23.21,1.84,45.6,6.2,150.0,28.5,3.0,0
727.0,18.64,28.08,5.84,87.6,9.3,20.0,27.5,15.0,1
0.2,24.32,22.23,3.31,61.9,5.3,500.0,25.4,0.0,0
251.1,20.37,24.49,1.75,36.1,4.2,80.0,13.8,7.0,0
0.0,24.04,24.24,7.22,66.4,8.5,200.0,28.4,23.0,0
696.1,25.25,33.9,1.74,50.8,6.2,80.0,18.6,9.0,1
15.0,23.77,23.5,1.61,61.1,6.7,20.0,38.4,22.0,0
0.0,21.06,21.89,2.03,64.1,1.3,100.0,17.1,18.0,0
4.4,22.3,19.73,1.86,80.8,9.0,150.0,19.8,3.0,0
660.5,20.7,30.54,1.34,40.7,8.1,100.0,24.9,9.0,1
0.0,26.51,28.45,1.28,53.0,3.5,80.0,21.8,3.0,0
979.4,18.6,32.15,0.09,58.8,6.7,80.0,33.2,13.0,1
285.4,26.47,33.05,0.65,67.2,5.4,150.0,18.3,17.0,0
2.3,19.39,19.9,1.53,40.1,3.2,150.0,6.5,21.0,0
0.5,30.35,30.88,1.07,56.2,7.2,200.0,26.1,20.0,0
898.6,18.46,31.39,4.2,72.3,5.2,200.0,13.2,13.0,1
0.0,26.7,24.23,1.59,91.3,1.9,50.0,20.5,6.0,0
15.5,19.89,22.4,1.62,71.8,2.6,500.0,11.4,19.0,0
9.3,16.23,15.62,5.3,90.0,8.7,500.0,18.7,4.0,0
0.0,19.46,21.12,0.43,95.0,4.5,80.0,35.5,6.0,0
11.9,28.65,30.2,0.15,81.8,9.1,50.0,17.1,19.0,0
829.1,27.24,36.85,6.7,76.4,5.2,500.0,31.0,15.0,1
13.5,28.13,26.27,1.22,73.5,9.3,200.0,39.1,21.0,0
872.7,28.1,40.3,1.9,34.8,3.3,100.0,22.0,10.0,1
681.9,34.73,45.75,0.05,64.2,0.2,300.0,16.2,15.0,1
0.0,22.91,22.47,3.62,42.7,0.4,200.0,24.7,6.0,0
0.0,18.32,18.02,5.57,73.3,2.3,50.0,22.3,19.0,0
1028.0,20.58,38.9,0.08,65.6,4.2,150.0,20.7,12.0,1
64.7,21.88,18.9,2.47,63.7,7.7,100.0,26.4,18.0,0
4.4,12.68,12.66,1.85,51.9,8.5,100.0,30.6,21.0,0
249.2,34.14,36.75,4.14,65.3,2.7,50.0,26.6,17.0,0
0.0,16.34,17.47,2.46,63.5,9.4,50.0,32.8,0.0,0
8.8,31.05,29.49,2.0,65.9,9.1,150.0,15.9,5.0,0
80.8,19.39,20.31,5.26,84.3,6.1,500.0,27.6,18.0,0
0.0,39.52,39.16,5.26,45.3,7.8,100.0,28.7,18.0,0
0.0,16.57,16.32,3.87,88.4,7.2,50.0,17.0,23.0,0
2.5,,24.97,0.84,50.9,3.6,200.0,24.7,20.0,0
402.0,20.57,27.72,3.4,37.6,5.9,200.0,19.2,7.0,0
1034.7,23.7,37.05,4.38,69.9,7.8,150.0,22.1,13.0,1
0.0,21.55,20.91,1.61,54.7,5.5,200.0,34.2,18.0,0
8.8,11.45,12.05,1.04,61.2,1.0,20.0,27.9,22.0,0
766.2,13.96,26.35,0.69,64.4,5.4,200.0,24.0,9.0,1
38.8,21.71,19.9,5.02,82.9,7.2,150.0,9.4,6.0,0
55.3,14.84,18.83,0.86,56.4,4.9,300.0,19.2,6.0,0
263.8,30.66,35.48,4.13,50.2,4.8,50.0,20.2,7.0,0
0.0,21.82,22.34,1.1,70.0,5.1,50.0,28.5,1.0,0
0.0,15.89,11.55,4.01,66.6,4.6,200.0,17.5,23.0,0
608.9,7.7,15.23,1.38,75.3,4.4,150.0,15.9,8.0,1
11.5,13.94,17.05,5.49,55.4,4.5,20.0,36.5,2.0,0
0.0,33.69,32.36,2.27,87.2,9.5,150.0,36.7,21.0,0
583.4,26.58,35.26,0.29,89.9,7.7,500.0,31.6,16.0,0
16.6,18.29,21.18,0.86,88.3,0.9,20.0,32.0,5.0,0
549.4,17.38,24.21,0.32,87.7,2.7,500.0,10.7,9.0,1
337.4,27.15,33.18,0.14,76.4,8.3,300.0,19.0,17.0,0
0.0,18.45,20.63,0.58,84.7,0.2,200.0,27.0,21.0,0
713.0,19.57,30.45,4.48,58.0,0.7,150.0,12.3,15.0,1
27.7,17.84,18.42,3.82,,2.0,80.0,32.2,4.0,0
887.5,16.08,28.29,0.38,53.5,1.5,300.0,30.7,10.0,1
2.7,19.87,18.98,0.51,72.3,2.8,200.0,18.2,0.0,0
129.7,26.04,27.53,0.07,84.7,9.4,80.0,17.7,17.0,0
236.8,26.11,26.67,3.95,26.7,0.6,100.0,28.4,17.0,0
952.2,8.61,15.87,0.91,53.2,5.6,150.0,30.0,12.0,1
0.0,28.66,28.09,0.06,50.2,9.0,150.0,38.9,23.0,0
3.8,24.9,21.36,3.58,53.2,9.6,200.0,15.7,23.0,0
23.1,12.36,11.82,0.04,47.4,9.5,50.0,18.1,0.0,0
712.1,33.74,41.15,1.48,71.6,8.2,150.0,27.0,9.0,1
207.3,5.0,5.94,1.52,72.2,1.2,20.0,20.8,17.0,0
0.0,12.7,10.45,0.32,40.6,4.5,80.0,29.9,1.0,0
1.5,12.37,10.14,0.19,95.0,0.3,150.0,18.4,0.0,0
0.0,22.96,23.16,0.63,72.2,7.3,500.0,32.9,6.0,0
277.0,18.01,19.3,2.8,80.0,4.1,100.0,28.9,17.0,0
14.9,27.86,29.49,2.66,70.7,9.3,150.0,28.9,4.0,0
1.2,27.83,24.48,6.59,75.4,6.6,80.0,27.4,2.0,0
155.2,28.41,29.97,3.05,66.9,5.6,200.0,30.6,6.0,0
1.4,10.54,12.37,4.4,57.6,6.8,80.0,24.0,5.0,0
390.2,23.36,30.38,1.04,52.3,7.4,20.0,27.2,16.0,0
832.0,27.33,43.82,1.1,74.1,4.9,300.0,34.0,14.0,1
5.7,34.71,34.66,2.87,67.8,5.8,80.0,29.9,19.0,0
0.0,14.55,15.32,0.38,80.4,9.4,500.0,25.9,19.0,0
956.7,20.34,33.98,2.93,47.1,8.3,500.0,32.4,11.0,1
34.5,21.29,24.5,3.75,45.7,3.5,50.0,22.5,20.0,0
14.2,19.68,17.89,0.74,50.2,6.5,50.0,25.4,4.0,0
835.3,19.7,33.78,2.0,77.6,5.6,20.0,45.4,10.0,1
0.0,29.0,27.12,2.07,74.3,5.0,300.0,25.2,21.0,0
0.0,27.47,28.74,0.17,46.4,8.7,100.0,24.4,3.0,0
0.0,34.98,34.61,1.04,58.0,8.4,500.0,21.5,21.0,0
604.9,15.1,25.03,2.31,68.4,4.9,300.0,27.4,9.0,1
0.0,22.39,25.02,0.22,73.9,5.5,200.0,29.0,18.0,0
0.0,28.61,28.64,2.32,84.4,4.3,80.0,39.6,21.0,0
515.4,32.91,38.05,1.38,48.0,4.0,150.0,29.8,16.0,1
783.4,25.69,39.22,2.33,79.0,2.5,50.0,24.4,10.0,1
849.5,20.73,33.68,0.88,83.6,2.2,20.0,9.3,10.0,1
2.8,32.74,31.32,0.98,56.3,9.1,200.0,23.9,20.0,0
0.0,18.55,17.34,3.25,60.4,5.9,500.0,19.5,4.0,0
91.1,20.08,18.0,2.03,67.8,4.6,150.0,35.4,6.0,0
0.0,19.4,17.75,2.0,85.8,3.7,300.0,22.4,21.0,0
0.0,25.65,24.35,2.42,70.3,4.0,20.0,26.0,22.0,0
493.5,17.83,25.31,2.67,89.4,7.1,50.0,17.2,8.0,0
256.9,27.03,30.3,6.16,83.9,1.0,80.0,29.2,17.0,0
0.0,31.23,33.99,0.0,42.8,1.5,80.0,25.8,6.0,0
450.2,27.37,35.81,1.78,72.9,0.4,50.0,18.3,16.0,1
576.3,20.17,29.34,3.67,80.5,6.8,20.0,32.9,16.0,1
751.3,20.34,32.03,0.49,56.9,7.2,20.0,14.7,9.0,1
0.0,21.45,22.05,0.11,64.3,9.1,300.0,18.7,5.0,0
455.6,30.05,35.47,1.13,95.0,8.8,50.0,31.8,8.0,0
0.0,5.86,5.0,4.59,62.7,5.6,200.0,20.3,4.0,0
0.6,8.08,5.58,0.51,48.9,0.4,80.0,27.4,3.0,0
0.0,18.39,16.92,3.49,73.3,1.8,500.0,15.0,4.0,0
7.2,23.61,24.4,3.74,61.8,2.8,150.0,30.1,20.0,0
939.9,25.18,39.14,2.84,62.6,9.2,20.0,18.0,12.0,1
834.2,27.48,40.65,3.0,72.0,6.5,150.0,33.8,11.0,1
894.5,16.19,31.86,6.46,77.1,0.1,500.0,22.6,12.0,1
3.7,14.55,19.0,2.43,84.6,7.9,80.0,25.9,20.0,0
0.0,15.08,14.88,0.16,70.7,6.3,100.0,25.1,0.0,0
804.6,17.28,31.6,0.91,76.0,1.1,20.0,17.2,9.0,1
993.8,25.63,40.47,5.22,53.0,0.8,80.0,15.7,11.0,1
0.0,17.44,19.95,10.09,75.7,4.4,500.0,24.9,3.0,0
36.1,15.89,16.36,0.74,75.9,7.7,500.0,24.9,20.0,0
775.6,12.86,26.58,4.21,75.9,8.0,20.0,18.9,9.0,1
0.0,15.18,11.91,0.09,46.7,3.4,100.0,25.2,2.0,0
0.0,22.07,24.07,6.94,66.7,7.9,20.0,16.9,21.0,0
997.0,26.77,43.76,2.38,70.4,4.5,50.0,32.8,13.0,1
0.0,20.05,20.37,0.54,35.6,2.6,500.0,37.7,5.0,0
3.8,26.9,26.8,1.11,55.7,3.4,300.0,25.6,20.0,0
553.7,17.83,30.14,2.32,89.1,3.0,200.0,18.5,16.0,1
0.0,39.21,39.41,1.73,67.1,9.6,80.0,13.7,4.0,0
608.5,21.66,32.67,2.22,74.5,1.0,500.0,32.6,9.0,1
623.6,18.43,,0.54,41.3,3.2,200.0,17.6,16.0,1
767.3,10.06,22.59,2.01,61.0,3.5,300.0,26.3,9.0,1
13.6,19.3,20.16,1.42,39.9,8.7,100.0,14.1,22.0,0
0.0,24.2,23.93,2.29,50.7,9.4,300.0,30.4,21.0,0
0.0,8.77,10.97,0.06,56.2,7.5,50.0,22.0,3.0,0
1007.3,24.87,34.38,2.9,95.0,4.3,20.0,16.3,12.0,1
6.3,26.67,24.84,3.4,60.2,4.3,50.0,15.9,1.0,0
159.5,31.93,35.65,3.11,57.4,5.9,20.0,11.2,17.0,0
961.2,16.2,30.05,0.66,50.6,7.2,300.0,19.8,13.0,1
528.5,20.84,29.53,3.3,43.8,4.3,500.0,24.1,8.0,1
878.7,17.68,33.69,0.2,56.6,6.5,20.0,20.0,11.0,1
0.0,24.44,24.26,0.94,64.5,0.2,300.0,20.6,6.0,0
936.5,22.07,37.46,1.17,37.5,6.6,200.0,10.3,14.0,1
0.0,22.07,20.23,0.91,57.7,3.1,200.0,33.2,18.0,0
909.5,27.97,41.06,7.7,48.7,0.4,80.0,18.9,15.0,1
0.0,27.18,27.4,2.46,89.2,4.9,20.0,32.7,19.0,0
748.3,27.67,38.04,0.99,79.2,9.2,300.0,39.5,15.0,1
916.4,20.57,34.05,2.01,59.9,6.0,150.0,37.6,14.0,1
6.3,21.91,20.16,0.19,66.5,9.5,500.0,21.2,5.0,0
7.3,25.57,26.23,0.37,72.8,2.5,300.0,29.7,19.0,0
0.0,16.53,18.26,5.64,64.1,7.9,200.0,20.2,3.0,0
971.3,19.11,32.01,2.88,49.1,2.1,150.0,27.9,13.0,1
13.7,19.55,18.92,1.61,46.1,7.4,20.0,25.5,19.0,0
7.1,26.3,24.9,5.39,49.1,4.0,150.0,29.0,0.0,0
0.0,21.12,20.18,3.29,76.4,8.5,100.0,28.5,3.0,0
0.0,29.74,29.98,1.71,89.4,4.5,80.0,31.9,5.0,0
7.8,9.34,10.98,2.7,71.2,6.4,80.0,15.8,19.0,0
570.7,17.08,24.62,7.01,85.7,4.0,100.0,25.5,16.0,1
6.9,21.05,20.18,0.07,68.2,8.1,200.0,26.7,4.0,0
944.7,21.33,37.03,0.2,86.0,2.6,100.0,16.2,11.0,1
500.9,21.5,32.48,4.17,76.1,7.8,50.0,26.6,8.0,0
1117.7,30.02,49.36,3.99,66.1,1.5,300.0,22.9,11.0,1
0.0,13.4,14.71,0.45,67.6,8.0,50.0,27.2,18.0,0
1007.6,17.01,30.9,0.2,50.6,7.1,20.0,23.6,12.0,1
971.6,28.45,44.15,5.88,66.3,1.3,100.0,11.5,11.0,1
266.8,32.3,39.49,10.99,63.6,1.2,300.0,24.0,7.0,0
222.7,25.21,27.01,0.13,84.4,9.1,300.0,13.7,8.0,0
948.8,26.31,41.08,0.12,54.9,4.9,500.0,25.8,11.0,1
0.0,15.84,15.32,1.91,82.6,8.9,50.0,14.6,5.0,0
0.7,27.33,25.69,0.22,49.7,5.4,200.0,23.0,23.0,0
722.3,27.27,39.12,2.64,76.2,9.6,80.0,34.5,9.0,0
256.9,27.03,30.3,6.16,83.9,1.0,80.0,29.2,17.0,0
0.0,21.51,19.65,1.88,84.8,8.6,300.0,24.0,19.0,0
10.0,17.45,18.69,1.76,81.1,0.8,150.0,26.9,23.0,0
0.0,13.34,10.97,2.15,60.7,6.4,500.0,29.1,0.0,0
510.6,30.42,38.46,2.28,58.2,1.3,20.0,29.6,8.0,1
343.7,19.48,25.86,0.14,85.1,6.6,150.0,26.6,17.0,0
316.2,26.42,34.75,0.06,42.7,5.4,500.0,15.8,7.0,0
0.0,30.42,29.74,5.03,58.3,2.1,150.0,32.8,6.0,0
0.0,19.19,15.43,1.73,62.0,8.5,50.0,12.9,5.0,0
598.8,17.35,28.84,0.05,79.9,4.6,300.0,18.2,9.0,1
1.1,11.24,9.94,3.74,84.7,8.1,200.0,26.3,5.0,0
53.8,29.87,31.46,0.44,74.6,3.1,200.0,31.2,6.0,0
0.0,20.19,21.62,3.05,83.0,4.0,80.0,28.9,20.0,0
0.0,31.8,28.2,8.68,84.0,3.2,20.0,37.5,19.0,0
3.0,18.12,15.79,0.44,61.4,5.6,20.0,37.9,20.0,0
950.5,34.01,51.6,0.6,60.8,5.8,80.0,29.5,13.0,1
533.2,17.75,25.62,1.48,77.5,9.0,200.0,19.2,16.0,0
979.8,24.18,36.66,0.87,61.1,8.7,300.0,26.1,11.0,1
803.8,30.18,41.65,0.61,54.9,8.3,20.0,27.6,15.0,1
259.2,14.71,15.9,0.59,30.5,7.7,50.0,27.7,17.0,0
0.0,17.25,17.43,5.28,58.0,4.5,100.0,18.2,18.0,0
15.8,22.5,22.91,6.61,57.9,8.7,500.0,23.8,1.0,0
740.4,19.81,26.85,3.59,37.2,9.9,80.0,23.6,9.0,1
5.6,16.91,15.09,3.69,80.2,7.5,50.0,35.5,19.0,0
46.7,25.96,26.12,4.27,95.0,5.7,20.0,27.8,18.0,0
570.7,21.58,32.16,1.09,83.5,6.5,,23.1,8.0,1
0.0,23.12,22.36,1.09,55.8,6.2,200.0,28.9,23.0,0
0.0,19.74,19.88,0.18,95.0,0.5,50.0,30.0,19.0,0
0.0,25.53,22.46,12.0,89.1,0.8,20.0,36.4,0.0,0
0.0,22.66,20.85,0.25,64.2,6.6,150.0,23.7,18.0,0
1041.5,12.79,28.37,2.53,62.7,4.6,150.0,35.7,12.0,1
920.7,18.72,33.78,1.06,56.1,7.7,150.0,30.3,11.0,1
546.2,16.07,24.84,4.34,68.2,6.8,300.0,12.3,8.0,1
4.5,26.57,30.35,1.77,40.5,8.0,20.0,18.3,2.0,0
878.0,14.72,27.09,0.95,49.4,9.6,20.0,29.0,13.0,1
12.2,19.79,17.81,1.58,66.7,8.1,500.0,20.9,3.0,0
0.1,16.52,14.77,0.09,72.8,3.1,150.0,24.4,21.0,0
0.0,21.76,20.23,0.08,45.7,2.0,150.0,20.2,21.0,0
4.6,26.09,26.78,5.39,48.0,0.3,20.0,27.5,18.0,0
0.0,28.33,26.67,0.9,78.9,1.8,50.0,17.6,23.0,0
883.9,15.5,27.64,6.13,89.1,7.1,150.0,19.1,11.0,1
0.5,28.35,30.96,1.58,48.7,6.0,200.0,20.8,23.0,0
397.3,25.23,30.59,0.69,54.3,4.0,20.0,42.4,17.0,1
93.7,40.39,41.1,0.25,39.1,4.8,150.0,26.7,6.0,0
401.3,23.9,31.91,4.61,67.5,0.7,100.0,23.2,17.0,0
818.3,29.29,41.32,0.25,69.8,9.0,500.0,34.3,9.0,1
832.6,18.95,29.22,0.73,63.6,4.9,150.0,28.7,14.0,1
0.0,25.38,28.41,1.35,74.1,2.7,50.0,38.2,1.0,0
0.0,16.06,15.81,0.46,74.7,5.6,80.0,25.6,6.0,0
1004.4,24.14,41.16,1.02,73.2,3.0,80.0,21.6,13.0,1
732.3,31.87,43.96,5.51,60.3,4.8,500.0,12.7,10.0,1
2.6,21.12,21.17,2.99,86.1,9.3,50.0,26.8,2.0,0
728.7,17.71,31.46,3.24,77.1,6.6,150.0,41.0,9.0,1
4.9,18.01,18.85,2.24,95.0,8.5,200.0,19.2,2.0,0
0.0,25.07,26.03,3.48,73.7,3.0,300.0,30.1,20.0,0
1.3,17.77,15.07,4.46,77.7,5.0,300.0,32.5,5.0,0
5.5,17.05,13.02,3.46,73.3,7.7,20.0,16.8,1.0,0
0.0,30.91,34.19,4.14,78.2,1.2,300.0,20.4,6.0,0
2.3,16.09,18.86,1.5,54.0,6.9,100.0,26.9,18.0,0
1019.9,20.9,39.3,0.26,64.8,6.4,200.0,37.7,12.0,1
0.0,19.22,22.67,4.2,80.4,9.5,200.0,18.5,1.0,0
0.0,25.67,24.64,0.24,48.0,8.9,50.0,27.3,2.0,0
0.8,5.0,6.45,0.65,70.4,9.3,20.0,23.5,5.0,0
579.2,25.18,31.08,1.35,68.5,8.0,300.0,38.8,16.0,0
0.0,20.28,22.04,0.5,86.5,0.8,150.0,12.3,1.0,0
0.0,38.07,34.88,3.83,41.9,9.7,80.0,34.4,2.0,0
3.1,27.44,29.04,1.59,64.6,5.5,300.0,35.3,1.0,0
0.0,26.86,27.58,0.48,73.0,0.5,300.0,25.9,21.0,0
2.1,11.4,12.06,0.5,75.6,2.1,20.0,26.8,18.0,0
1050.6,35.31,49.9,1.29,29.2,7.0,150.0,29.1,13.0,1
0.0,13.68,14.31,0.84,45.5,1.8,80.0,18.8,0.0,0
6.0,29.32,31.52,0.74,48.8,2.4,100.0,33.9,22.0,0
11.4,26.72,30.42,2.6,41.9,9.5,20.0,13.6,21.0,0
102.5,15.16,20.83,5.34,65.3,5.8,80.0,31.1,6.0,0
761.5,22.91,30.64,2.45,59.5,9.8,150.0,17.9,10.0,1
0.0,22.52,23.82,1.68,67.3,2.0,80.0,18.1,20.0,0
1092.8,22.78,43.34,0.41,81.1,4.5,150.0,31.5,13.0,1
943.5,23.2,36.76,2.33,60.6,3.9,50.0,34.5,14.0,1
0.0,27.95,26.0,3.65,86.6,0.2,200.0,39.8,3.0,0
922.8,20.92,36.73,1.11,55.9,5.2,50.0,44.7,13.0,1
16.5,31.49,30.21,9.44,95.0,3.4,300.0,26.1,22.0,0
0.3,23.4,27.47,2.02,94.5,0.1,150.0,29.9,1.0,0
6.0,25.16,25.68,8.2,52.7,1.0,150.0,25.5,1.0,0
807.9,20.43,31.58,8.98,62.9,4.4,100.0,38.7,14.0,1
616.4,21.27,31.7,3.5,74.0,7.1,500.0,23.3,8.0,0
2.9,25.73,25.72,1.88,91.3,1.5,50.0,24.1,4.0,0
0.0,18.29,18.96,1.24,51.4,9.9,150.0,34.8,4.0,0
567.2,18.25,28.3,0.92,72.0,9.7,500.0,13.0,8.0,1
2.5,21.07,24.89,1.33,77.3,6.6,500.0,14.4,0.0,0
884.7,28.72,42.93,1.89,75.0,2.4,20.0,36.1,10.0,1
375.6,32.75,41.03,0.97,69.7,6.6,50.0,16.4,17.0,0
26.1,19.77,20.1,0.05,81.8,1.7,50.0,21.3,6.0,0
0.0,25.55,26.25,5.2,63.5,6.8,150.0,27.1,22.0,0
449.5,26.3,32.8,0.35,55.9,0.3,200.0,15.1,16.0,1
863.9,18.01,34.45,3.87,70.6,9.8,80.0,37.8,14.0,1
12.9,19.45,19.09,1.51,36.6,7.4,150.0,21.2,2.0,0
7.9,17.06,15.9,8.7,51.3,8.2,150.0,17.6,0.0,0
7.6,11.34,15.41,9.47,65.2,6.9,80.0,25.5,0.0,0
857.3,26.47,38.55,4.49,50.9,8.8,80.0,22.9,10.0,1
1006.9,16.98,25.29,3.38,77.4,9.1,200.0,22.5,12.0,1
526.3,18.99,28.45,0.05,58.8,1.8,150.0,41.1,8.0,1
0.0,28.59,29.25,0.1,75.9,0.6,20.0,22.7,18.0,0
0.0,21.32,23.07,0.41,58.1,6.4,50.0,19.5,3.0,0
931.5,14.43,30.05,1.5,61.0,9.3,500.0,23.6,13.0,1
1060.2,16.31,35.72,1.69,57.0,8.0,50.0,27.5,12.0,1
345.7,19.16,25.53,1.46,76.0,2.8,150.0,23.6,17.0,0
740.8,19.19,28.44,3.91,76.3,4.7,50.0,27.8,9.0,1
520.9,23.2,27.73,4.46,42.3,4.6,80.0,26.9,16.0,1
0.0,19.9,18.94,0.25,54.3,7.5,20.0,50.0,22.0,0
15.1,8.6,9.16,5.02,87.3,9.0,50.0,17.9,1.0,0
110.9,20.35,22.62,3.2,78.7,9.6,20.0,17.5,6.0,0
0.0,10.7,13.17,0.45,88.6,8.5,100.0,19.1,2.0,0
3.8,20.76,20.97,1.55,58.9,1.0,50.0,34.6,0.0,0
1.5,24.19,,3.33,57.1,5.4,500.0,32.1,19.0,0
0.0,7.55,8.4,6.44,75.1,9.2,20.0,30.0,21.0,0
0.0,27.02,25.21,1.31,50.7,1.3,500.0,30.3,2.0,0
265.6,13.33,16.75,1.71,48.6,3.9,100.0,23.7,7.0,0
874.4,29.41,46.13,0.79,48.1,0.1,100.0,37.3,14.0,1
77.7,27.03,25.81,0.81,65.3,1.7,50.0,29.5,18.0,0
3.4,28.44,28.76,4.98,53.2,3.3,300.0,21.1,20.0,0
417.6,25.66,30.84,0.76,51.3,6.6,150.0,37.5,7.0,0
953.9,10.96,24.25,2.16,94.3,3.6,80.0,14.9,12.0,1
586.8,28.12,38.15,0.36,52.5,8.6,200.0,26.8,9.0,0
0.0,29.21,30.57,0.47,58.1,3.1,500.0,15.4,22.0,0
379.4,31.21,40.41,0.65,79.2,9.2,200.0,29.7,17.0,0
0.0,17.97,17.42,0.46,70.0,7.4,150.0,17.0,21.0,0
14.9,20.93,24.7,1.63,79.4,0.5,100.0,29.2,5.0,0
0.0,25.38,22.6,4.42,71.9,3.3,20.0,31.7,2.0,0
81.2,29.86,30.89,5.46,84.7,2.8,50.0,27.1,18.0,0
828.3,20.9,32.74,0.3,50.5,5.9,300.0,36.5,14.0,1
364.2,25.3,30.22,1.71,75.4,0.3,20.0,38.4,17.0,1
1088.4,18.67,36.86,2.44,62.3,8.7,100.0,46.1,13.0,1
0.0,17.63,21.07,4.85,83.6,2.4,50.0,28.4,20.0,0
815.4,35.19,47.94,1.03,87.3,4.8,150.0,17.1,14.0,1
1.9,14.82,13.57,0.93,66.4,6.2,300.0,25.7,0.0,0
0.0,13.18,17.18,3.78,54.4,4.2,300.0,22.4,0.0,0
473.6,17.2,25.53,1.45,86.1,9.8,500.0,33.7,16.0,0
829.9,18.7,32.24,5.58,75.2,3.9,50.0,27.2,11.0,1
0.0,20.9,19.96,0.63,61.4,5.1,150.0,19.3,6.0,0
1.9,31.5,31.06,1.52,64.5,4.4,50.0,12.4,4.0,0
298.6,18.73,21.53,2.36,52.4,2.4,300.0,41.3,17.0,0
0.0,20.78,21.21,1.21,80.5,7.8,100.0,9.1,19.0,0
17.9,20.09,19.18,0.21,79.0,4.0,300.0,19.8,22.0,0
843.9,22.56,33.52,0.02,76.7,8.5,500.0,24.2,14.0,1
1116.3,14.84,30.54,3.28,73.0,9.8,150.0,30.4,13.0,1
0.0,24.99,21.83,0.36,67.0,8.0,500.0,37.5,23.0,0
51.9,21.4,19.71,1.45,77.4,0.7,50.0,36.6,6.0,0
456.7,14.83,22.47,3.18,69.3,5.5,300.0,34.8,16.0,0
9.9,36.95,38.16,2.46,68.0,2.0,50.0,21.6,21.0,0
0.0,20.07,19.09,1.85,64.3,8.6,500.0,19.6,2.0,0
0.0,19.76,19.78,0.64,68.8,7.3,,39.2,20.0,0
656.2,26.42,36.11,0.45,72.8,4.1,500.0,17.2,15.0,1
8.5,22.46,20.26,2.06,58.8,4.2,20.0,26.9,21.0,0
0.0,13.03,10.63,0.09,65.2,2.4,200.0,21.7,1.0,0
0.0,21.96,21.73,0.15,57.9,4.8,500.0,16.6,1.0,0
647.5,24.7,33.62,4.17,83.4,1.0,80.0,24.4,9.0,1
866.8,19.01,33.06,0.36,63.1,9.9,200.0,32.2,14.0,1
746.0,18.85,29.75,2.26,73.4,9.9,200.0,23.8,9.0,1
622.0,29.03,39.72,0.52,85.8,6.3,150.0,27.4,8.0,1
6.0,16.35,12.79,1.75,55.8,3.8,50.0,16.2,19.0,0
10.4,23.04,21.06,0.21,52.6,8.7,300.0,5.5,5.0,0
747.5,17.46,26.45,1.29,66.4,2.3,150.0,21.5,15.0,1
14.9,20.34,21.83,2.43,66.1,0.0,300.0,35.0,4.0,0
5.7,19.32,18.96,6.64,62.6,9.8,20.0,26.1,3.0,0
0.0,23.22,23.67,1.11,44.7,1.1,500.0,24.5,1.0,0
11.1,20.77,20.8,5.3,38.1,5.8,150.0,24.5,4.0,0
443.6,36.04,41.51,1.49,42.8,4.0,300.0,12.8,8.0,0
1006.3,19.57,33.42,2.9,70.3,6.1,200.0,18.6,11.0,1
77.3,16.84,18.94,1.73,76.7,8.6,500.0,13.4,18.0,0
7.3,34.61,33.12,1.76,68.1,1.5,80.0,32.1,19.0,0
11.8,20.01,20.67,0.66,70.3,3.0,20.0,31.3,3.0,0
12.6,23.71,26.24,2.47,63.3,0.1,100.0,9.2,2.0,0
205.7,28.28,32.52,0.59,86.1,1.0,200.0,20.4,7.0,0
44.4,26.47,26.21,0.26,51.0,0.4,20.0,15.8,18.0,0
0.0,29.07,28.36,4.06,46.9,3.4,100.0,26.9,3.0,0
742.9,25.05,37.18,6.31,90.0,6.9,200.0,29.6,14.0,1
0.0,21.03,23.81,0.96,70.0,1.3,200.0,35.6,6.0,0
861.0,29.74,42.4,1.77,78.3,6.9,80.0,28.7,14.0,1
1061.5,28.34,40.73,0.85,48.4,4.8,80.0,18.8,12.0,1
8.8,20.67,20.92,1.29,77.4,2.4,500.0,33.4,19.0,0
2.9,25.47,23.57,4.03,77.6,9.2,20.0,36.9,2.0,0
0.0,17.53,20.02,1.03,73.3,3.1,300.0,36.7,22.0,0
228.9,23.76,26.17,0.08,55.1,9.0,80.0,28.0,17.0,0
0.0,17.37,18.13,1.3,79.4,2.1,300.0,20.4,20.0,0
0.0,15.8,16.08,6.35,55.1,2.0,200.0,21.5,20.0,0
0.0,15.67,20.53,0.83,68.4,4.0,300.0,35.8,0.0,0
931.4,24.1,34.78,1.66,53.9,4.7,100.0,6.7,14.0,1
561.0,17.9,28.35,1.7,80.8,6.8,150.0,3.0,16.0,0
16.5,25.77,25.94,3.05,73.9,3.9,80.0,38.1,3.0,0
200.9,25.65,30.53,2.16,86.3,5.8,50.0,24.0,7.0,0
952.9,22.1,38.43,2.5,59.9,3.2,500.0,31.7,13.0,1
7.2,19.91,19.92,0.29,77.2,2.7,500.0,26.4,0.0,0
3.6,29.49,28.73,1.97,78.9,6.0,300.0,23.8,22.0,0
0.0,17.39,18.96,7.74,76.7,5.4,80.0,24.1,3.0,0
6.3,20.57,19.53,3.91,57.9,7.5,500.0,11.3,22.0,0
886.2,18.88,33.47,3.25,59.4,1.0,300.0,27.0,10.0,1
0.0,19.04,18.58,3.15,83.4,5.4,100.0,11.3,1.0,0
6.0,28.51,28.01,4.78,54.7,0.5,20.0,31.2,21.0,0
0.0,21.67,22.33,1.66,80.0,1.5,20.0,22.9,2.0,0
3.9,19.08,20.26,1.68,77.5,2.9,300.0,11.8,5.0,0
586.6,22.46,33.04,1.09,70.2,7.0,80.0,21.2,8.0,1
452.2,9.96,13.83,0.37,48.3,6.2,200.0,30.3,8.0,0
0.0,24.1,21.61,0.67,69.2,8.1,500.0,19.7,1.0,0
0.0,14.54,13.55,2.11,59.1,8.9,20.0,28.3,20.0,0
0.0,26.43,27.18,2.13,90.0,3.1,300.0,21.5,3.0,0
652.8,22.21,34.09,0.77,94.7,5.1,200.0,36.4,9.0,1
522.0,15.21,20.71,1.76,74.1,2.2,80.0,18.6,16.0,1
28.2,21.44,21.14,3.53,51.7,5.0,50.0,12.9,19.0,0
955.5,22.69,37.43,0.69,67.7,3.8,80.0,25.5,12.0,1
0.0,8.06,7.79,5.5,45.8,5.6,50.0,22.1,1.0,0
0.0,20.8,19.7,0.79,61.8,3.1,100.0,23.3,3.0,0
279.0,23.94,28.98,3.55,77.7,6.5,20.0,22.3,7.0,0
21.9,13.86,15.68,3.11,66.7,5.6,150.0,17.4,20.0,0
0.0,16.15,18.72,1.84,95.0,9.5,500.0,17.2,20.0,0
0.0,12.18,11.08,2.78,57.7,6.4,200.0,16.4,2.0,0
890.1,10.24,25.25,1.29,40.6,3.7,50.0,25.2,12.0,1
13.3,20.39,19.55,0.21,54.1,3.2,150.0,27.4,23.0,0
0.0,16.38,13.56,0.32,74.1,4.8,500.0,32.9,20.0,0
518.6,24.28,32.2,0.59,95.0,7.1,150.0,21.4,16.0,0
506.5,22.58,30.92,3.25,93.4,2.8,150.0,10.9,16.0,1
0.0,25.35,29.11,4.66,57.3,6.7,100.0,17.3,3.0,0
0.0,24.23,24.35,2.86,57.9,8.5,20.0,26.4,22.0,0
152.6,23.6,27.17,3.13,69.2,9.2,50.0,39.9,18.0,0
907.7,17.1,28.84,3.25,60.9,5.2,200.0,15.8,14.0,1
723.2,13.73,24.08,3.0,38.9,0.4,50.0,20.4,15.0,1
13.7,26.93,27.42,1.89,67.1,4.3,150.0,29.0,3.0,0
15.6,30.01,31.01,4.61,61.5,2.8,20.0,25.0,0.0,0
547.7,26.5,34.06,0.33,76.2,5.8,500.0,22.3,15.0,1
0.0,15.24,16.34,9.21,65.5,4.8,100.0,22.4,20.0,0
1043.3,19.14,37.31,1.5,54.7,1.9,20.0,34.1,13.0,1
0.0,22.07,22.98,12.0,55.6,0.7,150.0,14.3,18.0,0
0.0,10.75,13.66,9.44,92.2,4.2,200.0,32.5,3.0,0
0.0,22.57,24.76,0.25,83.4,6.9,100.0,21.7,2.0,0
569.7,20.92,29.86,7.89,61.8,4.8,100.0,23.7,8.0,1
0.6,13.23,11.67,4.32,82.2,0.6,100.0,31.1,0.0,0
546.1,24.05,34.07,0.28,50.0,9.3,500.0,18.8,16.0,0
861.8,24.5,38.94,5.86,86.8,9.2,150.0,32.8,13.0,1
976.8,23.9,40.12,7.3,77.1,3.2,20.0,21.7,14.0,1
0.0,30.95,32.42,0.33,58.7,4.1,200.0,11.1,20.0,0
