历史日均用电量,历史峰值负荷,月用电量,用户类型,电压等级,温度,湿度,是否节假日,时刻,是否高峰
5.43,18.65,155.76,1.0,0.22,9.7,67.8,0.0,10.0,0
873.4,1852.35,24174.79,3.0,110.0,23.3,53.3,1.0,11.0,0
84.2,251.3,2479.49,2.0,0.38,19.5,44.0,0.0,9.0,1
290.84,490.29,9284.21,3.0,35.0,24.6,68.6,0.0,0.0,0
449.07,1426.46,12543.9,3.0,35.0,10.9,31.2,0.0,22.0,0
324.82,1283.46,10028.92,3.0,35.0,28.3,37.9,0.0,1.0,0
6.49,13.85,180.32,1.0,0.38,11.8,69.6,1.0,9.0,0
131.02,206.83,3385.57,2.0,0.38,37.3,62.7,0.0,17.0,0
24.8,49.2,665.99,4.0,0.38,22.2,59.6,1.0,1.0,0
341.14,965.67,8575.43,3.0,35.0,36.0,80.2,0.0,4.0,1
23.25,48.94,606.95,4.0,10.0,28.7,59.8,0.0,20.0,0
7.57,19.67,206.28,1.0,0.38,18.1,55.4,0.0,0.0,0
304.99,517.83,9169.6,3.0,110.0,25.5,45.5,0.0,2.0,0
22.92,52.64,728.74,4.0,0.38,21.3,66.3,1.0,7.0,0
64.81,140.18,1940.82,2.0,0.38,23.0,91.3,0.0,13.0,0
26.15,86.8,787.76,4.0,0.38,2.6,70.5,0.0,9.0,1
170.93,406.18,5323.6,2.0,0.38,28.6,73.3,0.0,5.0,0
12.18,25.35,334.56,1.0,0.22,31.2,54.4,1.0,8.0,1
6.42,25.02,203.45,1.0,0.38,13.1,58.3,0.0,3.0,0
8.53,26.48,213.72,1.0,0.38,40.0,78.5,0.0,12.0,1
6.4,21.34,164.08,1.0,0.38,17.6,71.8,0.0,3.0,0
64.81,259.22,2057.29,2.0,10.0,22.8,44.5,0.0,3.0,0
115.73,302.26,3173.24,2.0,10.0,33.3,83.7,1.0,20.0,0
102.87,271.98,3132.69,2.0,10.0,24.5,56.7,1.0,1.0,0
66.86,160.52,2089.5,2.0,10.0,35.7,64.5,0.0,21.0,1
8.75,17.01,248.78,1.0,0.22,34.7,50.4,0.0,19.0,1
17.76,33.47,456.89,4.0,10.0,21.6,80.2,0.0,1.0,0
4.71,10.2,119.34,1.0,0.38,26.7,66.9,0.0,6.0,0
482.96,903.88,14675.5,3.0,10.0,29.1,72.5,0.0,23.0,0
99.38,344.7,2938.27,2.0,0.38,21.7,41.1,1.0,10.0,1
9.2,33.98,246.61,1.0,0.38,23.5,63.2,1.0,13.0,0
6.14,21.07,165.59,1.0,0.22,24.9,67.8,0.0,18.0,0
4.8,15.23,153.44,1.0,0.38,36.4,63.1,0.0,2.0,0
12.18,48.18,382.15,1.0,0.22,31.2,58.7,0.0,13.0,0
8.16,21.38,209.99,1.0,0.22,13.7,80.1,1.0,10.0,0
6.27,20.23,191.16,1.0,0.22,12.4,80.4,0.0,4.0,0
7.26,21.28,216.75,1.0,0.38,21.1,52.5,0.0,2.0,0
9.09,26.43,232.66,1.0,0.38,40.0,83.9,1.0,18.0,1
193.88,731.53,5954.03,2.0,0.38,11.1,42.3,1.0,22.0,0
18.47,58.32,559.46,4.0,10.0,11.1,68.5,0.0,16.0,1
14.59,42.76,394.82,1.0,0.22,23.5,75.1,1.0,17.0,0
5.53,10.38,143.05,1.0,0.22,19.9,56.1,1.0,13.0,0
68.14,136.26,1905.91,2.0,10.0,16.9,78.5,0.0,20.0,0
5.64,21.0,167.74,1.0,0.22,29.5,44.9,0.0,6.0,1
2207.25,5693.79,68982.29,5.0,110.0,6.0,59.4,0.0,3.0,1
1510.74,4191.36,40871.65,3.0,35.0,27.7,65.0,0.0,2.0,0
225.81,352.08,6615.59,2.0,0.38,37.6,42.0,0.0,21.0,0
5.87,18.65,162.02,1.0,0.38,14.8,82.8,0.0,11.0,0
472.32,1322.03,12070.99,3.0,10.0,13.9,50.6,1.0,20.0,0
736.0,2766.77,19078.24,3.0,110.0,19.4,59.9,0.0,9.0,1
94.33,259.04,2833.51,2.0,0.38,32.0,95.0,1.0,23.0,0
72.69,262.6,1839.92,2.0,0.38,7.4,64.1,1.0,9.0,1
25.73,65.37,717.42,1.0,0.38,31.7,77.3,0.0,2.0,0
358.03,1011.44,10267.85,3.0,35.0,20.3,60.8,0.0,9.0,0
306.7,947.8,7837.52,3.0,110.0,11.5,86.6,1.0,12.0,0
1583.7,5119.31,46562.41,5.0,35.0,19.5,63.1,0.0,19.0,0
6.09,14.94,183.76,1.0,0.22,20.9,77.8,0.0,20.0,1
12.98,44.09,369.11,1.0,0.22,11.6,72.1,0.0,20.0,1
7.76,18.97,206.46,1.0,0.22,8.2,64.0,0.0,9.0,0
26.33,57.51,761.69,1.0,0.22,23.3,62.5,0.0,16.0,0
274.36,858.99,7726.62,3.0,35.0,23.8,51.5,0.0,1.0,0
52.14,149.26,1311.69,2.0,0.38,15.3,79.9,0.0,19.0,1
489.51,1557.57,12472.98,3.0,110.0,36.8,83.4,1.0,19.0,0
737.99,1556.9,21947.87,3.0,35.0,5.7,66.2,0.0,17.0,1
1609.83,5267.51,51035.71,5.0,110.0,27.2,89.2,1.0,8.0,0
25.2,96.31,710.27,4.0,0.38,32.8,73.6,0.0,6.0,1
671.31,1715.58,19890.22,3.0,10.0,21.3,68.6,0.0,7.0,0
5.16,8.27,139.03,1.0,0.38,19.5,49.2,1.0,19.0,0
17.81,67.76,523.9,1.0,0.22,20.0,66.5,0.0,2.0,0
34.78,96.21,911.45,4.0,0.38,29.8,78.5,0.0,13.0,0
2901.19,8825.58,79857.84,5.0,220.0,26.4,59.8,0.0,9.0,1
573.71,2011.04,17206.29,3.0,35.0,10.7,68.0,0.0,1.0,0
5.42,9.13,167.8,1.0,0.38,25.3,80.3,1.0,10.0,0
7.18,16.74,208.43,1.0,0.22,19.3,86.1,0.0,10.0,0
9.92,32.5,261.88,1.0,0.22,21.9,92.3,1.0,3.0,0
9.32,36.28,233.39,1.0,0.38,25.4,90.8,1.0,22.0,1
4.16,10.98,110.83,1.0,0.22,34.7,55.2,0.0,18.0,0
7.33,12.45,211.84,1.0,0.38,32.9,58.7,0.0,22.0,1
68.99,255.0,1975.56,4.0,10.0,20.6,47.6,0.0,15.0,1
4.77,8.69,147.7,1.0,0.38,23.3,77.1,0.0,2.0,0
53.9,103.06,1527.69,2.0,0.38,18.3,55.2,0.0,19.0,1
4.06,15.56,124.34,1.0,0.22,30.8,69.1,1.0,19.0,1
9.25,20.36,290.4,1.0,0.38,28.4,64.5,0.0,2.0,0
4.91,12.74,135.59,1.0,0.22,33.7,85.9,1.0,15.0,1
11.03,34.91,284.67,1.0,0.22,-3.6,70.7,1.0,5.0,0
254.82,619.41,6800.82,3.0,110.0,18.0,61.7,0.0,5.0,0
9.18,26.14,257.4,1.0,0.22,38.1,79.0,0.0,16.0,1
4.75,17.29,130.1,1.0,0.38,25.9,48.2,1.0,22.0,1
7.47,18.95,213.56,1.0,0.22,16.2,95.0,0.0,18.0,1
153.66,541.61,4714.87,2.0,0.38,31.6,73.5,0.0,19.0,0
12.26,20.33,343.03,1.0,0.38,33.4,53.7,0.0,20.0,1
47.66,138.71,1420.06,2.0,0.38,35.6,53.6,0.0,1.0,0
20.07,37.46,597.53,1.0,0.38,13.4,51.1,1.0,10.0,0
433.28,1210.48,12561.99,3.0,110.0,32.8,73.4,1.0,12.0,0
57.92,229.47,1823.49,2.0,0.38,35.0,45.1,1.0,21.0,1
288.22,574.09,8600.71,3.0,35.0,16.7,71.7,0.0,5.0,0
5.23,14.8,164.06,1.0,0.22,12.7,50.3,0.0,11.0,0
6.26,17.62,189.91,1.0,0.22,11.8,70.3,0.0,7.0,1
6.66,20.5,202.54,1.0,0.22,26.4,51.2,1.0,13.0,0
80.38,211.05,2496.55,2.0,10.0,27.2,45.4,1.0,16.0,1
7.78,13.22,197.87,1.0,0.22,27.9,50.3,0.0,2.0,0
668.21,1313.38,19620.04,3.0,110.0,24.8,90.4,1.0,5.0,0
608.79,977.84,16448.95,3.0,10.0,15.5,45.4,0.0,21.0,0
27.34,89.95,728.18,4.0,10.0,18.7,52.6,1.0,0.0,0
3075.73,7014.07,85786.22,5.0,35.0,38.8,61.1,0.0,18.0,1
8.97,33.79,250.11,1.0,0.38,24.5,53.9,0.0,18.0,1
21.24,77.21,679.25,1.0,0.22,29.8,78.8,0.0,20.0,1
4676.59,13213.5,127579.24,5.0,35.0,35.1,48.7,0.0,10.0,1
4.36,15.6,124.33,1.0,0.22,33.0,55.9,0.0,12.0,0
120.21,249.73,3740.56,2.0,0.38,11.2,59.7,0.0,7.0,1
1347.92,5090.55,35672.32,5.0,35.0,15.7,72.1,0.0,13.0,1
5.81,12.64,175.94,1.0,0.38,14.0,73.5,1.0,18.0,1
63.37,112.02,1776.97,2.0,10.0,23.0,46.4,0.0,20.0,1
130.42,390.77,3980.44,2.0,0.38,18.8,81.5,0.0,0.0,0
9.5,20.49,294.59,1.0,0.22,35.1,63.3,0.0,20.0,0
40.72,107.95,1216.04,4.0,10.0,17.1,68.0,1.0,15.0,1
39.62,155.06,1119.3,4.0,0.38,24.5,39.0,1.0,17.0,1
6.0,20.33,178.98,1.0,0.22,19.0,59.6,0.0,14.0,0
735.19,2006.95,22460.01,3.0,10.0,29.4,68.7,0.0,14.0,1
12.98,44.09,369.11,1.0,0.22,11.6,72.1,0.0,20.0,1
1605.32,6218.58,43392.84,5.0,220.0,16.9,49.6,0.0,13.0,1
124.25,194.96,3136.92,2.0,10.0,29.2,59.0,0.0,8.0,0
7.47,18.95,213.56,1.0,0.22,16.2,95.0,0.0,18.0,1
6.65,22.9,192.85,1.0,0.22,13.5,60.8,0.0,13.0,0
4.36,15.6,124.33,1.0,0.22,33.0,55.9,0.0,12.0,0
107.47,344.7,2874.58,2.0,10.0,21.4,80.5,0.0,3.0,0
6.81,23.06,170.5,1.0,0.38,21.6,40.2,0.0,5.0,0
4.75,10.91,127.87,1.0,0.22,22.5,48.7,0.0,15.0,0
5.15,13.15,164.24,1.0,0.22,26.9,64.9,0.0,2.0,0
5.08,11.64,127.74,1.0,0.22,40.0,25.0,0.0,10.0,0
7.74,24.84,216.2,1.0,0.38,34.9,81.7,0.0,7.0,1
4.52,12.61,134.41,1.0,0.38,20.6,67.1,0.0,9.0,0
10.71,21.04,297.4,1.0,0.38,25.1,64.7,0.0,17.0,0
65.59,229.53,1750.59,2.0,0.38,5.7,64.4,0.0,11.0,1
585.92,1038.97,15731.78,3.0,35.0,7.9,49.0,0.0,2.0,1
115.62,300.63,3601.19,2.0,10.0,40.0,67.1,0.0,14.0,0
10.15,36.3,311.94,1.0,0.22,19.1,54.3,0.0,23.0,0
5.12,10.61,135.85,1.0,0.38,19.8,81.6,0.0,9.0,0
6.86,16.14,192.63,1.0,0.22,24.0,83.3,1.0,10.0,0
6.46,16.8,180.57,1.0,0.22,26.4,48.9,0.0,10.0,0
1437.68,4575.04,41254.42,5.0,110.0,26.7,76.9,0.0,3.0,0
98.81,151.99,2920.29,2.0,0.38,23.7,95.0,0.0,7.0,0
98.05,250.26,3031.94,2.0,10.0,28.1,75.8,0.0,3.0,0
45.84,92.68,1146.49,4.0,0.38,28.4,79.2,0.0,9.0,1
82.04,142.38,2290.95,2.0,0.38,28.5,66.3,0.0,,0
54.34,193.82,1674.68,2.0,10.0,15.8,74.0,1.0,6.0,0
3856.61,7813.66,116741.86,5.0,35.0,36.3,54.7,0.0,8.0,1
21.23,79.98,548.53,4.0,10.0,18.0,52.8,0.0,20.0,0
176.05,,5124.67,2.0,10.0,25.7,64.7,0.0,12.0,0
52.6,175.51,1346.06,2.0,10.0,31.0,43.1,1.0,18.0,1
20.92,55.17,572.05,4.0,10.0,27.0,58.7,0.0,20.0,0
44.08,141.87,1393.51,2.0,10.0,21.7,63.2,0.0,21.0,1
8.31,16.23,256.29,1.0,0.38,29.6,79.8,1.0,23.0,0
4.66,18.39,119.46,1.0,0.22,31.9,71.0,1.0,23.0,0
6.15,23.02,188.03,1.0,0.38,31.7,63.2,0.0,13.0,0
641.13,1679.8,19912.7,3.0,10.0,27.4,50.7,0.0,8.0,1
8.37,16.82,250.01,1.0,0.22,14.9,63.4,0.0,3.0,0
16.6,62.45,437.03,1.0,0.22,13.4,43.0,1.0,3.0,0
61.9,234.67,1694.41,4.0,10.0,23.7,61.1,0.0,16.0,0
4.59,17.78,143.25,1.0,0.22,24.9,70.7,0.0,3.0,0
5.69,19.43,166.09,1.0,0.22,30.5,38.6,0.0,6.0,1
6.28,18.96,182.55,1.0,0.22,21.5,95.0,0.0,5.0,0
49.84,159.02,1584.98,2.0,10.0,13.3,41.1,1.0,2.0,0
13.41,46.13,345.21,1.0,0.22,30.4,65.1,0.0,18.0,1
6.36,15.05,187.55,1.0,0.38,27.2,56.1,1.0,1.0,0
5.07,18.62,132.43,1.0,0.22,13.7,81.2,0.0,2.0,0
6.37,21.44,190.78,1.0,0.22,28.1,36.3,0.0,12.0,0
11.08,42.1,345.64,1.0,0.38,16.2,50.2,1.0,15.0,0
164.07,472.21,4585.62,2.0,10.0,6.1,71.6,1.0,7.0,0
9.41,14.89,238.87,1.0,0.22,23.8,71.1,0.0,5.0,0
13.23,20.31,423.11,1.0,0.38,10.4,66.6,0.0,17.0,0
489.74,1049.38,14722.36,3.0,10.0,28.7,88.9,1.0,8.0,0
128.62,364.85,3222.64,2.0,0.38,13.6,55.5,0.0,10.0,1
42.52,127.75,1237.37,2.0,10.0,29.8,54.2,0.0,17.0,0
15.19,39.25,460.03,1.0,0.22,18.8,44.0,0.0,23.0,0
41.62,94.35,1325.3,2.0,10.0,19.3,52.8,0.0,4.0,0
6.71,18.26,199.05,1.0,0.38,18.2,77.3,0.0,2.0,0
48.58,80.78,1221.27,2.0,0.38,20.8,55.0,0.0,11.0,1
7.33,20.12,230.12,1.0,0.22,7.4,47.6,1.0,21.0,0
85.42,261.26,2306.88,2.0,10.0,30.5,59.6,0.0,0.0,0
37.59,149.24,1128.07,4.0,10.0,25.7,51.6,1.0,21.0,0
490.45,1755.44,13119.61,3.0,110.0,7.4,75.0,1.0,0.0,0
79.11,206.21,2422.57,2.0,10.0,27.3,60.4,0.0,1.0,0
58.36,156.74,1810.22,2.0,10.0,9.5,59.5,1.0,8.0,1
361.29,653.16,9559.58,3.0,110.0,17.7,84.0,0.0,10.0,0
4.12,6.22,110.34,,0.38,25.1,62.3,0.0,9.0,1
11.44,31.18,294.46,1.0,0.38,32.1,95.0,0.0,8.0,1
347.59,1208.26,8813.67,3.0,110.0,17.9,48.0,0.0,2.0,0
53.75,193.42,1686.67,2.0,10.0,28.8,58.5,1.0,3.0,0
6.83,13.18,194.46,1.0,0.38,13.2,42.9,0.0,2.0,0
1086.97,2653.71,33164.13,5.0,35.0,28.1,53.4,0.0,13.0,1
1452.42,2313.56,39277.08,5.0,220.0,25.7,79.7,0.0,3.0,1
401.62,993.14,10367.87,3.0,10.0,19.8,53.1,1.0,17.0,0
368.5,1044.13,9595.32,3.0,35.0,35.0,62.5,0.0,2.0,1
60.43,189.03,1748.73,2.0,10.0,17.4,61.5,0.0,1.0,0
12.33,27.6,359.43,1.0,0.38,33.4,42.3,1.0,2.0,0
694.25,1907.12,18007.67,3.0,35.0,14.8,80.3,0.0,0.0,0
7.02,18.56,209.37,1.0,0.38,19.5,58.6,1.0,2.0,0
5.89,20.1,170.28,1.0,0.22,30.0,52.6,0.0,11.0,0
95.5,350.17,3025.77,2.0,0.38,11.1,64.2,0.0,4.0,0
50.09,98.82,1374.13,2.0,0.38,15.7,52.9,1.0,0.0,0
2953.09,11271.53,90655.3,5.0,35.0,27.0,51.4,0.0,1.0,0
5.19,11.18,159.42,1.0,0.38,27.8,84.9,0.0,11.0,0
379.47,879.5,10788.41,3.0,110.0,24.1,72.5,0.0,15.0,1
58.36,156.74,1810.22,2.0,10.0,9.5,59.5,1.0,8.0,1
5.78,12.84,165.5,1.0,0.38,14.5,48.6,0.0,19.0,0
73.75,219.29,1901.95,2.0,0.38,15.1,79.5,0.0,9.0,1
12.95,23.68,344.96,1.0,0.38,40.0,45.3,0.0,10.0,0
312.51,976.56,8999.87,3.0,110.0,16.4,67.1,0.0,21.0,0
50.33,169.34,1510.94,4.0,10.0,27.8,61.8,1.0,5.0,0
8.14,15.48,214.04,1.0,0.22,29.0,69.6,0.0,10.0,0
361.29,653.16,9559.58,3.0,110.0,17.7,84.0,0.0,10.0,0
5.8,21.62,169.66,1.0,0.22,22.2,73.1,1.0,14.0,0
164.36,324.84,4726.07,2.0,0.38,26.4,43.5,0.0,5.0,0
1237.27,2025.62,37096.86,5.0,35.0,38.4,66.6,0.0,19.0,1
8.34,26.13,252.35,1.0,0.22,34.1,60.8,0.0,3.0,0
5.24,9.76,142.63,1.0,0.22,-5.0,59.1,0.0,20.0,1
332.55,1014.84,10245.36,3.0,35.0,20.5,70.2,1.0,8.0,1
116.89,426.07,3216.8,2.0,10.0,34.9,83.8,0.0,10.0,1
5.58,9.18,168.25,1.0,0.38,40.0,66.9,1.0,14.0,1
89.14,266.85,2754.52,2.0,0.38,10.8,60.7,0.0,6.0,0
16.9,48.34,537.94,4.0,10.0,19.2,87.0,0.0,13.0,1
4.8,10.02,124.94,1.0,0.38,17.6,42.8,0.0,3.0,0
56.67,93.1,1775.81,2.0,0.38,26.0,53.6,0.0,12.0,1
10.73,39.32,268.87,1.0,0.38,9.2,79.2,0.0,15.0,0
6.26,20.32,191.44,1.0,0.38,24.0,79.1,0.0,15.0,0
66.72,223.45,1780.01,4.0,10.0,28.4,69.1,0.0,14.0,1
79.25,218.25,2222.43,2.0,10.0,34.8,70.0,0.0,4.0,1
87.22,245.08,2284.45,4.0,10.0,28.3,54.0,0.0,13.0,1
15.73,31.87,399.09,4.0,10.0,15.9,45.8,0.0,14.0,0
83.38,223.23,2179.86,,10.0,20.8,67.7,0.0,2.0,1
343.78,1208.11,8837.84,3.0,10.0,26.1,37.4,0.0,9.0,1
63.85,231.24,1730.6,2.0,10.0,10.7,63.5,0.0,22.0,0
103.38,160.65,3247.06,2.0,10.0,12.1,54.6,0.0,3.0,1
7.91,30.1,242.89,1.0,0.22,34.2,73.4,0.0,4.0,0
12.42,30.42,351.39,1.0,0.38,28.9,66.9,1.0,20.0,1
45.49,87.7,1365.39,2.0,10.0,19.9,79.0,0.0,17.0,0
5.02,18.69,128.74,1.0,0.22,18.8,69.4,0.0,16.0,0
452.58,1777.93,12457.84,3.0,10.0,22.8,86.4,0.0,18.0,0
10.69,27.8,305.88,1.0,0.22,22.1,71.2,1.0,8.0,1
4.84,7.42,141.56,1.0,0.22,35.7,54.1,0.0,19.0,1
57.65,156.87,1627.63,2.0,0.38,40.0,54.2,0.0,22.0,0
81.92,125.32,2202.99,2.0,0.38,40.0,51.2,0.0,1.0,0
10.62,30.18,277.04,1.0,0.38,8.1,73.2,0.0,8.0,0
124.09,274.57,3429.56,2.0,0.38,21.6,80.6,0.0,10.0,0
80.43,276.41,2380.85,2.0,0.38,18.8,80.3,0.0,18.0,0
369.58,1261.74,11544.69,3.0,35.0,33.9,57.7,1.0,13.0,0
94.5,215.29,2762.51,2.0,10.0,40.0,72.9,0.0,13.0,0
151.95,319.07,4308.8,2.0,0.38,25.6,53.1,0.0,11.0,1
8.23,15.3,231.24,1.0,0.38,17.2,38.7,0.0,3.0,0
95.97,275.71,2689.16,4.0,10.0,7.3,45.2,0.0,14.0,1
4.56,8.04,141.39,1.0,0.38,25.4,74.9,1.0,2.0,0
11.13,41.51,316.01,1.0,0.38,19.2,95.0,0.0,5.0,0
54.3,158.46,1497.7,2.0,0.38,25.2,75.8,1.0,7.0,0
47.99,100.31,1405.49,2.0,10.0,18.6,54.8,0.0,10.0,0
45.53,173.04,1204.33,2.0,10.0,24.8,43.3,0.0,3.0,0
551.05,2058.18,14085.59,3.0,10.0,31.8,94.2,0.0,12.0,0
373.1,1112.54,11552.23,3.0,10.0,22.8,45.6,0.0,6.0,0
731.15,1396.81,21609.32,3.0,35.0,25.7,64.2,0.0,12.0,1
17.51,43.82,445.98,4.0,10.0,19.6,61.0,0.0,16.0,1
381.93,1505.6,12112.42,3.0,10.0,22.1,35.7,0.0,20.0,0
1951.65,5324.79,57310.2,5.0,220.0,36.0,31.7,0.0,13.0,0
715.09,1103.58,18024.35,3.0,10.0,25.6,71.2,0.0,18.0,1
8.38,14.02,231.62,1.0,0.22,40.0,47.2,1.0,11.0,1
1316.63,4718.42,37585.95,5.0,35.0,30.3,84.3,0.0,19.0,1
128.47,367.33,3544.49,2.0,0.38,17.9,52.3,0.0,4.0,0
50.05,175.53,1390.23,2.0,10.0,19.8,88.9,0.0,10.0,0
44.49,75.53,1330.72,4.0,10.0,20.9,44.5,0.0,21.0,0
118.01,372.73,3582.14,2.0,0.38,26.1,38.6,1.0,12.0,1
18.15,52.45,534.99,4.0,10.0,33.9,90.3,0.0,19.0,0
1942.46,6145.36,55256.25,5.0,220.0,27.0,88.3,0.0,7.0,1
13.76,36.34,352.15,1.0,0.22,7.0,73.8,0.0,23.0,0
48.85,108.71,1385.46,2.0,10.0,17.3,54.7,0.0,7.0,0
27.47,60.72,764.4,4.0,10.0,29.5,77.6,1.0,1.0,0
6.24,22.16,164.53,1.0,0.22,26.6,66.1,0.0,19.0,0
5.33,8.44,162.61,1.0,0.38,23.6,75.5,0.0,11.0,0
,11.59,139.79,1.0,0.22,16.8,61.8,0.0,15.0,0
1510.74,4191.36,40871.65,3.0,35.0,27.7,65.0,0.0,2.0,0
60.3,137.15,1606.98,2.0,0.38,31.5,76.1,0.0,2.0,0
8.96,25.39,272.73,1.0,0.22,14.0,69.9,0.0,22.0,1
55.09,182.97,1687.23,2.0,0.38,8.6,47.2,1.0,6.0,0
8.22,13.51,222.77,1.0,0.38,11.4,56.2,0.0,21.0,0
74.64,231.4,2162.91,2.0,0.38,25.2,64.0,0.0,7.0,1
45.35,87.18,1450.79,2.0,10.0,31.3,73.5,0.0,23.0,0
4.49,9.32,136.4,1.0,0.38,30.1,64.4,1.0,0.0,0
11.33,19.11,309.35,1.0,0.22,26.0,67.0,0.0,6.0,1
4.86,16.5,144.27,1.0,0.38,15.6,60.0,0.0,6.0,0
9.09,13.79,282.88,1.0,0.22,6.0,74.9,1.0,19.0,1
1027.29,1583.06,,3.0,35.0,33.7,77.9,0.0,7.0,0
33.46,65.61,837.76,4.0,10.0,20.9,67.2,1.0,3.0,0
5.9,14.6,169.17,1.0,0.22,28.9,80.3,0.0,15.0,0
87.42,284.72,2474.66,2.0,10.0,24.3,40.8,1.0,11.0,0
5.57,21.09,169.98,1.0,0.38,19.1,35.7,0.0,13.0,0
26.64,51.05,812.35,4.0,0.38,34.8,58.5,1.0,1.0,0
10.29,16.74,296.71,1.0,0.38,24.7,85.7,1.0,4.0,0
73.44,111.45,2240.99,2.0,0.38,38.7,90.5,0.0,20.0,1
6.31,15.11,182.01,1.0,0.22,32.5,60.9,1.0,12.0,1
23.48,58.19,614.44,4.0,10.0,9.8,82.2,0.0,17.0,0
225.02,770.61,6807.77,2.0,0.38,10.4,62.9,0.0,8.0,0
4.9,15.58,133.54,1.0,0.38,26.3,44.2,0.0,22.0,1
385.4,1013.99,11229.18,3.0,35.0,16.9,65.5,0.0,3.0,0
313.92,1141.75,7889.71,3.0,110.0,40.0,66.0,0.0,18.0,1
4.36,14.18,124.72,1.0,0.22,,56.4,0.0,12.0,0
10.95,23.43,346.71,1.0,0.38,31.0,57.3,1.0,17.0,1
15.24,32.14,388.34,4.0,10.0,22.8,62.0,0.0,6.0,1
40.34,64.6,1231.48,2.0,10.0,17.7,77.2,0.0,21.0,1
12.51,34.04,366.46,1.0,0.38,22.4,72.8,1.0,4.0,0
6.06,21.48,162.37,1.0,0.38,37.6,68.7,0.0,22.0,0
288.76,869.98,7371.35,3.0,35.0,30.8,56.3,0.0,16.0,1
25.76,90.1,734.53,,0.38,16.3,62.9,0.0,10.0,1
13.54,50.52,362.89,1.0,0.22,8.2,63.5,0.0,12.0,0
136.01,315.21,3766.08,2.0,0.38,28.5,76.4,1.0,6.0,1
1371.6,5025.75,40325.33,3.0,35.0,24.2,48.7,0.0,14.0,1
72.02,114.99,1966.75,4.0,0.38,19.7,56.3,0.0,14.0,0
431.03,1152.76,11281.9,3.0,10.0,19.0,85.5,0.0,6.0,1
4.78,18.19,135.58,1.0,0.38,15.9,58.2,0.0,16.0,0
47.99,100.31,1405.49,2.0,10.0,18.6,54.8,0.0,10.0,0
50.57,100.75,1337.27,4.0,0.38,7.8,76.6,0.0,6.0,1
4.61,14.77,142.84,1.0,0.38,19.1,65.5,0.0,13.0,0
7.3,15.37,192.97,1.0,0.22,26.1,62.5,0.0,6.0,1
105.49,416.96,2941.88,2.0,10.0,28.2,65.8,0.0,9.0,1
1518.42,5152.12,39570.24,5.0,35.0,26.8,73.3,0.0,21.0,1
25.73,65.37,717.42,1.0,0.38,31.7,77.3,0.0,2.0,0
413.27,677.56,11288.12,3.0,110.0,22.2,42.9,0.0,10.0,1
40.93,82.52,1081.76,2.0,0.38,9.7,77.9,1.0,0.0,0
6683.54,15694.47,199589.4,5.0,220.0,-4.1,81.5,0.0,10.0,1
178.49,548.96,4595.38,2.0,0.38,-0.1,82.6,0.0,10.0,1
19.61,70.48,520.35,4.0,0.38,16.2,67.7,0.0,22.0,0
70.82,116.25,2064.39,2.0,0.38,14.8,85.6,0.0,10.0,0
303.27,772.33,9669.02,3.0,35.0,25.5,63.8,0.0,14.0,1
4.47,12.2,125.35,1.0,0.38,40.0,49.3,0.0,14.0,0
1137.99,2559.28,34963.46,5.0,35.0,32.5,64.5,1.0,0.0,0
17.32,40.79,448.45,1.0,0.38,26.3,66.7,1.0,23.0,0
7.12,24.72,203.25,1.0,0.38,7.8,41.0,0.0,9.0,0
13.71,24.12,395.55,1.0,0.38,32.0,85.7,0.0,5.0,0
84.73,161.2,2674.69,2.0,10.0,17.6,93.6,0.0,0.0,0
25.99,60.35,668.23,4.0,10.0,8.8,66.0,0.0,2.0,0
5.96,21.14,162.98,1.0,0.22,19.2,75.3,0.0,3.0,0
86.12,286.79,2189.42,2.0,10.0,19.5,74.6,0.0,21.0,0
7.39,17.64,221.23,1.0,0.38,21.9,60.0,0.0,16.0,0
20.16,76.3,564.21,4.0,0.38,14.7,48.9,0.0,9.0,1
306.88,471.51,9766.18,3.0,35.0,26.3,74.2,1.0,12.0,0
114.54,180.03,3422.6,2.0,0.38,27.8,72.1,1.0,16.0,1
16.36,41.12,511.82,1.0,0.22,14.9,49.3,0.0,22.0,1
391.33,658.25,12468.63,3.0,10.0,40.0,61.4,0.0,13.0,1
438.47,1397.36,12862.69,3.0,110.0,15.6,69.8,0.0,3.0,0
243.23,640.18,6871.15,2.0,10.0,33.6,39.3,0.0,10.0,1
15.49,42.93,444.85,1.0,0.22,36.6,37.1,0.0,21.0,1
88.71,191.45,2387.12,4.0,0.38,31.5,58.6,0.0,9.0,1
83.84,303.81,2611.86,2.0,10.0,15.0,70.5,0.0,0.0,0
2355.11,4537.84,59894.84,5.0,35.0,9.9,78.1,1.0,14.0,0
6.05,10.32,172.83,1.0,0.38,29.8,68.6,0.0,16.0,0
5.73,14.64,159.34,1.0,0.22,17.9,76.4,0.0,16.0,0
52.31,125.98,1640.69,2.0,0.38,11.8,52.7,0.0,12.0,0
61.37,157.77,1874.18,2.0,0.38,37.4,63.0,0.0,0.0,0
12.03,47.44,365.4,1.0,0.22,15.1,61.7,1.0,20.0,1
55.57,121.23,1426.76,2.0,0.38,28.2,69.2,0.0,21.0,0
7.35,29.22,218.42,1.0,0.22,21.6,76.5,0.0,18.0,1
113.02,347.63,3230.25,2.0,0.38,33.2,72.8,1.0,23.0,0
81.36,312.92,2579.4,2.0,0.38,24.9,69.2,1.0,22.0,0
90.49,357.29,2573.71,2.0,10.0,10.9,72.0,0.0,11.0,0
9.82,33.43,309.98,1.0,0.22,8.4,88.4,1.0,3.0,0
6.46,19.1,183.18,1.0,0.38,24.3,64.1,1.0,14.0,0
14.59,42.76,394.82,1.0,0.22,23.5,75.1,1.0,17.0,0
833.33,1545.05,23562.57,3.0,110.0,10.8,75.7,0.0,6.0,0
13.2,38.27,401.44,1.0,0.38,17.8,77.8,0.0,18.0,1
10.41,33.27,266.54,1.0,0.38,22.0,59.2,1.0,20.0,0
113.35,307.43,2866.47,2.0,0.38,27.9,72.2,0.0,0.0,0
4.88,16.18,123.65,1.0,0.22,27.3,52.3,0.0,11.0,0
92.76,172.88,2393.11,4.0,0.38,22.0,48.6,0.0,19.0,0
27.67,50.19,765.88,1.0,0.38,17.0,61.3,0.0,22.0,1
300.7,789.09,9009.8,3.0,35.0,18.9,85.2,0.0,13.0,1
1339.98,3937.72,41042.29,3.0,10.0,26.8,70.3,0.0,0.0,0
14.26,37.3,402.1,1.0,0.38,30.9,49.7,1.0,13.0,0
4.22,16.17,125.06,1.0,0.22,18.3,67.7,1.0,5.0,0
4.33,8.57,111.29,1.0,0.22,22.7,71.8,1.0,12.0,0
43.25,92.18,1158.88,4.0,10.0,26.3,47.3,1.0,3.0,0
69.39,107.91,1810.14,2.0,0.38,12.6,59.7,0.0,7.0,0
6.69,17.53,208.67,1.0,0.22,12.8,55.9,1.0,16.0,0
278.89,475.32,7813.58,3.0,35.0,26.1,84.5,0.0,14.0,0
8.3,23.33,257.65,1.0,0.22,13.3,61.7,0.0,7.0,1
55.22,201.58,1614.54,4.0,10.0,14.6,49.0,1.0,7.0,0
124.25,194.96,3136.92,2.0,10.0,29.2,59.0,0.0,8.0,0
290.84,490.29,9284.21,3.0,35.0,24.6,68.6,0.0,0.0,0
479.39,1250.1,15293.7,3.0,35.0,35.8,77.9,0.0,12.0,1
87.43,153.48,2668.86,2.0,10.0,31.1,61.5,0.0,4.0,0
41.47,95.53,1055.45,2.0,10.0,32.2,52.8,0.0,14.0,1
883.4,1678.62,27868.58,3.0,35.0,21.4,60.7,0.0,8.0,1
262.2,566.3,7763.79,2.0,0.38,38.0,66.6,0.0,19.0,1
28.72,106.98,866.63,4.0,0.38,17.4,78.8,0.0,7.0,0
4.57,18.12,144.44,1.0,0.38,14.2,86.4,1.0,9.0,1
60.53,115.97,1653.07,4.0,0.38,29.0,63.5,0.0,17.0,1
27.52,65.1,800.04,4.0,0.38,30.0,65.0,0.0,13.0,1
674.56,1019.22,20422.68,3.0,110.0,17.9,56.4,0.0,9.0,1
4.24,8.53,119.5,1.0,0.22,22.2,34.6,0.0,9.0,0
6.76,18.78,204.67,1.0,0.38,23.4,55.2,1.0,1.0,0
370.71,780.45,11344.91,3.0,110.0,33.8,57.2,0.0,11.0,1
40.02,115.6,1246.5,2.0,0.38,29.8,83.1,0.0,3.0,0
304.99,517.83,9169.6,3.0,110.0,25.5,45.5,0.0,2.0,0
694.25,1907.12,18007.67,3.0,35.0,14.8,80.3,0.0,0.0,0
49.29,116.72,1269.03,2.0,0.38,20.8,50.7,0.0,1.0,0
19.14,29.82,548.13,1.0,0.38,17.7,80.0,0.0,19.0,1
146.04,329.67,3953.6,2.0,0.38,17.2,25.0,1.0,11.0,0
107.52,366.82,3113.4,2.0,0.38,40.0,90.0,0.0,4.0,0
4.88,16.06,147.72,1.0,0.38,40.0,64.5,1.0,19.0,1
308.07,1030.28,7968.5,3.0,10.0,23.1,38.7,1.0,12.0,0
149.51,492.77,4053.26,2.0,10.0,20.9,53.2,0.0,0.0,0
5.89,18.4,159.84,1.0,0.38,9.5,62.4,0.0,0.0,0
61.66,134.71,1555.56,4.0,10.0,21.1,80.7,0.0,13.0,1
7.64,20.78,214.6,1.0,0.22,17.1,42.2,0.0,23.0,0
13.14,38.82,370.03,1.0,0.22,18.2,44.6,1.0,14.0,0
7.08,25.85,215.67,1.0,0.38,40.0,70.9,0.0,17.0,0
41.06,159.56,1208.5,2.0,10.0,22.2,54.8,0.0,5.0,1
57.71,226.57,1664.11,2.0,0.38,23.0,93.1,0.0,0.0,0
15.8,24.43,452.33,4.0,,22.8,61.8,0.0,6.0,0
43.64,150.5,1281.0,2.0,10.0,23.5,77.2,0.0,10.0,0
10.92,30.11,277.65,1.0,0.22,27.0,84.9,1.0,11.0,0
9.43,35.5,237.16,1.0,0.38,32.6,87.4,0.0,21.0,1
98.65,249.64,2498.53,2.0,10.0,24.7,58.5,0.0,11.0,1
613.62,2034.37,16042.12,3.0,110.0,33.0,59.4,0.0,8.0,1
19.2,29.08,548.1,4.0,0.38,16.1,60.8,0.0,12.0,1
49.2,73.82,1346.34,4.0,10.0,23.7,72.5,0.0,9.0,1
1862.06,4212.63,55242.46,5.0,35.0,27.2,45.1,1.0,22.0,0
5.34,12.19,167.48,1.0,0.22,35.6,49.7,0.0,5.0,0
15.7,26.81,445.34,1.0,0.38,20.5,63.8,1.0,7.0,1
5.48,11.31,155.78,1.0,0.38,19.1,64.8,1.0,0.0,0
12.49,34.49,329.6,1.0,0.38,25.0,66.2,0.0,19.0,1
74.02,136.42,2241.94,4.0,0.38,22.4,72.0,0.0,20.0,1
320.5,767.19,9508.23,3.0,10.0,29.7,37.6,0.0,14.0,1
13.65,29.59,374.88,1.0,0.38,27.5,61.9,0.0,9.0,0
4.38,7.72,112.97,1.0,0.38,35.6,65.8,0.0,10.0,1
4.64,18.48,118.47,1.0,0.22,18.5,66.5,1.0,0.0,0
556.0,2077.79,16530.63,3.0,10.0,28.2,47.8,0.0,4.0,0
7.82,21.74,205.82,1.0,0.22,18.2,59.6,0.0,18.0,1
79.38,201.42,2503.97,2.0,0.38,17.1,57.8,0.0,8.0,0
6.03,23.67,186.16,1.0,0.22,17.8,75.5,1.0,21.0,1
6.42,18.16,182.45,1.0,0.38,22.1,41.4,0.0,0.0,0
5.94,17.33,181.57,1.0,0.38,27.6,33.4,0.0,12.0,0
7.16,14.41,187.2,1.0,0.38,5.5,68.8,0.0,17.0,0
8.4,12.68,266.68,1.0,,17.4,39.5,1.0,8.0,1
19.44,34.86,507.33,4.0,0.38,38.3,37.9,0.0,17.0,0
68.35,197.6,2114.82,2.0,0.38,18.7,69.3,0.0,9.0,1
1788.62,3948.26,54667.81,5.0,220.0,14.9,86.8,0.0,0.0,1
1156.29,1797.14,31367.62,5.0,35.0,26.1,61.3,0.0,19.0,0
5.81,21.82,184.58,1.0,0.22,20.6,67.5,0.0,20.0,1
43.59,67.89,1384.38,2.0,10.0,23.0,50.4,0.0,18.0,1
7.41,11.6,203.42,1.0,0.38,21.8,94.4,1.0,13.0,0
7.08,13.43,189.28,1.0,0.22,16.2,60.3,1.0,10.0,1
32.19,60.68,816.58,4.0,10.0,20.9,58.5,0.0,8.0,0
7.23,20.51,227.17,1.0,0.38,18.5,75.5,0.0,23.0,0
1076.05,3178.23,27091.48,3.0,10.0,22.0,35.2,0.0,7.0,0
130.99,360.76,3924.65,2.0,10.0,26.6,66.6,0.0,6.0,0
574.18,2200.9,14526.79,3.0,110.0,16.5,59.7,1.0,16.0,0
125.8,415.61,3389.85,2.0,0.38,29.1,42.8,0.0,7.0,0
377.12,1483.65,9715.92,3.0,10.0,28.4,73.1,0.0,4.0,0
297.81,791.24,9361.2,3.0,35.0,20.8,51.6,0.0,23.0,0
14.84,45.91,385.36,1.0,0.22,31.5,79.9,0.0,13.0,0
34.54,112.2,1002.67,4.0,0.38,29.6,60.3,0.0,6.0,0
4.14,12.01,114.37,1.0,0.38,21.8,72.2,0.0,5.0,0
11.73,36.16,325.92,1.0,0.22,16.7,73.2,1.0,18.0,1
32.37,66.73,831.29,4.0,0.38,18.0,73.7,0.0,23.0,0
45.71,159.22,1445.74,2.0,10.0,13.5,70.2,1.0,20.0,1
98.05,250.26,3031.94,2.0,10.0,28.1,75.8,0.0,3.0,0
8.36,26.25,247.18,1.0,0.38,35.6,89.4,0.0,20.0,1
10.9,26.46,289.32,1.0,0.22,20.1,87.5,0.0,3.0,0
10.14,30.51,304.21,1.0,0.22,36.3,42.8,1.0,16.0,0
81.67,291.39,2374.9,2.0,10.0,,80.3,1.0,10.0,1
4.16,14.35,118.45,1.0,0.38,5.5,28.3,0.0,17.0,0
126.1,500.21,3902.42,2.0,10.0,31.9,30.7,1.0,11.0,1
463.22,1081.29,11998.5,3.0,110.0,23.1,87.5,0.0,16.0,1
6.75,21.6,174.47,1.0,0.22,13.7,72.9,0.0,1.0,0
93.32,247.37,2681.53,2.0,0.38,27.1,67.9,0.0,17.0,1
59.71,192.37,1635.28,2.0,0.38,21.4,80.7,0.0,1.0,0
503.62,1823.41,15480.32,3.0,35.0,14.9,56.6,1.0,19.0,0
7.62,28.1,196.46,1.0,0.38,36.1,58.8,0.0,8.0,1
76.33,143.57,1984.35,2.0,0.38,12.3,49.4,0.0,9.0,1
355.46,844.04,11302.24,3.0,110.0,20.1,59.7,0.0,19.0,0
8.5,27.62,248.6,1.0,0.22,20.5,79.2,0.0,2.0,0
309.27,715.95,8696.37,3.0,35.0,33.7,57.4,1.0,7.0,0
14.81,39.92,472.93,1.0,0.22,23.9,43.3,0.0,12.0,0
1079.51,4037.11,31171.99,5.0,35.0,12.6,66.2,1.0,2.0,0
9.18,18.42,293.13,1.0,0.38,10.5,66.2,0.0,1.0,0
7.75,30.51,206.48,1.0,0.22,28.9,68.9,1.0,5.0,0
61.14,109.48,1864.93,2.0,0.38,39.1,91.6,0.0,0.0,0
289.48,562.04,8061.38,3.0,110.0,30.0,59.7,1.0,4.0,0
34.37,96.81,863.16,4.0,10.0,20.5,59.4,0.0,15.0,1
54.66,125.13,1733.74,2.0,0.38,17.6,67.9,1.0,2.0,0
53.55,175.73,1465.44,2.0,10.0,25.8,93.0,0.0,20.0,0
44.77,128.02,1271.92,4.0,10.0,10.9,68.8,0.0,9.0,1
10.04,25.59,279.95,1.0,0.38,16.5,70.2,1.0,20.0,1
86.63,346.39,2610.98,2.0,0.38,26.9,72.3,1.0,20.0,0
91.51,336.72,2448.2,2.0,10.0,38.7,56.4,0.0,12.0,0
15.7,26.81,445.34,1.0,0.38,20.5,63.8,1.0,7.0,1
12.66,22.59,399.48,1.0,0.22,15.5,25.0,0.0,5.0,0
6.41,22.04,183.89,1.0,0.38,14.8,68.6,1.0,17.0,0
1332.5,4083.93,37057.8,5.0,220.0,4.0,64.0,1.0,14.0,0
4.25,14.8,129.64,1.0,0.38,37.9,57.6,0.0,9.0,0
7.91,29.42,249.08,1.0,0.38,20.2,57.1,1.0,15.0,0
86.86,333.89,2343.66,4.0,10.0,27.6,49.5,0.0,14.0,1
51.43,199.9,1362.54,4.0,10.0,37.1,73.0,0.0,7.0,1
11.04,21.67,281.98,1.0,0.38,28.3,61.7,0.0,14.0,1
621.54,1807.33,18986.36,3.0,10.0,35.1,40.0,1.0,22.0,0
2300.12,5542.38,59898.46,5.0,35.0,18.0,84.5,1.0,16.0,0
12.01,35.21,361.68,1.0,0.38,4.2,75.6,1.0,11.0,0
19.28,73.74,491.16,1.0,0.22,35.6,38.6,0.0,8.0,1
6.43,17.91,173.23,1.0,0.22,16.0,83.3,0.0,12.0,0
5.16,8.8,157.37,1.0,0.22,33.3,55.4,0.0,14.0,1
11.13,42.33,313.57,1.0,0.22,13.9,63.0,0.0,10.0,0
92.78,206.54,2623.92,2.0,10.0,27.6,62.7,0.0,20.0,0
5.3,19.82,145.79,1.0,0.38,27.1,56.2,0.0,1.0,0
10.15,36.3,311.94,1.0,0.22,19.1,54.3,0.0,23.0,0
15.11,56.89,390.94,1.0,0.22,23.8,70.2,1.0,2.0,0
4.82,9.34,143.57,1.0,0.38,23.8,73.7,0.0,6.0,1
166.47,529.39,4640.41,2.0,0.38,2.8,50.1,0.0,6.0,0
6.2,9.78,185.88,1.0,0.38,21.4,68.9,0.0,22.0,1
74.48,115.62,2181.3,2.0,10.0,9.0,88.5,0.0,9.0,1
76.7,270.01,2401.44,2.0,0.38,12.0,72.3,0.0,6.0,1
55.83,164.38,1635.45,2.0,0.38,19.8,43.5,0.0,14.0,0
12.83,25.81,327.38,1.0,0.22,36.1,33.8,0.0,10.0,1
289.36,832.24,8434.19,3.0,10.0,29.3,50.6,1.0,9.0,0
6.84,14.88,191.56,1.0,0.22,12.9,54.5,1.0,15.0,0
13.53,48.21,411.83,1.0,0.22,21.6,95.0,0.0,14.0,0
67.56,179.16,2156.5,2.0,10.0,11.1,54.1,,4.0,0
12.57,20.45,316.62,1.0,0.38,7.9,66.2,0.0,6.0,0
125.35,249.41,3747.22,2.0,0.38,35.6,82.5,0.0,14.0,0
8.02,24.73,227.95,1.0,0.22,16.4,65.7,0.0,8.0,1
7.22,13.22,200.88,1.0,0.22,20.9,63.7,0.0,14.0,0
529.85,1719.22,16420.74,3.0,10.0,26.2,45.5,0.0,4.0,0
17.55,66.09,557.45,1.0,0.38,30.9,53.7,0.0,16.0,0
40.64,159.56,1033.58,2.0,10.0,8.9,79.6,0.0,13.0,1
12.23,45.48,380.99,1.0,0.38,26.1,84.2,0.0,4.0,0
6.39,9.94,176.59,1.0,0.22,36.3,57.9,0.0,10.0,1
147.27,563.29,4223.0,2.0,0.38,29.2,64.3,0.0,2.0,0
314.15,628.47,8488.78,3.0,110.0,21.4,57.7,0.0,10.0,1
976.06,2652.42,26519.25,3.0,10.0,23.4,67.1,0.0,2.0,0
9.83,27.43,293.94,1.0,0.22,24.8,61.6,0.0,10.0,0
12.4,25.36,343.92,1.0,0.22,7.0,71.2,1.0,12.0,0
8.4,28.17,249.34,1.0,0.38,14.3,62.3,0.0,4.0,1
72.38,269.62,1886.76,2.0,0.38,14.0,65.9,0.0,11.0,0
90.94,158.77,2435.6,2.0,0.38,14.2,51.1,1.0,17.0,0
9.74,28.49,294.75,1.0,0.38,34.5,47.2,0.0,14.0,1
131.83,409.42,3656.7,2.0,10.0,23.8,84.4,1.0,2.0,0
58.84,112.73,1850.06,2.0,0.38,16.4,56.2,0.0,22.0,0
102.36,365.44,3263.14,2.0,0.38,30.8,25.3,0.0,5.0,0
19.52,34.38,492.94,1.0,0.38,14.4,39.6,0.0,0.0,0
6.57,24.82,203.44,1.0,0.22,29.2,59.1,0.0,13.0,0
13.45,21.27,393.61,1.0,0.38,24.7,80.0,0.0,21.0,1
5.69,17.84,160.93,1.0,0.38,30.8,58.7,0.0,19.0,1
6.1,10.16,169.62,1.0,0.38,16.9,72.9,1.0,8.0,1
4.74,13.82,143.69,1.0,0.38,9.3,73.9,0.0,7.0,1
9.11,14.26,267.93,1.0,0.22,35.0,56.7,0.0,20.0,1
9.09,33.44,243.91,1.0,0.22,9.1,60.2,0.0,4.0,0
4.85,9.7,151.48,1.0,0.38,19.6,65.2,0.0,6.0,1
99.83,230.81,2967.92,2.0,10.0,36.5,73.2,1.0,11.0,1
5.7,11.29,144.93,1.0,0.22,34.1,63.0,1.0,22.0,1
81.77,248.67,2545.07,2.0,10.0,27.7,71.6,0.0,16.0,0
4.37,10.4,116.01,1.0,0.38,25.2,57.3,0.0,1.0,0
13.43,33.64,350.1,1.0,0.22,24.9,45.1,0.0,0.0,0
59.67,213.71,1825.08,2.0,0.38,28.4,47.5,0.0,23.0,0
175.33,475.89,4540.04,2.0,0.38,31.8,70.3,0.0,5.0,0
9.69,17.23,299.25,1.0,0.22,27.7,35.8,0.0,2.0,0
4.39,11.02,122.85,1.0,0.22,25.7,84.7,0.0,2.0,0
38.68,120.23,1058.78,4.0,10.0,29.2,67.1,0.0,5.0,1
2837.01,9620.58,72419.47,5.0,220.0,23.2,57.3,0.0,13.0,1
40.93,123.52,1244.4,2.0,10.0,7.0,74.2,0.0,1.0,1
264.52,961.16,7347.36,3.0,110.0,26.0,60.4,0.0,16.0,1
4.61,16.98,131.68,1.0,0.38,1.3,46.3,0.0,23.0,0
5.1,15.14,134.3,1.0,0.22,25.5,41.6,0.0,7.0,1
1398.1,5291.16,40853.28,5.0,220.0,14.6,83.1,0.0,5.0,1
12.57,29.22,400.48,1.0,0.22,25.0,62.7,1.0,9.0,0
315.97,1183.98,8692.66,3.0,35.0,25.2,51.8,0.0,13.0,0
9.74,27.94,289.31,1.0,0.22,20.1,53.6,0.0,23.0,0
92.69,367.46,2401.47,2.0,10.0,13.6,91.9,1.0,18.0,1
229.44,588.71,5956.35,2.0,0.38,24.2,69.5,0.0,6.0,0
284.45,1099.8,7184.57,3.0,35.0,39.6,54.9,0.0,21.0,0
5.34,13.87,142.17,1.0,0.22,12.7,91.6,0.0,23.0,0
8.54,28.23,247.08,1.0,0.22,7.4,57.9,0.0,21.0,1
4.22,8.54,106.64,1.0,0.38,22.2,59.5,0.0,6.0,1
121.96,285.77,3258.3,2.0,0.38,40.0,50.7,1.0,0.0,0
121.97,255.09,3508.11,2.0,0.38,23.6,54.5,0.0,16.0,1
9.93,38.4,294.48,1.0,0.22,31.4,55.2,1.0,6.0,1
6.72,14.84,211.54,1.0,0.38,33.0,58.2,0.0,4.0,0
136.03,413.7,3829.22,2.0,10.0,27.1,79.7,0.0,21.0,1
11.37,23.22,295.77,1.0,0.38,-5.0,72.6,0.0,21.0,1
5.85,21.09,163.84,1.0,0.22,29.3,53.9,0.0,13.0,1
1759.29,5859.1,47875.04,5.0,220.0,28.4,52.2,,22.0,1
1469.68,4431.29,40940.68,3.0,110.0,40.0,55.2,0.0,16.0,1
135.43,444.86,3715.05,2.0,10.0,31.2,83.7,0.0,5.0,0
34.78,80.46,915.14,4.0,10.0,35.8,73.2,0.0,9.0,1
131.73,449.03,3446.61,2.0,10.0,21.6,65.0,0.0,18.0,0
7.33,20.12,230.12,1.0,0.22,7.4,47.6,1.0,21.0,0
5.1,11.1,141.31,1.0,0.22,24.7,57.1,1.0,18.0,1
47.89,183.32,1425.22,2.0,10.0,21.3,92.1,0.0,11.0,0
123.9,399.52,3634.48,2.0,10.0,29.2,60.0,0.0,20.0,1
12.73,22.47,328.29,1.0,0.38,6.5,39.0,0.0,9.0,0
103.32,285.17,2597.1,2.0,10.0,40.0,73.8,0.0,15.0,0
12.92,31.32,332.42,1.0,0.38,24.8,32.0,1.0,1.0,0
4.48,16.83,139.82,1.0,,31.4,37.4,0.0,20.0,1
60.63,185.0,1899.32,4.0,0.38,22.6,83.3,1.0,1.0,1
480.29,819.57,13996.99,3.0,35.0,22.2,48.8,0.0,6.0,1
17.66,28.63,556.21,1.0,0.22,38.3,69.6,0.0,16.0,0
4.18,8.79,109.57,1.0,0.38,23.4,77.4,1.0,6.0,1
11.21,24.55,352.12,1.0,0.22,20.9,57.0,0.0,15.0,0
453.35,1198.97,12689.81,3.0,35.0,-5.0,75.1,1.0,9.0,0
46.68,102.39,1199.05,4.0,0.38,23.1,69.9,0.0,13.0,1
12.48,48.32,381.92,1.0,0.22,29.0,65.9,0.0,14.0,0
13.55,30.53,399.66,1.0,0.22,37.3,91.1,0.0,6.0,1
284.1,1080.94,8496.32,3.0,10.0,27.0,60.4,0.0,14.0,0
63.96,132.06,1664.02,2.0,10.0,15.8,64.2,0.0,9.0,0
48.88,134.18,1238.58,4.0,10.0,40.0,88.0,0.0,1.0,0
85.64,217.79,2594.78,2.0,10.0,20.2,80.1,0.0,22.0,0
172.43,650.57,5099.7,2.0,10.0,20.6,67.6,0.0,8.0,0
127.98,217.3,3237.78,2.0,0.38,12.4,48.1,0.0,9.0,0
8.66,25.63,232.34,1.0,0.38,22.2,43.9,0.0,16.0,0
1263.23,4336.04,37099.79,5.0,110.0,23.4,56.6,0.0,20.0,0
102.43,223.18,2947.48,2.0,10.0,31.6,68.9,0.0,18.0,0
5.16,12.34,140.19,1.0,0.38,9.0,56.3,1.0,1.0,0
22.14,45.04,683.77,4.0,0.38,23.1,57.2,0.0,23.0,0
45.82,78.89,1189.14,2.0,0.38,11.1,42.9,0.0,21.0,1
4.39,7.39,127.34,1.0,0.22,17.6,71.6,1.0,20.0,0
354.16,1038.84,9327.88,3.0,35.0,23.0,51.7,0.0,16.0,1
55.03,202.73,1462.2,4.0,0.38,29.0,71.7,0.0,20.0,0
4.49,16.0,138.85,1.0,0.38,18.5,61.8,0.0,20.0,1
64.17,236.19,1927.44,2.0,10.0,32.5,84.0,0.0,7.0,0
20.21,65.61,556.71,4.0,0.38,30.9,69.4,0.0,14.0,1
5.32,14.49,143.9,1.0,0.38,20.2,55.4,0.0,0.0,0
9.63,20.17,247.16,1.0,0.38,14.3,43.2,0.0,20.0,0
6.14,23.5,181.44,1.0,0.38,17.6,64.4,0.0,11.0,0
4.6,10.69,128.49,1.0,0.22,39.0,95.0,0.0,19.0,1
20.51,34.49,524.54,1.0,0.38,1.4,60.9,1.0,6.0,1
87.22,245.08,2284.45,4.0,10.0,28.3,54.0,0.0,13.0,1
51.27,150.65,1603.86,2.0,0.38,40.0,61.4,0.0,20.0,1
22.72,64.74,617.98,4.0,0.38,31.0,38.9,0.0,6.0,0
313.92,1141.75,7889.71,3.0,110.0,40.0,66.0,0.0,18.0,1
8.69,18.02,263.89,1.0,0.38,21.6,56.0,0.0,10.0,0
4.69,17.94,130.89,1.0,0.38,20.5,78.6,0.0,3.0,0
60.66,209.58,1629.12,2.0,0.38,28.1,55.8,0.0,18.0,0
12.25,25.7,348.6,1.0,0.22,10.2,39.4,1.0,5.0,0
4.97,14.93,146.95,1.0,0.38,35.8,74.9,1.0,3.0,0
42.32,103.66,1338.61,2.0,10.0,7.5,46.2,0.0,5.0,0
57.41,118.76,1477.56,2.0,0.38,34.6,90.4,0.0,5.0,0
40.91,114.78,1053.73,2.0,10.0,31.0,95.0,0.0,14.0,1
50.45,186.95,1422.44,2.0,10.0,33.7,58.1,0.0,17.0,1
2640.31,7093.84,66494.46,5.0,110.0,8.0,47.4,1.0,14.0,0
6.05,22.21,156.09,1.0,0.22,20.0,62.4,0.0,18.0,1
11.19,20.54,347.1,1.0,0.38,31.8,56.9,0.0,21.0,1
19.16,73.2,592.86,4.0,0.38,32.5,61.7,0.0,15.0,1
41.12,81.99,1131.7,2.0,10.0,-2.0,77.1,0.0,15.0,1
61.29,185.78,1577.78,2.0,10.0,27.8,88.0,0.0,11.0,0
87.1,294.77,2564.02,2.0,10.0,7.8,71.3,0.0,12.0,1
2207.25,5693.79,68982.29,5.0,110.0,6.0,59.4,0.0,3.0,1
567.34,2146.99,17935.91,3.0,35.0,26.5,72.8,0.0,1.0,1
1163.71,2601.21,30967.44,3.0,35.0,20.7,49.1,0.0,14.0,1
524.78,973.03,14366.52,3.0,10.0,36.2,25.0,0.0,5.0,0
97.99,360.82,2782.74,2.0,10.0,31.5,55.2,0.0,0.0,1
25.21,73.82,751.67,4.0,10.0,31.4,72.5,0.0,15.0,0
55.29,183.5,1429.46,2.0,0.38,25.7,68.9,0.0,5.0,1
6.13,10.01,175.42,1.0,0.38,40.0,82.4,0.0,1.0,0
73.82,207.95,1973.21,4.0,10.0,24.6,72.5,0.0,21.0,0
268.32,,7435.26,3.0,10.0,31.7,47.0,0.0,7.0,1
9.8,37.26,279.53,1.0,0.38,35.4,83.8,0.0,4.0,0
4.99,12.87,154.28,1.0,0.38,16.3,49.8,0.0,8.0,1
8.61,32.24,251.38,1.0,0.38,30.9,53.0,0.0,16.0,1
54.46,171.16,1733.75,2.0,0.38,9.8,93.8,0.0,0.0,0
125.37,351.9,3234.23,2.0,10.0,9.5,83.9,0.0,6.0,0
6.42,25.02,203.45,1.0,0.38,13.1,58.3,0.0,3.0,0
71.49,171.92,2249.91,2.0,10.0,17.4,63.2,0.0,23.0,0
49.36,175.92,1323.65,2.0,10.0,22.9,63.0,0.0,18.0,0
4.67,9.36,124.76,1.0,0.22,27.9,71.0,0.0,12.0,0
6.1,17.94,191.81,1.0,0.22,32.1,73.0,0.0,18.0,0
1247.65,1912.51,36631.81,5.0,35.0,19.8,49.7,0.0,15.0,1
1427.36,2940.86,41534.61,5.0,110.0,14.0,68.6,0.0,10.0,1
64.91,146.31,2065.28,2.0,0.38,19.9,48.6,0.0,13.0,0
4.88,14.15,134.37,1.0,0.38,30.2,58.3,0.0,19.0,1
11.85,20.38,330.27,1.0,0.38,8.9,71.2,0.0,1.0,0
400.37,1329.85,10821.03,3.0,110.0,28.3,54.5,1.0,1.0,0
142.0,554.72,3827.75,2.0,0.38,25.8,58.0,0.0,23.0,0
276.5,655.62,7370.48,3.0,110.0,16.7,68.3,0.0,19.0,0
10.71,17.27,308.72,1.0,0.22,25.6,80.0,0.0,18.0,1
427.36,1117.0,12702.48,3.0,,33.3,30.2,0.0,0.0,1
28.88,79.31,784.76,4.0,0.38,31.3,95.0,0.0,20.0,0
77.99,273.19,2492.93,2.0,0.38,22.7,83.4,1.0,19.0,0
5.23,17.5,164.64,1.0,0.38,-0.2,85.6,1.0,0.0,1
123.52,396.63,3182.31,2.0,10.0,33.7,65.2,0.0,22.0,0
1141.09,3904.8,29986.12,3.0,10.0,27.5,66.3,0.0,14.0,1
136.05,316.03,3756.06,2.0,0.38,31.7,63.6,1.0,4.0,0
14.4,49.6,363.56,1.0,0.22,40.0,48.8,0.0,10.0,1
7.49,21.41,219.5,1.0,0.38,23.1,80.9,0.0,10.0,0
8.99,27.48,226.86,1.0,0.38,20.5,91.9,0.0,20.0,0
318.64,816.78,9013.9,3.0,35.0,33.2,35.2,0.0,3.0,0
5.27,17.63,150.89,1.0,0.22,26.3,82.2,1.0,10.0,0
866.95,3068.82,27570.75,3.0,10.0,27.9,61.8,0.0,1.0,0
42.1,98.37,1270.14,4.0,10.0,18.8,46.3,0.0,16.0,1
4.34,7.1,122.83,1.0,0.22,26.3,90.1,1.0,19.0,1
6.11,21.89,171.81,1.0,0.22,17.5,53.5,0.0,5.0,0
46.82,92.23,1386.81,4.0,0.38,24.7,74.4,1.0,21.0,0
8.02,18.92,222.45,1.0,0.38,32.2,78.4,0.0,1.0,1
64.33,146.14,1839.29,2.0,10.0,22.9,82.8,0.0,18.0,0
59.32,215.62,1738.25,2.0,10.0,18.6,69.8,1.0,18.0,1
1188.43,2585.08,35849.21,3.0,35.0,24.4,57.3,0.0,9.0,1
6.55,12.68,201.33,1.0,0.38,10.4,79.8,0.0,6.0,0
101.15,377.17,2964.85,4.0,10.0,18.2,62.4,0.0,21.0,0
97.35,245.34,2729.72,2.0,0.38,19.9,60.6,0.0,0.0,0
6.95,15.03,194.57,1.0,0.38,35.7,76.7,0.0,18.0,1
107.33,342.02,3265.15,2.0,10.0,30.7,76.4,0.0,3.0,0
72.77,249.36,2146.19,2.0,0.38,31.1,76.6,0.0,13.0,1
87.81,197.57,2435.05,2.0,0.38,36.2,64.4,1.0,16.0,1
8.42,29.07,212.34,1.0,0.38,24.2,56.5,0.0,23.0,0
492.24,1826.78,12375.66,3.0,110.0,16.3,42.6,1.0,15.0,0
6.14,20.87,166.62,1.0,0.38,2.2,71.9,1.0,1.0,0
7.9,20.62,214.66,1.0,0.38,31.0,65.7,0.0,18.0,1
39.13,105.62,1000.07,4.0,0.38,25.4,95.0,0.0,4.0,0
577.29,2249.34,14760.83,3.0,10.0,26.8,73.6,1.0,14.0,0
135.79,289.84,4238.74,2.0,0.38,22.0,58.7,0.0,2.0,0
295.15,757.25,8310.24,3.0,35.0,37.6,69.7,0.0,21.0,0
49.9,188.51,1456.39,2.0,10.0,26.3,95.0,0.0,14.0,0
119.94,275.78,3653.8,2.0,0.38,24.4,90.6,0.0,6.0,0
8.02,16.71,216.17,1.0,0.38,11.7,50.5,0.0,3.0,0
6.94,11.85,179.92,1.0,0.22,29.3,95.0,0.0,3.0,0
409.92,1116.85,12620.85,3.0,10.0,21.8,70.6,0.0,9.0,1
583.42,1495.47,14839.67,3.0,10.0,16.0,50.9,0.0,8.0,1
369.14,1010.34,10487.65,3.0,10.0,12.5,80.4,0.0,7.0,0
12.58,22.28,366.02,1.0,0.22,28.7,69.1,1.0,9.0,0
4.1,16.3,111.98,1.0,0.22,9.3,90.8,1.0,4.0,0
4.16,16.49,120.1,1.0,0.38,25.2,53.3,0.0,21.0,1
9.2,18.74,267.18,1.0,0.22,-1.2,44.6,0.0,23.0,0
8.11,27.13,246.93,1.0,0.38,34.7,49.3,1.0,8.0,1
848.94,2921.06,23754.59,3.0,110.0,14.0,86.8,0.0,8.0,1
1114.96,2513.97,33521.94,5.0,35.0,18.1,73.7,0.0,0.0,1
62.52,157.03,1860.1,2.0,10.0,35.0,89.6,0.0,5.0,0
19.45,48.97,605.0,4.0,10.0,11.6,56.3,0.0,11.0,0
10.34,35.6,278.92,1.0,0.22,14.8,70.9,0.0,1.0,0
12.72,23.59,397.99,1.0,0.22,10.3,73.5,0.0,1.0,0
384.86,811.2,11130.61,3.0,10.0,13.7,39.9,0.0,22.0,0
83.82,334.06,2256.43,2.0,0.38,21.7,69.8,0.0,15.0,0
4.98,11.59,150.31,1.0,0.38,20.3,57.4,0.0,23.0,1
43.95,86.39,1197.86,2.0,0.38,22.6,85.7,0.0,23.0,0
33.44,63.99,1021.36,1.0,0.38,33.4,75.5,1.0,14.0,0
4.05,6.17,110.24,1.0,0.38,20.9,68.3,0.0,0.0,0
59.1,102.1,1622.42,4.0,10.0,20.7,76.5,0.0,13.0,1
117.82,471.07,3454.35,2.0,10.0,25.4,40.3,0.0,20.0,1
5.75,22.7,159.4,1.0,0.22,6.1,70.9,0.0,2.0,0
5.74,14.12,149.22,1.0,0.38,32.0,48.8,0.0,8.0,1
641.13,1679.8,19912.7,3.0,10.0,27.4,50.7,0.0,8.0,1
12.63,39.01,331.83,1.0,0.38,26.2,53.0,0.0,0.0,0
598.12,1373.36,17853.51,3.0,10.0,25.1,60.7,0.0,18.0,1
123.07,401.38,3261.78,2.0,10.0,24.4,79.7,1.0,6.0,0
47.37,118.25,1515.12,2.0,0.38,35.7,67.3,0.0,19.0,1
108.09,281.25,3115.47,2.0,10.0,18.7,69.6,0.0,1.0,0
16.85,40.48,454.47,1.0,0.38,34.5,42.6,0.0,18.0,1
180.35,284.52,,2.0,10.0,21.2,72.7,1.0,12.0,1
1120.8,3463.58,32174.05,3.0,35.0,12.9,56.3,0.0,6.0,0
328.91,696.98,9084.13,3.0,10.0,22.2,60.9,0.0,14.0,1
591.39,1921.35,14922.91,3.0,110.0,16.2,67.1,1.0,11.0,0
548.78,1447.4,16481.51,3.0,110.0,21.8,63.3,0.0,16.0,1
1371.82,4410.6,39427.46,5.0,110.0,19.0,67.4,0.0,8.0,0
6.13,23.42,165.36,1.0,0.22,16.9,74.4,1.0,15.0,0
21.24,77.21,679.25,1.0,0.22,29.8,78.8,0.0,20.0,1
1903.95,3606.37,52162.1,5.0,110.0,34.6,72.0,0.0,0.0,0
48.38,179.25,1402.76,2.0,10.0,18.1,64.7,0.0,12.0,1
61.25,130.23,1862.77,2.0,10.0,25.5,63.5,0.0,1.0,0
8.7,26.58,257.39,1.0,0.22,27.9,52.7,1.0,7.0,0
5.53,22.07,173.36,1.0,0.22,10.1,25.0,0.0,23.0,0
294.55,1098.07,7869.84,3.0,110.0,22.0,58.2,0.0,1.0,0
7.34,13.77,218.37,1.0,0.22,22.2,58.9,0.0,14.0,0
11.46,27.2,362.66,1.0,0.22,30.6,76.4,0.0,11.0,0
4.93,9.28,124.17,1.0,0.38,16.5,62.5,0.0,18.0,1
21.58,37.62,636.81,4.0,10.0,16.8,61.3,1.0,3.0,0
11.84,40.94,296.51,1.0,0.22,28.2,35.4,0.0,16.0,0
344.31,823.7,8800.03,3.0,10.0,18.8,35.8,0.0,8.0,1
98.81,151.99,2920.29,2.0,0.38,23.7,95.0,0.0,7.0,0
59.08,148.78,1752.31,2.0,0.38,36.0,84.7,0.0,20.0,0
4.49,16.0,138.85,1.0,0.38,18.5,61.8,0.0,20.0,1
36.47,107.16,933.08,4.0,10.0,20.6,65.8,0.0,5.0,0
3336.5,8906.1,88064.95,5.0,110.0,12.7,62.1,0.0,2.0,0
4.27,12.58,117.31,1.0,0.22,25.6,66.2,0.0,15.0,0
20.69,59.84,606.06,1.0,0.22,14.5,43.3,1.0,17.0,0
15.72,43.61,490.5,4.0,0.38,5.3,51.6,0.0,1.0,0
58.74,213.81,1756.03,2.0,0.38,17.8,44.1,0.0,20.0,1
2746.48,7750.95,82766.13,5.0,220.0,26.2,34.3,0.0,22.0,0
19.0,68.12,482.91,1.0,0.22,25.8,61.9,1.0,13.0,0
7.08,25.51,207.36,1.0,0.22,24.9,74.4,0.0,1.0,0
16.88,45.01,457.19,4.0,10.0,26.2,83.0,0.0,5.0,0
8.07,27.36,257.65,1.0,0.22,32.4,57.3,0.0,13.0,0
5.27,11.31,148.7,1.0,0.22,16.2,73.6,0.0,9.0,0
254.82,619.41,6800.82,3.0,110.0,18.0,61.7,0.0,5.0,0
13.04,28.04,344.27,1.0,0.38,19.2,52.5,0.0,9.0,0
1061.12,2202.4,28296.79,3.0,35.0,11.6,79.4,1.0,8.0,0
42.49,146.88,1287.79,2.0,10.0,26.2,80.7,0.0,2.0,0
106.48,341.54,3355.44,2.0,0.38,24.1,53.0,0.0,3.0,0
17.58,64.28,464.37,1.0,0.22,30.2,44.0,0.0,11.0,0
369.14,1010.34,10487.65,3.0,10.0,12.5,80.4,0.0,7.0,0
20.22,65.31,567.42,4.0,0.38,26.8,37.6,0.0,4.0,0
4.83,15.5,130.45,1.0,0.38,35.1,63.1,0.0,17.0,0
841.79,1569.92,21499.68,3.0,35.0,36.3,62.0,0.0,15.0,0
52.53,204.08,1487.35,2.0,0.38,28.8,44.8,0.0,7.0,0
8.46,30.89,250.11,1.0,0.22,27.0,66.4,1.0,18.0,1
585.55,2093.97,16576.97,3.0,110.0,24.4,45.6,0.0,3.0,0
3375.52,7078.02,92379.81,5.0,35.0,30.3,44.8,0.0,22.0,0
22.59,85.34,570.19,1.0,0.38,27.0,61.5,0.0,13.0,0
12.64,19.65,355.68,1.0,0.22,14.4,95.0,0.0,4.0,0
80.61,322.39,2166.28,2.0,10.0,27.4,60.9,0.0,20.0,0
838.73,1902.0,21304.92,3.0,10.0,14.3,57.4,0.0,19.0,0
4.46,15.47,125.49,1.0,0.22,19.6,60.4,0.0,15.0,0
5.83,13.09,184.51,1.0,0.38,40.0,78.4,0.0,18.0,1
15.45,56.06,455.35,1.0,0.22,29.4,57.3,0.0,4.0,0
257.14,671.41,7498.69,3.0,10.0,13.5,68.9,1.0,12.0,0
8.66,17.06,233.9,1.0,0.38,30.6,72.2,0.0,11.0,0
11.3,38.06,285.33,1.0,0.38,13.4,53.0,0.0,11.0,0
5.1,9.91,162.84,1.0,0.38,11.1,52.0,0.0,3.0,0
419.69,1369.9,12839.27,3.0,35.0,16.0,81.5,0.0,11.0,1
49.77,139.5,1551.0,2.0,0.38,11.3,88.5,0.0,14.0,1
7.55,21.58,210.67,1.0,0.22,27.5,73.3,0.0,8.0,1
72.78,220.57,1896.22,2.0,0.38,36.3,87.4,1.0,7.0,0
1633.71,4122.57,48232.16,5.0,220.0,19.1,31.9,0.0,6.0,1
6.47,16.93,198.59,1.0,0.38,10.2,87.0,0.0,5.0,0
30.98,98.01,895.73,4.0,10.0,14.4,,0.0,6.0,1
8.39,24.65,226.72,1.0,0.38,11.6,75.1,1.0,15.0,0
8.98,23.05,270.71,1.0,0.38,27.1,66.7,0.0,13.0,0
36.34,58.5,1121.17,4.0,10.0,23.8,46.7,0.0,21.0,0
2726.78,6465.35,87245.31,5.0,110.0,23.1,80.2,1.0,18.0,0
4.42,9.06,112.93,1.0,0.22,24.8,42.5,0.0,5.0,0
12.6,18.94,343.79,1.0,0.38,23.4,71.7,1.0,8.0,1
59.46,201.44,1487.85,2.0,10.0,34.6,58.1,0.0,8.0,0
44.22,164.77,1155.18,2.0,0.38,31.7,59.7,0.0,12.0,0
62.56,116.66,1617.87,2.0,0.38,19.5,56.2,0.0,1.0,0
53.19,110.18,1349.53,4.0,0.38,33.7,69.5,0.0,14.0,1
5.44,18.92,164.01,1.0,0.38,24.8,72.5,0.0,3.0,0
43.97,165.79,1354.41,2.0,0.38,28.3,37.2,0.0,17.0,0
7.31,12.83,220.22,1.0,0.22,15.1,70.4,0.0,12.0,0
4.37,16.52,137.82,1.0,0.22,17.9,90.7,1.0,3.0,0
73.35,277.38,2137.5,2.0,10.0,30.8,77.3,0.0,20.0,1
5.21,11.16,141.02,1.0,0.22,19.5,49.4,0.0,13.0,0
5.67,14.27,180.2,1.0,0.22,12.4,53.0,0.0,6.0,0
851.62,3346.2,24760.23,3.0,10.0,23.6,58.4,1.0,22.0,0
4.18,11.8,117.48,1.0,0.22,18.8,73.4,0.0,20.0,0
1515.71,5946.49,45144.77,5.0,220.0,11.5,87.9,0.0,0.0,1
84.95,199.79,2331.42,2.0,10.0,4.2,69.0,0.0,6.0,0
1037.38,2284.17,27677.77,3.0,35.0,18.1,54.7,1.0,0.0,0
63.5,178.36,1610.15,2.0,0.38,21.2,59.6,0.0,3.0,0
169.49,350.35,4608.27,2.0,0.38,23.4,65.9,1.0,8.0,0
7.3,25.64,184.33,1.0,0.22,18.3,77.6,0.0,21.0,1
44.96,163.53,1145.11,4.0,0.38,14.5,82.7,1.0,5.0,0
85.42,261.26,2306.88,2.0,10.0,30.5,59.6,0.0,0.0,0
137.73,385.42,4178.87,2.0,10.0,24.3,68.8,0.0,13.0,0
9.22,33.46,237.64,1.0,0.38,14.6,49.5,0.0,18.0,1
4.25,16.72,134.26,1.0,0.38,27.0,72.3,1.0,12.0,0
108.47,269.19,3082.5,2.0,10.0,25.7,64.8,1.0,9.0,1
5.56,21.73,156.46,1.0,0.38,27.4,60.9,1.0,22.0,1
4.3,13.53,117.3,1.0,0.22,10.0,87.5,0.0,14.0,0
7.41,14.03,207.36,1.0,0.38,37.2,65.9,1.0,7.0,1
151.53,251.66,4718.99,2.0,0.38,28.2,82.0,0.0,4.0,0
49.92,125.11,1462.99,2.0,0.38,29.4,60.9,0.0,1.0,1
185.18,601.2,5716.09,2.0,10.0,14.8,69.3,0.0,19.0,0
4.49,10.13,121.72,1.0,0.22,20.2,58.6,0.0,12.0,0
4.47,16.91,123.69,1.0,0.22,27.6,68.5,0.0,10.0,0
4.47,14.57,127.91,1.0,0.38,18.7,50.4,0.0,11.0,0
8.7,29.18,254.41,1.0,0.38,16.5,75.2,1.0,7.0,1
83.62,183.16,2518.42,2.0,0.38,35.5,58.6,0.0,4.0,1
659.48,1088.17,17489.01,3.0,35.0,27.4,76.5,0.0,17.0,1
114.47,436.66,3509.63,2.0,10.0,12.8,80.4,0.0,11.0,1
158.99,529.04,4991.14,2.0,0.38,10.4,55.2,0.0,15.0,1
21.98,64.84,686.49,4.0,0.38,26.6,94.2,1.0,1.0,0
5.21,20.03,146.94,1.0,0.38,29.4,58.0,0.0,2.0,0
15.82,53.25,437.87,4.0,0.38,16.0,65.7,0.0,15.0,0
19.18,57.23,571.55,4.0,0.38,31.7,60.1,0.0,4.0,0
4.59,15.29,128.69,1.0,0.38,35.2,51.8,1.0,19.0,1
82.01,265.44,2252.9,2.0,0.38,19.7,50.4,0.0,14.0,0
4.3,9.1,110.7,1.0,0.38,6.8,38.0,0.0,13.0,0
8.92,25.59,265.41,1.0,0.22,18.0,83.0,0.0,18.0,1
18.46,55.17,530.83,4.0,10.0,20.9,48.3,1.0,19.0,0
7.39,23.95,226.03,1.0,0.22,1.1,84.7,1.0,6.0,1
5.65,21.38,179.15,1.0,0.22,27.1,78.3,0.0,15.0,0
64.17,137.62,1723.43,2.0,0.38,28.0,56.9,1.0,10.0,1
56.39,184.95,1411.05,2.0,0.38,22.7,76.2,0.0,21.0,1
42.3,106.32,1295.89,2.0,0.38,11.5,72.1,0.0,12.0,0
94.68,298.91,2409.89,2.0,10.0,23.0,72.7,1.0,13.0,1
12.95,44.98,327.0,1.0,0.38,19.0,46.4,1.0,23.0,0
6.15,11.98,173.76,1.0,0.22,29.4,63.7,1.0,12.0,0
29.21,75.46,767.92,4.0,0.38,25.0,75.7,0.0,16.0,1
6.31,10.18,193.78,1.0,0.38,37.9,75.4,0.0,18.0,1
14.32,55.14,440.39,1.0,0.22,36.0,56.5,0.0,7.0,1
1436.56,3089.66,45148.16,5.0,35.0,23.7,54.8,0.0,22.0,1
111.63,372.71,3571.51,2.0,10.0,17.5,62.4,1.0,21.0,1
5.49,19.99,151.14,1.0,0.38,22.9,50.7,1.0,15.0,0
154.6,355.36,4920.37,2.0,10.0,19.7,54.6,0.0,1.0,0
6.41,19.91,174.69,1.0,0.22,22.2,51.7,0.0,22.0,1
7.87,29.15,250.53,1.0,0.22,40.0,68.4,0.0,6.0,1
4.74,12.31,138.36,1.0,0.22,9.5,59.5,0.0,16.0,0
54.49,161.02,1636.26,2.0,0.38,31.0,95.0,0.0,5.0,0
1051.12,4199.27,30830.41,5.0,110.0,15.3,63.7,0.0,14.0,0
50.34,185.4,1474.84,2.0,0.38,12.5,71.6,1.0,21.0,0
5.97,17.93,162.86,1.0,0.38,27.1,63.7,0.0,22.0,1
569.18,1506.79,15758.84,3.0,110.0,20.1,37.4,0.0,0.0,0
10.53,25.37,268.04,1.0,0.22,13.8,40.4,0.0,5.0,0
53.2,100.21,1617.81,2.0,0.38,24.7,53.8,1.0,3.0,0
16.01,38.58,475.76,4.0,10.0,26.6,62.2,0.0,8.0,1
45.38,117.87,1225.72,2.0,10.0,40.0,79.6,0.0,5.0,0
4.51,7.06,117.91,1.0,0.38,15.8,47.0,1.0,19.0,0
86.14,241.24,2534.58,2.0,0.38,24.4,43.7,0.0,17.0,1
4.39,8.58,116.85,1.0,0.38,26.2,62.2,0.0,4.0,0
475.93,1085.64,13191.45,3.0,110.0,27.6,49.9,1.0,0.0,0
2492.08,8598.07,66646.4,5.0,110.0,14.6,63.1,1.0,10.0,0
9.63,38.05,280.13,1.0,0.22,15.3,85.0,1.0,11.0,0
4.08,12.39,,1.0,0.22,31.6,47.4,0.0,4.0,0
5.16,9.32,158.79,1.0,0.38,30.3,44.0,0.0,11.0,0
9.04,31.23,276.48,1.0,0.22,27.4,65.2,0.0,21.0,0
10.05,39.14,264.2,1.0,0.38,27.9,32.8,0.0,17.0,0
13.81,38.48,392.0,1.0,0.22,26.9,59.6,0.0,5.0,0
26.33,102.19,684.43,4.0,0.38,23.4,61.8,0.0,5.0,0
5.88,21.61,167.3,1.0,0.38,9.3,48.5,1.0,11.0,1
115.38,188.62,3263.11,2.0,0.38,11.2,64.2,0.0,0.0,0
1737.35,3825.15,47012.95,5.0,110.0,9.8,52.7,0.0,12.0,0
45.14,115.62,1265.68,2.0,0.38,17.2,87.8,0.0,5.0,0
332.97,1305.43,9067.01,3.0,10.0,28.8,62.0,0.0,21.0,0
71.86,127.57,1862.34,2.0,0.38,15.2,87.3,0.0,16.0,1
61.23,243.29,1835.65,2.0,0.38,-1.4,64.2,0.0,13.0,1
6.09,9.65,155.86,1.0,0.38,29.0,60.4,0.0,9.0,0
14.39,54.99,386.08,1.0,0.22,40.0,50.1,1.0,18.0,1
9.5,28.15,274.46,1.0,0.38,16.0,69.4,0.0,2.0,0
4.18,10.78,104.84,1.0,0.22,19.4,95.0,0.0,15.0,0
23.28,64.55,733.23,1.0,0.38,20.0,60.1,1.0,22.0,1
56.77,121.77,1659.51,2.0,10.0,38.0,42.1,0.0,15.0,1
670.99,2563.08,20749.94,3.0,110.0,36.4,70.5,0.0,22.0,0
2504.54,7023.34,78726.8,3.0,110.0,18.2,62.4,1.0,17.0,1
16.84,29.55,511.81,1.0,0.22,15.8,68.7,0.0,5.0,0
9.24,22.63,278.41,1.0,0.22,36.5,70.7,1.0,4.0,0
47.22,181.61,1338.78,4.0,10.0,28.2,72.7,0.0,8.0,0
15.61,23.53,426.11,1.0,0.22,31.1,63.9,1.0,4.0,0
19.54,68.85,560.91,4.0,0.38,20.4,63.6,0.0,12.0,0
44.18,149.39,1213.6,2.0,10.0,7.8,75.9,1.0,21.0,1
481.68,1859.49,13757.03,3.0,10.0,23.6,50.2,0.0,8.0,1
1531.91,2617.37,41995.01,5.0,220.0,14.9,60.3,1.0,3.0,0
7.16,16.67,199.56,1.0,0.22,24.8,68.0,1.0,13.0,1
287.31,1053.31,8277.08,3.0,10.0,21.2,68.4,0.0,0.0,0
4.41,17.05,123.49,1.0,0.38,29.9,64.4,0.0,20.0,1
31.79,121.12,896.99,4.0,10.0,23.3,69.7,0.0,14.0,0
97.63,321.74,2593.71,2.0,10.0,30.7,45.6,1.0,6.0,0
45.91,71.21,1425.39,2.0,10.0,28.7,74.9,1.0,13.0,1
6.15,23.02,188.03,1.0,0.38,31.7,63.2,0.0,13.0,0
6.3,11.51,169.29,1.0,0.38,26.0,76.3,0.0,10.0,0
156.46,479.03,4278.35,2.0,10.0,15.1,,0.0,0.0,1
59.0,208.92,1837.06,2.0,0.38,31.8,65.2,0.0,12.0,0
95.36,151.0,2860.01,2.0,0.38,20.2,58.7,0.0,13.0,1
4.66,7.44,136.83,1.0,0.38,24.7,81.3,0.0,17.0,0
6.49,16.28,200.32,1.0,0.38,12.4,45.8,1.0,1.0,0
155.82,323.04,4661.46,2.0,10.0,10.5,80.1,0.0,21.0,1
47.52,122.13,1358.38,2.0,0.38,15.5,77.6,1.0,6.0,0
59.73,232.81,1799.31,2.0,0.38,25.7,67.3,1.0,23.0,0
1344.23,2441.31,38258.05,3.0,35.0,18.4,67.1,1.0,14.0,0
7.55,29.11,205.16,1.0,0.38,16.6,35.2,1.0,4.0,0
31.08,95.19,777.99,4.0,10.0,24.4,95.0,0.0,10.0,1
6.16,11.28,156.35,1.0,0.22,15.5,73.8,0.0,2.0,0
59.39,154.1,1819.85,2.0,0.38,29.8,46.2,0.0,15.0,1
75.21,294.37,2297.25,2.0,0.38,19.5,60.0,0.0,7.0,0
71.68,270.52,1792.74,2.0,0.38,15.5,45.1,0.0,1.0,0
36.7,108.98,1004.81,4.0,10.0,16.0,46.5,0.0,13.0,0
3793.91,7633.73,112950.02,5.0,220.0,25.9,39.5,0.0,13.0,1
4.54,12.85,144.17,1.0,0.22,33.6,78.4,0.0,9.0,0
6.3,13.52,193.81,1.0,0.22,27.0,82.4,0.0,16.0,1
469.84,1354.54,12170.13,3.0,10.0,20.3,37.6,0.0,20.0,0
1918.86,6360.97,52464.49,3.0,10.0,19.9,47.6,0.0,6.0,0
41.61,157.76,1181.86,2.0,0.38,26.7,52.5,0.0,23.0,0
14.75,48.35,425.42,1.0,0.38,12.6,57.8,0.0,13.0,0
116.95,235.91,3444.62,2.0,10.0,28.9,73.7,0.0,3.0,0
6.93,11.01,203.69,1.0,0.38,26.5,58.2,0.0,19.0,1
57.96,93.06,1455.66,2.0,0.38,27.7,56.7,0.0,21.0,1
4.71,10.2,119.34,1.0,0.38,26.7,66.9,0.0,6.0,0
49.09,145.9,1407.4,2.0,0.38,13.6,70.4,0.0,14.0,1
663.57,1976.97,20043.4,3.0,110.0,13.8,37.1,0.0,10.0,1
101.28,294.47,2652.19,2.0,0.38,34.5,81.7,1.0,0.0,0
12.03,33.41,349.09,1.0,0.22,14.1,73.4,0.0,4.0,0
7.33,26.79,194.95,1.0,0.22,18.5,63.8,0.0,6.0,1
89.93,345.92,2819.57,2.0,0.38,31.1,48.4,1.0,18.0,1
4.74,10.1,140.88,1.0,0.38,32.3,80.0,0.0,19.0,1
6.24,18.26,184.54,1.0,0.22,27.0,45.0,0.0,11.0,0
10.28,19.94,310.3,1.0,0.38,18.1,50.8,1.0,20.0,1
1608.35,4142.92,44625.23,5.0,110.0,21.5,65.0,1.0,16.0,0
50.1,144.02,1417.22,2.0,0.38,30.5,71.6,0.0,16.0,0
8.86,20.15,228.95,1.0,0.22,10.4,53.3,0.0,8.0,0
116.16,410.69,3150.03,2.0,10.0,7.1,46.7,0.0,3.0,0
44.64,128.43,1405.07,4.0,10.0,28.5,73.9,0.0,6.0,1
1987.34,7770.26,61323.03,5.0,35.0,26.9,67.6,1.0,16.0,0
16.9,39.42,513.72,4.0,0.38,40.0,72.7,0.0,16.0,1
4.54,12.99,120.72,1.0,0.22,29.8,65.9,0.0,10.0,0
4.21,9.96,130.25,1.0,0.38,6.0,59.5,0.0,2.0,0
7.39,21.93,221.0,1.0,0.38,13.9,54.8,1.0,5.0,0
3754.84,11928.77,99709.75,5.0,220.0,33.8,59.3,0.0,3.0,1
58.48,111.16,1730.65,4.0,0.38,12.2,82.2,1.0,9.0,0
7.76,28.89,209.34,1.0,0.22,33.6,70.9,1.0,6.0,1
128.58,481.01,3554.5,2.0,10.0,19.6,57.8,0.0,8.0,1
4.45,14.9,134.02,1.0,0.22,22.9,74.5,0.0,21.0,1
51.99,145.62,1552.73,2.0,0.38,30.7,42.2,0.0,11.0,1
94.46,281.81,2528.29,2.0,0.38,32.6,95.0,0.0,6.0,0
539.71,1275.42,15940.85,3.0,110.0,11.3,66.4,0.0,2.0,0
4.64,16.77,131.46,1.0,0.38,17.2,82.6,0.0,2.0,1
466.22,1175.11,13467.94,3.0,35.0,26.3,54.5,0.0,9.0,1
11.29,25.39,355.07,1.0,0.22,16.3,76.6,0.0,14.0,0
484.07,1069.66,12509.98,3.0,35.0,27.7,58.0,0.0,7.0,0
1045.64,2250.49,27680.01,3.0,110.0,17.9,77.3,1.0,23.0,0
16.81,60.09,430.81,1.0,0.22,21.9,70.4,1.0,12.0,0
7.65,23.07,210.33,1.0,0.38,23.4,41.9,0.0,23.0,0
107.72,304.93,3266.35,2.0,10.0,21.7,40.2,1.0,2.0,1
313.72,1228.99,9359.68,3.0,35.0,19.4,71.1,0.0,13.0,0
1086.4,2887.4,30399.59,5.0,220.0,30.8,73.6,1.0,4.0,0
4.4,15.33,127.56,1.0,0.38,11.9,51.9,1.0,12.0,0
7.22,21.92,226.49,1.0,0.38,29.4,68.0,1.0,15.0,0
29.66,114.33,920.89,4.0,0.38,19.7,79.8,0.0,15.0,0
71.72,143.0,2150.39,2.0,10.0,24.3,61.5,0.0,4.0,0
35.55,115.98,1038.09,1.0,0.22,12.5,71.5,0.0,11.0,0
109.7,241.33,3177.6,2.0,0.38,7.0,58.9,0.0,2.0,0
8.52,16.33,244.24,1.0,0.22,19.1,66.5,0.0,16.0,0
531.2,846.98,13454.82,3.0,35.0,3.7,62.5,0.0,7.0,1
41.62,75.5,1180.7,2.0,10.0,25.6,77.3,0.0,17.0,1
4.43,6.75,133.1,1.0,0.38,24.4,41.4,0.0,14.0,0
18.38,46.31,516.45,1.0,0.38,6.8,48.1,0.0,20.0,1
154.74,413.24,4430.17,2.0,10.0,12.3,54.9,1.0,19.0,1
64.11,187.73,1810.45,2.0,0.38,22.7,58.6,0.0,9.0,1
261.95,873.68,7448.65,3.0,110.0,32.8,48.0,0.0,13.0,1
76.78,178.65,2081.13,2.0,0.38,14.3,78.3,1.0,18.0,1
6.55,10.78,182.98,1.0,0.38,20.2,77.9,0.0,3.0,0
24.76,91.9,753.06,1.0,0.22,-2.9,70.6,0.0,11.0,0
62.28,98.76,1589.69,2.0,10.0,21.7,50.3,0.0,4.0,0
4.61,13.99,147.03,1.0,0.38,21.5,74.2,1.0,10.0,0
76.56,119.22,2322.92,2.0,0.38,23.4,65.3,0.0,8.0,0
28.88,49.85,897.7,4.0,0.38,33.7,54.5,0.0,16.0,1
6.0,11.91,185.12,1.0,0.38,32.5,48.4,1.0,0.0,0
20.78,48.59,651.77,1.0,0.38,22.0,74.8,1.0,8.0,1
132.64,245.84,3370.46,2.0,10.0,21.8,68.2,1.0,1.0,0
589.94,1477.09,16007.42,3.0,35.0,19.7,53.6,0.0,19.0,0
