气温,湿度,风速,降水量,海拔,导线温度,凝结水量,持续低温时长,日最低气温,是否覆冰
-15.8,70.79,5.65,0.03,2434.0,-14.21,0.52,19,-20.94,1
-13.02,76.71,3.98,0.18,1960.0,-10.8,1.71,13,-16.65,1
-0.51,61.95,4.51,1.88,2177.0,1.55,1.88,9,-5.36,0
-15.9,67.02,6.46,0.69,1887.0,-16.98,0.53,13,-21.78,1
-0.51,61.95,4.51,1.88,2177.0,1.55,1.88,9,-5.36,0
-0.21,94.83,4.94,1.93,1884.0,1.29,2.16,4,-3.47,1
-1.2,74.69,3.6,5.25,1385.0,2.24,0.76,17,-4.76,1
2.06,91.88,3.76,2.13,2001.0,4.59,1.18,8,-1.45,0
-4.9,89.56,2.71,0.97,1934.0,-0.78,1.19,13,-14.21,1
-4.22,75.86,3.02,5.87,2154.0,-1.38,1.19,8,-8.78,1
5.05,81.69,7.07,3.99,389.0,7.44,1.67,6,2.03,0
-3.45,98.41,2.16,1.9,1205.0,-1.21,1.99,11,-5.83,1
-5.77,61.94,3.72,1.68,367.0,-3.56,0.0,14,-9.4,1
6.81,91.81,5.37,1.54,1112.0,6.8,2.42,12,2.3,0
-6.77,92.6,3.06,0.85,1308.0,-4.38,1.67,13,-9.46,1
-2.73,82.88,1.98,0.65,291.0,0.69,1.85,11,-6.17,1
-12.1,85.26,5.4,3.72,1010.0,-9.63,1.64,14,-16.32,1
-10.37,80.69,2.88,3.14,583.0,-8.59,1.49,7,-15.45,1
-4.4,75.01,5.82,3.83,444.0,-2.43,0.15,11,-7.45,1
-13.4,84.99,3.89,1.84,699.0,-11.26,0.38,14,-21.26,1
-12.81,82.56,1.33,0.91,823.0,-7.88,0.57,15,-17.81,1
-14.64,76.81,1.96,6.31,638.0,-13.36,1.42,14,-16.54,1
-4.19,74.85,7.26,1.22,1759.0,-3.27,1.45,11,-5.22,1
-1.54,77.82,3.42,1.06,1001.0,1.77,2.22,9,-6.65,1
-13.32,92.57,6.44,0.72,2360.0,-10.66,0.44,14,-17.49,1
-5.3,100.0,3.63,1.44,1226.0,-2.94,0.76,14,-8.67,1
-17.31,100.0,3.48,0.75,2161.0,-15.51,1.77,17,-23.49,1
-4.06,91.23,8.63,0.45,1558.0,-2.56,0.54,9,-6.25,1
-2.06,72.49,2.99,8.11,935.0,-0.7,2.42,8,-3.18,1
-15.63,97.53,3.04,3.64,734.0,-15.3,0.49,15,-21.61,1
-7.28,80.99,1.89,0.21,565.0,-7.86,0.86,12,-11.74,1
-9.98,77.27,3.14,3.22,2081.0,-9.83,0.84,14,-12.01,1
-9.77,72.19,2.67,3.46,755.0,-8.73,2.28,13,-15.09,1
-11.0,80.37,0.1,0.86,1730.0,-7.39,2.4,14,-13.82,1
3.33,68.05,4.56,3.62,2205.0,4.71,0.38,9,-1.73,0
4.93,63.33,2.41,1.99,2134.0,8.7,3.18,10,1.84,1
-6.44,85.98,3.84,4.76,1847.0,,1.6,14,-11.28,1
-4.1,92.62,3.59,2.43,1395.0,-2.47,1.62,12,-8.77,1
4.61,71.57,2.13,1.87,2489.0,5.89,0.76,13,2.42,0
-11.35,90.6,5.86,2.11,1379.0,-8.0,2.3,15,-14.22,1
-4.02,78.75,2.62,3.92,487.0,-2.71,0.01,13,-5.84,1
-6.32,83.91,2.52,2.54,274.0,-2.12,2.18,10,-11.39,1
-3.91,82.75,3.44,1.26,1612.0,-1.44,1.49,7,-7.07,1
-13.17,59.45,3.65,1.47,2146.0,-10.45,0.72,14,-18.05,1
1.65,72.41,2.6,1.47,2299.0,3.78,0.0,7,-2.94,0
-7.6,67.1,2.87,3.04,949.0,-5.44,0.11,13,-10.29,1
-2.96,100.0,4.87,0.16,303.0,-2.21,1.27,11,-7.56,0
4.9,70.52,0.1,2.3,366.0,7.02,0.58,4,1.59,0
-6.77,75.48,4.42,0.39,1019.0,-6.11,0.0,11,-10.98,1
0.48,75.95,5.14,0.9,460.0,1.11,0.0,2,-1.06,0
-2.9,92.66,4.53,5.12,392.0,-3.35,2.12,10,-10.02,1
-6.76,68.37,5.98,2.82,1932.0,-7.53,0.77,9,-9.34,1
-8.81,100.0,0.1,1.01,894.0,-7.86,1.59,11,-11.03,1
-8.96,78.43,1.52,2.61,1885.0,-7.07,1.21,14,-10.99,1
-4.46,86.09,1.84,5.29,394.0,-2.95,0.64,10,-7.35,1
-13.3,100.0,4.0,2.17,2025.0,-12.75,0.18,15,-19.36,1
-5.65,78.89,6.53,2.99,585.0,-1.62,0.39,12,-9.83,1
-4.1,92.62,3.59,2.43,1395.0,-2.47,1.62,12,-8.77,1
-4.84,80.8,0.93,1.81,2406.0,-3.33,0.53,7,-10.57,1
6.76,78.13,2.24,1.25,2184.0,11.76,0.67,8,3.22,0
0.64,83.09,1.26,1.92,784.0,4.12,1.8,4,-0.51,0
-6.09,62.5,4.67,0.21,1897.0,-4.31,0.0,14,-10.73,1
-15.99,79.0,1.43,6.05,2008.0,-14.39,0.63,12,-19.26,1
8.7,91.49,3.02,0.85,1844.0,8.69,0.45,6,6.01,0
-12.99,80.62,1.56,0.13,1090.0,-10.32,0.75,14,-17.26,1
-0.62,100.0,2.9,0.29,2298.0,1.86,1.93,6,-3.97,1
1.26,75.57,4.53,2.28,1479.0,3.75,1.19,3,-3.04,0
-17.18,75.12,7.34,0.46,1532.0,-14.24,1.77,17,-21.73,1
-3.08,100.0,6.09,1.75,1030.0,0.91,2.6,8,-9.23,1
-15.39,,3.24,2.25,2298.0,-15.25,0.35,17,-17.14,1
-10.13,89.53,2.73,0.7,1888.0,-8.27,1.52,12,-17.43,1
1.69,92.45,1.66,0.46,660.0,5.37,1.48,4,-0.21,0
-2.41,71.9,0.1,2.28,752.0,1.43,0.46,10,-6.85,1
-17.64,93.35,6.22,4.13,516.0,-16.12,1.67,15,-20.86,1
-1.02,80.56,6.48,3.32,309.0,0.56,0.92,7,-6.47,0
-3.15,91.96,0.6,0.05,2019.0,0.02,1.55,13,-7.1,1
-12.21,73.27,2.1,0.4,273.0,-8.62,2.52,15,-17.14,1
-13.9,100.0,6.68,1.97,2399.0,-12.81,1.45,16,-19.24,1
-7.38,95.89,6.82,2.79,1176.0,-5.26,1.43,13,-9.93,1
-10.35,73.86,4.63,2.63,1112.0,-5.94,0.76,18,-15.17,1
-15.0,74.79,0.67,0.56,1220.0,-15.6,0.83,17,-17.71,1
-5.73,55.54,4.27,3.67,541.0,-4.29,0.84,9,-10.54,1
-5.25,96.63,2.57,0.61,320.0,-3.44,2.17,10,-8.92,1
-7.06,80.78,4.93,1.28,356.0,-6.84,1.4,11,-12.4,1
-2.09,55.2,1.21,0.75,2478.0,-1.29,0.74,10,-6.67,0
-5.98,78.28,2.3,0.59,721.0,-4.41,1.8,8,-11.76,1
-3.57,79.14,3.79,1.47,441.0,-3.6,2.34,9,-5.85,1
-15.7,66.86,4.73,1.36,2234.0,-11.99,0.9,18,-19.79,1
1.42,88.85,1.9,0.5,2347.0,2.42,0.98,11,-4.0,0
-8.64,66.67,6.35,1.22,1727.0,-5.87,0.17,12,-11.69,1
-3.25,98.58,0.79,0.13,1787.0,-1.82,0.22,6,-6.01,1
-3.72,84.28,2.93,0.65,1579.0,-2.42,2.65,10,-6.57,1
-10.94,70.94,0.59,2.12,1949.0,-8.53,0.0,14,-16.89,1
-2.44,69.61,5.46,0.05,375.0,-3.3,1.6,4,-8.9,0
1.56,70.8,6.56,5.33,253.0,2.1,2.16,6,-1.97,0
-4.19,67.58,2.05,4.2,2157.0,0.59,0.0,12,-6.77,1
-11.2,80.18,0.1,3.27,557.0,-9.14,1.74,14,-17.44,1
0.67,81.27,5.13,1.03,933.0,2.82,1.81,6,-2.7,0
-7.95,81.69,5.61,0.46,1704.0,-5.34,2.78,15,-11.55,1
-6.72,84.79,6.91,0.53,211.0,-2.05,1.46,14,-11.27,1
-3.33,70.2,0.32,5.77,2289.0,-2.7,0.53,14,-6.58,1
-4.72,100.0,2.95,2.75,545.0,-0.75,1.09,10,-7.89,1
-9.81,78.69,5.27,3.12,2359.0,-9.51,1.35,16,-12.66,1
-3.4,75.64,4.1,2.37,1774.0,-0.45,1.41,12,-7.65,1
-6.57,82.0,2.88,1.2,1195.0,-6.43,0.94,10,-11.16,1
0.79,91.03,2.66,9.26,2483.0,0.64,0.45,11,-3.61,0
0.05,70.2,0.1,3.7,568.0,1.83,1.72,7,-5.77,0
-1.63,73.94,6.22,1.8,2086.0,1.65,0.41,7,-5.47,0
-5.14,82.39,2.09,2.82,2088.0,-4.83,2.47,16,-8.11,1
-4.37,81.62,4.73,2.48,2322.0,-2.7,2.56,12,-7.6,1
-10.05,65.84,4.84,1.86,546.0,-4.59,1.42,10,-13.65,1
-7.17,84.29,6.32,1.38,1066.0,-3.37,3.5,13,-11.07,1
-12.53,76.89,1.38,1.07,2218.0,-9.3,0.85,11,-16.67,1
7.68,74.39,1.7,2.2,1591.0,8.56,0.62,9,1.58,0
,75.5,5.25,0.87,1974.0,6.88,0.15,8,-1.7,0
-13.54,81.29,5.07,2.7,2179.0,-10.19,2.91,13,-18.17,1
-3.94,76.2,3.16,0.0,1564.0,0.35,2.6,8,-9.12,1
-7.67,69.54,1.88,0.66,1252.0,-5.74,2.01,19,-13.45,1
-6.33,96.59,1.99,0.07,1509.0,-3.29,1.83,13,-9.52,1
-10.97,87.24,4.51,1.03,821.0,-7.23,3.52,10,-17.28,1
-0.76,59.09,2.2,0.25,2181.0,0.75,0.88,16,-4.14,1
0.61,76.14,0.89,4.97,278.0,2.06,0.88,4,-6.15,0
-9.46,74.84,9.35,1.37,1889.0,-6.74,1.77,14,-14.57,1
3.14,71.45,4.93,2.13,1097.0,5.72,2.89,5,-3.91,0
0.67,84.3,2.09,4.06,2452.0,1.46,1.82,5,-2.02,0
-11.61,80.9,3.78,0.07,261.0,-10.87,0.0,12,-17.24,1
2.69,72.93,4.16,1.65,1766.0,3.83,1.2,14,-2.31,0
-3.13,100.0,1.93,1.9,450.0,-2.37,0.42,10,-6.98,1
-13.58,100.0,7.39,0.77,949.0,-14.4,2.48,19,-17.1,1
-8.31,73.53,2.07,0.95,479.0,-7.37,0.85,9,-11.0,1
-11.15,58.88,1.25,2.42,1414.0,-8.5,0.37,12,-17.1,1
-6.13,74.02,2.21,2.34,2289.0,-4.32,0.81,10,-10.45,1
3.48,92.85,2.81,1.66,607.0,7.01,2.3,5,0.58,0
2.08,89.78,4.37,0.38,378.0,4.95,0.87,11,0.67,0
-8.49,94.06,4.28,0.6,974.0,-5.67,0.79,13,-14.26,1
2.61,78.18,4.71,0.38,1671.0,7.97,0.0,7,-0.64,0
3.35,68.37,1.78,0.52,1929.0,7.33,1.77,8,1.7,0
-2.69,82.61,2.6,0.11,821.0,1.11,1.3,9,-5.93,0
-0.71,86.29,5.53,1.06,1570.0,0.02,0.13,3,-5.65,0
-6.16,93.4,7.36,3.17,829.0,-6.61,1.72,13,-9.87,1
-18.79,66.22,0.91,1.48,845.0,-16.07,1.77,15,-21.53,1
-13.98,92.7,6.38,4.5,447.0,-11.27,1.39,12,-18.78,1
-0.52,74.54,3.24,0.25,1181.0,0.64,0.4,6,-2.87,0
0.43,82.76,3.35,2.37,1029.0,5.15,1.7,11,-2.77,0
-4.19,74.85,7.26,1.22,1759.0,-3.27,1.45,11,-5.22,1
6.07,99.81,0.1,7.88,552.0,9.14,1.35,9,4.1,0
-16.81,82.4,3.14,0.33,2153.0,-18.53,1.22,16,-22.14,1
-11.18,78.42,7.18,2.81,860.0,-9.23,0.86,11,-18.51,1
-6.0,65.47,5.85,0.61,956.0,-2.98,0.21,10,-9.53,1
-7.33,85.0,6.13,0.64,2339.0,-6.14,1.56,6,-11.98,1
-7.69,91.03,1.18,8.02,,-7.14,1.33,18,-10.93,1
-6.57,82.0,2.88,1.2,1195.0,-6.43,0.94,10,-11.16,1
0.55,79.69,2.02,7.37,1211.0,2.97,1.68,9,-3.49,0
-14.59,63.09,0.1,1.82,2210.0,-11.91,0.31,13,-22.58,1
2.56,61.59,5.11,0.68,1359.0,3.46,0.27,7,-0.62,0
7.19,100.0,5.41,4.52,1913.0,9.51,2.02,12,0.5,0
3.44,92.82,0.89,0.47,1259.0,7.08,2.69,5,-1.26,0
-12.81,82.56,1.33,0.91,823.0,-7.88,0.57,15,-17.81,1
-2.23,70.67,3.79,1.7,768.0,0.69,1.43,12,-4.94,0
-7.24,78.77,3.62,0.69,1489.0,-3.44,1.53,18,-12.72,1
3.58,85.56,4.34,1.67,701.0,5.59,0.36,7,1.88,0
-1.89,90.65,4.2,0.79,2435.0,0.0,1.19,11,-7.09,0
0.65,100.0,5.54,2.68,2495.0,2.73,0.62,10,-4.74,0
-4.31,72.06,2.68,4.59,382.0,-4.32,1.54,14,-6.05,1
-3.41,49.4,1.35,0.72,392.0,-3.72,2.68,9,-8.78,1
-5.92,84.03,3.99,1.47,939.0,-9.19,1.36,13,-10.9,1
-7.89,68.52,1.27,0.07,896.0,-7.41,1.36,10,-14.24,1
-4.37,100.0,3.31,0.79,371.0,-2.62,1.42,8,-7.47,1
-0.01,82.31,1.32,3.78,1213.0,1.1,1.3,13,-4.55,1
-3.04,75.53,3.27,1.0,664.0,-0.24,1.73,11,-9.31,1
3.58,74.5,4.47,1.96,1938.0,4.52,0.0,7,2.0,0
-1.32,82.13,2.59,1.01,1137.0,1.25,1.52,9,-3.98,0
-0.64,69.54,4.24,0.1,1884.0,0.26,2.08,8,-5.45,1
-7.29,72.6,0.1,3.69,978.0,-1.25,0.0,14,-8.74,1
-9.63,92.67,3.59,4.56,2164.0,-8.65,2.11,16,-17.29,1
-7.87,61.64,3.32,3.78,1323.0,-7.34,2.09,12,-10.75,1
1.99,73.91,1.41,2.63,685.0,5.02,0.23,15,0.39,0
2.09,69.69,5.72,3.15,1577.0,5.44,0.74,11,0.89,0
-2.63,83.14,4.45,1.2,1424.0,2.06,2.42,8,-7.23,1
3.51,66.18,2.74,2.09,1418.0,4.88,0.0,9,0.1,0
-4.19,67.58,2.05,4.2,2157.0,0.59,0.0,12,-6.77,1
-2.83,63.53,4.76,2.17,2099.0,1.99,0.16,11,-3.12,0
-7.21,85.48,4.12,0.06,928.0,-3.73,2.05,11,-9.43,1
3.86,78.49,4.23,3.24,454.0,6.47,2.23,9,3.0,0
-2.33,77.16,0.1,2.02,720.0,2.04,0.0,8,-6.21,0
2.28,93.05,0.96,1.33,1426.0,2.2,0.0,4,-2.23,0
-1.71,93.45,5.69,2.48,888.0,-0.08,0.57,5,-6.58,0
-7.54,72.34,4.95,6.65,1714.0,-4.58,1.57,13,-10.18,1
-4.51,82.75,1.64,1.35,720.0,-3.95,1.24,8,-9.88,1
-2.95,80.58,6.55,0.19,1814.0,-0.62,0.0,6,-6.45,0
-13.36,82.98,6.31,1.72,2115.0,-11.41,2.25,17,-18.94,1
-5.04,88.8,4.61,2.1,1489.0,-4.94,1.86,11,-8.03,1
1.72,100.0,6.85,1.31,1126.0,6.4,1.76,7,0.44,0
7.53,81.23,5.07,0.63,734.0,9.78,1.19,7,5.74,0
2.6,94.52,5.2,3.27,276.0,2.5,0.0,10,-1.18,0
-11.94,99.85,4.21,1.44,481.0,-7.71,1.82,19,-15.51,1
-8.23,86.18,7.38,1.82,338.0,-6.14,2.5,11,-13.24,1
4.01,94.71,6.86,9.86,2249.0,6.96,1.8,5,2.27,0
-1.37,87.05,2.67,0.02,2476.0,-0.2,0.0,10,-5.72,0
-3.79,80.68,2.15,0.22,1815.0,0.32,0.36,12,-9.06,1
-5.67,100.0,0.97,1.76,1154.0,-1.91,2.49,7,-11.68,1
-4.82,97.15,3.35,0.96,1734.0,-4.58,1.41,9,-9.19,1
-9.62,56.54,5.25,1.07,807.0,-5.73,0.0,11,-16.58,1
-12.47,87.66,2.4,0.36,2469.0,-11.89,1.12,10,-16.15,1
-1.94,71.46,,1.64,1253.0,-0.08,0.0,3,-4.47,0
-9.77,97.01,1.48,1.03,1963.0,-5.94,1.32,14,-13.11,1
-2.1,77.86,4.4,2.69,2019.0,-0.03,0.66,13,-5.24,1
-4.34,49.26,2.87,1.63,1465.0,-2.38,0.5,4,-7.99,1
-7.42,92.81,6.06,0.51,1474.0,-5.13,2.69,8,-10.72,1
3.76,100.0,4.0,0.07,906.0,7.84,2.37,5,0.53,0
0.49,80.98,2.05,0.89,251.0,3.12,2.36,7,-4.13,1
-24.64,67.67,0.1,0.37,2011.0,,0.33,21,-28.95,1
-8.86,77.9,2.83,2.4,2082.0,-8.69,1.51,11,-11.99,1
-3.33,78.01,3.5,1.54,1715.0,-2.97,2.38,9,-10.29,1
2.78,91.27,4.36,1.82,2222.0,5.54,1.8,7,-0.88,0
-12.25,93.67,2.62,1.03,1198.0,-9.72,1.32,11,-17.01,1
5.67,94.47,7.59,2.94,2221.0,7.32,1.47,3,0.6,0
-3.67,95.85,3.72,4.74,1888.0,-0.51,2.15,9,-6.8,1
-0.14,75.0,0.9,2.12,1783.0,3.13,0.0,6,-4.67,0
-2.49,81.03,4.04,1.98,2179.0,-1.39,2.58,7,-6.47,1
-3.16,84.08,2.79,1.89,496.0,-3.02,1.09,12,-7.63,1
-5.41,81.68,5.25,3.04,2393.0,-3.59,1.18,8,-7.64,1
-5.99,80.83,5.57,0.4,1593.0,-2.74,1.87,11,-11.05,1
1.6,99.09,2.4,1.91,1821.0,-0.16,1.16,11,-2.62,0
-4.68,94.91,1.95,0.47,962.0,-2.94,1.62,10,-11.06,1
-3.21,93.6,6.48,2.54,889.0,1.29,0.32,9,-8.88,1
-4.52,78.28,4.97,5.36,569.0,-3.02,0.8,12,-9.25,1
-0.95,91.06,0.1,2.81,1513.0,2.18,1.84,4,-6.37,1
-17.03,85.23,2.18,2.77,835.0,-14.93,2.96,17,-20.19,1
-4.9,67.31,0.68,1.14,1631.0,-2.25,0.0,9,-10.6,1
-6.44,91.61,6.54,1.52,449.0,-4.7,1.92,14,-14.34,1
-6.92,86.99,2.07,2.77,632.0,-4.78,2.81,6,-10.12,1
5.96,97.46,3.58,1.64,1025.0,9.46,1.76,7,1.67,0
4.05,80.9,3.53,0.13,2038.0,3.88,0.85,9,0.56,0
-5.13,72.27,0.43,1.3,2263.0,-2.64,0.3,13,-10.16,1
-2.84,98.64,4.51,1.36,1132.0,0.77,1.77,4,-7.15,1
-4.18,66.36,2.66,0.07,2159.0,-3.5,0.86,10,-8.98,1
-5.08,74.75,4.61,0.6,1546.0,-4.1,1.92,12,-8.03,1
-18.14,75.08,6.08,3.22,2088.0,-19.05,2.32,22,-20.7,1
-2.26,93.66,3.43,0.45,245.0,0.57,0.14,6,-4.47,0
-5.42,89.6,3.22,0.5,2032.0,-4.08,0.48,13,-12.83,1
-11.6,85.52,0.85,1.66,1509.0,-12.25,0.75,15,-16.59,1
1.5,85.96,4.62,2.04,1711.0,4.44,2.17,10,-3.73,1
-6.4,97.98,3.71,5.93,1057.0,-3.81,0.67,10,-11.51,1
1.14,89.32,4.93,0.92,1345.0,4.62,1.03,9,-3.75,0
1.2,79.08,5.23,1.86,2376.0,3.42,1.69,10,-5.37,1
-4.24,66.21,1.93,1.32,373.0,-3.03,0.88,8,-8.42,0
-8.47,83.48,5.14,0.32,2077.0,-5.23,2.21,13,-10.22,1
-5.25,85.03,2.66,3.59,2236.0,-3.43,1.84,12,-8.58,1
-6.91,81.77,0.1,0.13,1653.0,-5.19,1.9,9,-11.01,1
-4.18,74.94,1.96,0.8,2043.0,-1.75,1.5,12,-8.89,1
-7.25,73.05,3.84,6.52,2460.0,-5.08,4.13,7,-15.34,1
5.94,74.95,0.97,0.26,1955.0,6.94,2.59,8,3.37,0
-0.74,75.94,1.77,2.81,2093.0,3.27,1.81,9,-5.08,1
-8.32,96.46,2.25,0.39,2333.0,-5.84,1.92,16,-12.76,1
-1.55,74.84,1.2,0.39,2364.0,0.06,1.87,12,-5.21,1
-9.11,71.77,0.1,0.08,253.0,-7.08,2.24,13,-13.36,1
4.49,73.19,0.86,2.54,726.0,5.47,0.0,10,-0.79,0
7.19,100.0,5.41,4.52,1913.0,9.51,2.02,12,0.5,0
-3.03,99.92,0.32,0.31,2200.0,-0.27,3.02,7,-6.71,1
-6.08,100.0,4.22,0.8,1290.0,-5.35,0.6,9,-8.96,1
-10.42,56.97,0.39,0.31,1831.0,-8.8,0.09,17,-15.98,1
-4.4,75.01,5.82,3.83,444.0,-2.43,0.15,11,-7.45,1
-6.23,83.84,4.47,1.41,2336.0,-5.2,2.01,14,-10.13,1
-8.73,85.9,8.08,5.86,1706.0,-8.5,0.8,12,-13.07,1
-13.95,48.05,3.59,0.33,1416.0,-12.13,1.85,12,-18.82,1
-2.49,47.3,3.3,0.93,1237.0,-0.39,0.75,12,-6.85,0
-14.58,89.32,2.21,2.0,954.0,-13.8,1.73,11,-17.11,1
-17.44,52.1,2.82,2.23,1621.0,-16.32,0.0,21,-20.43,1
-1.18,84.75,6.65,1.38,1663.0,-0.87,1.59,8,-7.82,1
-4.24,84.98,1.99,7.94,391.0,-2.47,1.45,10,-6.74,1
-2.79,71.35,3.03,0.77,2469.0,-0.81,0.0,10,-7.62,1
-6.89,85.03,4.99,0.37,1246.0,-5.18,1.3,12,-13.66,1
-6.15,82.11,1.09,0.7,582.0,-4.42,1.38,11,-13.29,1
-8.0,87.83,3.2,0.65,727.0,-3.67,1.1,13,-13.98,1
6.59,68.46,2.23,0.92,474.0,10.22,1.55,11,3.13,0
-15.22,100.0,1.6,2.22,1730.0,-12.76,1.63,18,-21.45,1
-8.4,100.0,4.13,1.0,2036.0,-4.77,2.16,10,-12.39,1
-2.9,92.66,4.53,5.12,392.0,-3.35,,10,-10.02,1
-0.59,99.51,2.13,0.36,2288.0,2.57,1.37,7,-4.72,0
-9.28,80.99,5.24,11.24,1234.0,-4.51,0.36,15,-17.21,1
-7.23,84.28,3.14,2.22,970.0,-5.88,1.72,12,-12.47,1
-12.14,79.65,3.38,3.93,1681.0,-11.16,1.43,12,-15.67,1
-12.99,80.62,1.56,0.13,1090.0,-10.32,0.75,14,-17.26,1
-17.05,81.63,5.84,,348.0,-15.27,1.43,15,-21.67,1
-11.31,82.05,0.84,8.36,2037.0,-8.16,0.46,16,-14.04,1
1.59,100.0,2.43,0.15,1929.0,6.46,1.15,7,-0.43,0
4.84,87.02,0.27,2.59,992.0,6.85,1.45,5,-1.97,0
-3.9,95.73,4.23,0.29,1036.0,-2.74,3.26,12,-7.97,1
-5.27,75.13,1.06,3.53,247.0,-4.04,2.19,9,-8.88,1
-6.23,73.77,0.1,2.04,2426.0,-0.3,0.0,16,-10.55,1
-8.73,82.63,2.79,0.59,1401.0,-5.2,0.47,12,-13.52,1
-0.58,84.41,0.82,2.39,2159.0,1.67,0.0,9,-2.48,0
-14.08,80.05,3.91,3.94,2284.0,-10.55,1.33,19,-19.48,1
-13.99,81.78,5.07,0.41,1005.0,-12.21,0.64,12,-15.55,1
-6.18,89.18,3.72,0.68,2115.0,-5.58,0.65,12,-10.1,1
-8.65,81.13,7.14,3.12,1616.0,-7.76,1.11,12,-12.6,1
-12.53,86.15,3.82,0.53,1625.0,-10.63,0.95,14,-18.29,1
5.04,73.38,6.55,1.13,2242.0,6.44,0.58,6,-2.0,0
-1.25,66.31,3.71,2.12,2086.0,1.98,0.69,10,-5.58,0
4.77,77.51,5.62,0.61,2273.0,8.41,0.46,11,-1.59,0
-8.79,65.68,4.5,4.07,797.0,-7.96,0.92,10,-14.0,1
-1.42,80.03,3.56,2.71,2068.0,0.54,0.99,12,-7.3,0
-5.06,100.0,3.72,2.75,1725.0,-5.12,3.67,13,-7.01,1
9.7,85.2,5.84,0.66,2013.0,11.94,0.65,3,8.02,0
1.71,74.48,3.95,3.78,711.0,3.28,1.37,5,-1.33,0
-7.73,80.45,3.96,1.75,1389.0,-3.84,0.84,10,-12.96,1
4.74,80.67,1.24,1.3,532.0,4.66,0.86,7,3.11,0
-1.44,95.38,0.61,0.93,1748.0,1.41,2.79,12,-5.64,1
-17.0,84.48,2.68,1.52,603.0,-13.58,0.0,15,-22.67,1
4.84,81.78,3.84,6.1,1584.0,7.28,0.43,7,-0.16,0
2.95,85.32,3.44,1.33,2221.0,5.83,,10,-1.53,1
-1.18,86.98,3.38,1.39,2185.0,0.62,0.59,8,-2.84,1
-3.11,99.38,4.08,2.16,2351.0,-2.09,1.1,7,-6.71,1
-17.83,77.33,6.53,0.27,2247.0,-17.46,1.04,11,-23.69,1
1.13,79.42,4.23,1.09,845.0,5.08,0.55,10,-4.81,0
-10.47,84.79,1.15,0.24,703.0,-7.52,1.97,15,-15.71,1
-1.27,76.4,3.85,0.72,776.0,0.59,0.59,11,-6.9,1
1.23,99.15,2.82,1.86,1376.0,3.7,1.86,10,-2.1,0
5.05,81.69,7.07,3.99,389.0,7.44,1.67,6,2.03,0
-4.75,82.1,4.18,0.54,827.0,-3.88,0.9,11,-8.28,1
0.0,68.63,6.1,3.3,759.0,-1.09,2.06,5,-3.06,0
1.38,100.0,2.1,4.0,1704.0,4.17,1.26,10,-5.28,0
-7.66,77.3,3.14,2.7,554.0,-4.81,3.09,14,-10.67,1
-5.81,88.22,4.61,0.3,2441.0,-2.68,2.96,16,-12.27,1
-16.84,94.66,0.86,1.22,1131.0,-15.54,2.3,13,-19.59,1
0.37,95.67,3.25,0.74,415.0,3.44,2.74,5,-6.79,0
1.12,55.8,1.16,0.02,1524.0,3.62,0.64,6,-3.05,0
3.01,81.56,6.49,1.11,956.0,6.48,1.43,9,-4.21,0
-3.79,76.1,1.72,4.27,761.0,0.9,1.43,9,-8.4,1
4.38,100.0,4.41,2.29,1624.0,3.95,0.78,8,,0
3.36,68.23,3.05,1.37,802.0,6.83,1.35,7,-0.32,0
-5.47,68.39,5.79,1.51,2126.0,-1.79,1.78,15,-10.61,1
-7.75,86.27,6.48,1.23,1054.0,-5.37,1.95,12,-10.33,1
-0.4,65.46,3.22,1.9,1262.0,0.6,1.74,8,-4.15,0
9.42,67.06,5.69,3.15,1613.0,10.66,2.39,7,4.78,0
2.77,74.41,1.54,2.05,568.0,4.76,1.9,10,-0.69,0
-11.72,81.0,2.46,1.79,2336.0,-8.09,0.4,15,-18.77,1
-5.63,87.03,1.04,0.04,594.0,-5.71,0.2,10,-10.39,1
-0.0,91.58,4.51,1.11,1235.0,4.21,1.8,6,-4.73,0
0.96,85.68,4.22,1.72,1356.0,1.44,1.06,7,-1.31,0
-13.79,90.59,3.57,1.96,245.0,-12.35,1.87,20,-17.81,1
4.49,85.69,2.21,0.53,1987.0,9.23,0.83,9,0.65,0
-16.77,81.39,4.04,3.43,2448.0,-15.28,0.96,13,-21.61,1
-5.44,78.98,6.27,0.08,237.0,-1.75,0.0,8,-9.72,1
-13.08,65.36,1.0,1.23,284.0,-14.01,1.54,15,-14.54,1
5.65,59.37,0.26,2.52,2060.0,7.66,0.43,6,0.92,0
-7.3,94.74,2.71,0.07,2392.0,-3.84,0.66,8,-12.98,1
-8.98,78.27,3.35,4.96,2376.0,-6.46,0.13,14,-16.71,1
3.09,70.15,2.6,0.22,2116.0,3.97,0.67,14,-1.09,0
-12.17,99.46,4.52,2.41,1807.0,-11.52,1.98,15,-16.41,1
11.32,82.34,4.76,4.47,1931.0,13.81,0.63,4,9.52,0
-18.8,79.23,3.69,0.31,2427.0,-14.9,0.22,22,-24.97,1
12.77,65.0,5.14,0.42,744.0,15.78,1.12,10,11.1,0
3.02,70.72,5.62,0.86,2288.0,3.11,0.0,8,-0.56,0
-4.24,89.75,2.3,1.9,1873.0,0.4,1.42,7,-7.7,1
-6.82,77.28,3.53,4.9,965.0,-5.45,1.89,10,-9.67,1
-9.07,86.92,2.0,0.8,1460.0,-7.51,0.31,16,-15.68,1
-5.37,83.26,3.13,0.01,2081.0,-3.36,0.23,15,-9.89,1
-0.86,70.47,3.5,2.48,1278.0,-0.99,1.0,10,-2.7,0
-1.33,92.89,6.08,2.17,1667.0,-0.32,0.71,3,-6.94,0
0.0,88.25,3.02,2.4,1579.0,2.96,2.15,6,-6.0,1
-3.92,78.42,4.73,0.35,2232.0,-3.23,0.18,13,-6.05,1
-13.78,93.91,3.45,0.04,,-13.25,0.91,13,-16.67,1
-5.95,88.36,4.8,0.31,1996.0,-3.86,1.05,11,-9.5,1
-3.43,74.66,3.93,0.03,558.0,-1.32,1.42,8,-6.81,1
-6.86,88.66,2.34,0.74,1619.0,-4.92,0.0,9,-12.36,1
0.82,75.29,9.64,0.02,1733.0,2.78,2.09,9,-3.91,0
-0.07,82.88,2.1,0.23,2473.0,3.11,2.59,9,-1.32,0
9.92,81.56,5.67,3.77,1356.0,8.97,2.21,6,5.96,0
1.92,100.0,5.56,0.08,1458.0,5.24,2.15,6,-0.1,0
-2.75,81.11,7.51,0.45,1633.0,0.04,1.56,13,-5.59,0
-4.66,81.02,5.15,5.41,2000.0,-5.03,2.06,7,-9.62,1
7.88,95.99,5.07,0.97,756.0,9.7,2.37,6,3.42,1
-7.31,100.0,3.5,2.91,628.0,-5.84,0.6,12,-13.76,1
-8.74,95.77,2.33,6.73,1604.0,-8.77,3.02,13,-13.86,1
-6.7,89.61,4.67,0.45,392.0,-5.73,1.41,10,-11.86,1
-6.35,69.35,5.65,0.42,1514.0,-7.19,2.07,7,-8.64,1
5.26,85.83,3.05,0.23,1863.0,9.33,1.01,8,-3.41,0
-22.07,91.04,0.1,1.21,2224.0,-18.16,0.91,13,-27.75,1
3.2,81.04,2.57,0.7,2330.0,6.0,1.42,8,1.47,0
4.01,79.69,4.01,0.07,2302.0,8.87,2.02,6,-0.41,0
-2.03,94.18,2.79,5.1,2068.0,0.89,1.91,4,-5.99,1
-7.02,93.88,0.5,2.15,1112.0,-5.3,1.21,11,-12.3,1
1.22,87.96,7.3,9.47,891.0,2.48,0.0,6,-2.92,0
-3.79,92.54,0.1,8.19,509.0,-1.53,1.9,10,-8.82,1
-0.66,76.34,3.32,0.99,2350.0,2.92,1.62,11,-3.76,0
1.65,96.28,5.36,7.46,920.0,2.22,2.98,7,-3.73,1
-7.68,75.19,3.42,0.42,1646.0,-3.09,1.37,14,-10.4,1
-0.7,79.89,2.74,1.14,1437.0,2.12,1.41,10,-6.99,0
-1.06,81.62,1.97,0.35,1326.0,1.76,2.12,11,-3.87,0
-8.84,67.6,7.44,5.8,737.0,-6.19,1.03,17,-12.52,1
-6.36,66.07,0.28,6.34,973.0,-5.83,1.31,16,-13.61,1
-9.85,83.1,1.34,0.61,382.0,-8.87,1.76,17,-14.73,1
-2.14,82.87,0.1,0.69,629.0,0.21,2.1,12,-6.72,1
-0.5,79.85,0.1,1.14,2252.0,0.11,1.09,9,-2.45,1
5.78,71.97,4.19,1.53,1356.0,8.79,0.36,8,3.26,0
-1.21,75.25,4.88,4.84,799.0,-3.32,0.3,6,-5.01,0
-3.9,78.57,2.64,2.65,897.0,-2.13,1.93,9,-7.0,1
-3.73,73.73,3.36,3.5,1307.0,-2.23,0.0,10,-9.77,1
-10.57,83.02,1.16,,651.0,-8.39,1.89,14,-12.5,1
-0.18,91.23,0.34,0.35,254.0,1.47,0.86,10,-3.51,0
-8.79,65.68,4.5,4.07,797.0,-7.96,0.92,10,-14.0,1
-2.38,70.64,6.61,1.21,731.0,-1.85,1.54,10,-7.14,1
0.05,82.24,2.21,1.45,970.0,1.86,1.16,12,-0.4,0
-6.78,68.43,0.33,3.01,689.0,-4.1,2.27,9,-11.39,1
1.24,86.47,4.35,2.38,919.0,2.98,1.82,12,-4.79,0
4.09,79.95,3.63,0.37,1404.0,5.78,1.22,10,-0.56,0
-12.21,100.0,4.37,0.41,1131.0,-10.65,2.08,11,-18.82,1
0.23,61.11,2.34,2.06,457.0,3.41,0.0,7,-3.03,0
-9.36,89.69,0.1,0.44,325.0,-7.89,0.13,16,-12.67,1
-1.78,70.05,7.12,2.29,481.0,-1.41,0.67,6,-5.78,0
-7.1,94.66,2.7,2.25,2320.0,-8.33,1.41,15,-9.47,1
1.5,83.03,7.8,0.43,2327.0,3.83,1.18,2,-1.93,0
-14.79,74.27,3.46,1.7,2189.0,-11.94,1.3,13,-21.2,1
-13.85,85.03,4.46,1.31,1864.0,-8.22,1.88,9,-18.22,1
-7.22,83.62,4.51,0.32,2385.0,-2.63,0.08,11,-10.49,1
-3.55,74.15,8.98,1.16,1466.0,-3.75,2.64,10,-8.53,1
-18.27,87.84,4.15,3.05,361.0,-16.45,1.27,17,-21.1,1
-17.6,90.66,4.83,4.84,2310.0,-12.46,1.19,18,-21.14,1
-7.3,62.63,4.05,1.16,728.0,-7.42,0.79,13,-10.42,1
-9.23,96.64,2.11,1.32,1280.0,-5.65,2.44,16,-14.62,1
7.73,79.38,4.97,3.51,1898.0,8.32,0.64,8,4.35,0
-5.31,89.87,6.54,1.19,749.0,-4.97,2.13,9,-11.8,1
0.3,100.0,1.23,0.59,1000.0,1.45,0.51,7,-3.26,0
7.27,86.54,3.42,0.55,1193.0,10.08,1.31,5,3.46,0
-11.73,69.48,3.06,2.43,1861.0,-10.42,1.07,18,-17.66,1
-11.6,100.0,3.61,0.02,2229.0,-10.02,2.26,15,-14.01,1
-7.6,63.05,3.39,4.81,677.0,-5.55,0.33,15,-13.39,1
1.51,71.47,1.1,2.14,2285.0,2.87,0.52,7,-4.23,0
-10.14,92.27,1.65,2.45,1110.0,-9.4,0.79,16,-12.63,1
3.67,78.22,2.27,0.97,2259.0,4.9,1.37,6,1.92,0
8.34,80.76,2.23,0.57,1565.0,8.1,1.07,10,2.33,0
-15.88,90.42,5.63,1.69,1987.0,-13.88,0.67,24,-20.06,1
-7.09,89.31,3.87,3.75,725.0,-4.7,2.15,15,-12.2,1
0.89,57.92,1.56,0.01,2413.0,2.79,0.69,5,-1.35,0
-5.99,87.78,4.46,2.36,840.0,-4.15,1.77,7,-9.23,1
-11.11,76.85,2.35,1.38,720.0,-9.52,1.21,11,-14.29,1
-1.56,83.52,1.1,0.62,1066.0,-2.48,0.84,11,-6.4,0
-7.68,70.71,4.88,3.95,2474.0,-6.85,1.51,12,-11.76,1
-9.35,62.24,1.21,1.69,1461.0,-8.3,1.59,16,-14.67,1
-2.69,88.19,3.94,2.98,1291.0,1.58,1.19,13,-8.76,0
8.67,85.23,0.1,2.1,617.0,8.97,1.71,7,3.99,0
7.49,77.65,0.89,1.6,2038.0,6.8,3.07,5,2.3,0
3.7,100.0,4.71,1.74,450.0,6.79,2.01,9,-1.62,0
-7.87,86.57,1.98,2.53,1608.0,-5.7,2.64,7,-14.23,1
-8.52,59.49,5.53,0.16,409.0,-4.88,1.79,13,-13.93,1
-8.16,86.99,2.37,0.64,628.0,-8.74,0.0,10,-13.66,1
-4.3,72.87,1.6,1.32,426.0,-3.33,0.66,5,-7.5,1
-5.89,73.09,3.75,2.36,952.0,-2.44,0.73,5,-7.33,1
2.01,97.24,3.55,4.9,1505.0,4.12,0.0,7,-3.76,0
-15.36,81.04,5.73,6.06,390.0,-13.87,1.47,15,-18.1,1
-0.77,73.32,2.21,1.72,1521.0,-0.32,2.25,9,-6.15,0
-5.58,78.82,7.58,1.36,1658.0,-5.37,1.45,9,-6.89,1
-4.47,52.58,2.66,0.83,1444.0,1.42,2.14,7,-7.34,1
-6.2,63.27,6.07,2.3,1760.0,-2.07,2.32,12,-8.38,1
2.67,70.38,2.99,0.41,1586.0,4.75,0.0,7,-1.34,0
-9.11,71.44,3.47,0.04,2182.0,-7.31,0.66,10,-13.89,1
-6.76,74.54,0.55,0.68,1638.0,-6.67,2.35,9,-13.38,1
-11.41,79.59,1.64,0.83,271.0,-7.7,1.58,16,-16.58,1
-7.17,75.04,2.03,0.54,298.0,-6.58,2.57,13,-13.01,1
-2.34,85.26,3.89,1.45,1063.0,-0.37,2.27,9,-3.54,1
-6.82,77.28,3.53,4.9,965.0,-5.45,1.89,10,-9.67,1
-5.65,78.89,6.53,2.99,585.0,-1.62,0.39,12,-9.83,1
-13.19,77.37,2.56,0.67,1170.0,-10.4,0.68,12,-16.5,1
-17.48,88.55,3.04,0.67,2478.0,-12.47,1.04,14,-19.8,1
0.64,83.09,1.26,1.92,784.0,4.12,1.8,4,-0.51,0
-2.2,88.86,4.78,12.27,924.0,-0.59,0.57,6,-6.92,0
-0.85,70.51,3.17,0.33,323.0,1.11,1.77,6,-4.03,0
-10.76,83.59,3.32,2.49,1774.0,-10.16,1.24,7,-13.44,1
-8.44,94.99,3.7,2.4,1226.0,-7.9,1.02,16,-10.87,1
-3.98,78.48,6.09,2.8,506.0,-3.09,1.72,12,-8.05,1
-6.7,59.85,4.12,1.21,1177.0,-8.78,0.46,11,-10.71,1
-0.76,97.19,2.97,7.48,1747.0,2.26,0.79,7,-7.4,0
11.42,87.68,2.34,1.59,1629.0,13.66,0.92,6,6.8,0
-0.01,82.31,1.32,3.78,1213.0,1.1,1.3,13,-4.55,1
-1.34,82.14,6.8,8.74,346.0,-0.7,1.96,6,-3.55,0
-6.93,64.67,1.43,1.86,1652.0,-4.79,0.59,10,-10.93,1
-9.47,74.28,3.85,0.02,2179.0,-9.14,1.49,12,-11.01,1
-3.92,84.14,3.35,0.95,1752.0,-1.62,2.6,12,-6.2,1
-20.54,95.35,5.17,2.81,1393.0,-19.16,1.91,16,-23.87,1
-11.11,100.0,4.97,2.65,1155.0,-7.67,2.59,14,-16.29,1
2.09,96.79,4.68,5.45,1033.0,3.11,1.62,6,-3.12,0
-11.35,67.27,2.19,1.98,2496.0,-7.94,0.85,18,-17.54,1
-20.54,95.35,5.17,2.81,1393.0,-19.16,1.91,16,-23.87,1
-8.46,83.36,4.62,0.22,435.0,-7.69,1.19,15,-11.56,1
-3.35,77.63,3.27,0.36,2433.0,-0.49,3.04,7,-6.53,1
-3.42,74.83,4.87,1.18,1505.0,-2.62,0.06,8,-4.41,1
-6.91,83.47,5.84,0.01,1731.0,-4.34,2.3,12,-10.72,1
2.25,80.12,2.46,0.33,1260.0,3.38,1.78,6,-0.94,0
2.74,74.47,1.81,0.2,1186.0,3.8,1.25,3,-0.46,0
-3.89,81.22,3.54,1.56,838.0,-1.88,0.71,9,-8.65,1
-0.4,90.03,3.45,0.26,1181.0,0.89,2.26,4,-4.06,1
-8.51,80.59,2.39,2.4,1353.0,-6.2,1.93,12,-10.57,1
-9.24,81.39,3.96,1.98,2306.0,-6.3,1.89,18,-13.41,1
-8.29,87.9,3.29,4.67,290.0,-8.99,0.84,13,-11.99,1
-5.82,80.31,1.16,4.01,1289.0,1.09,1.13,9,-10.68,1
-0.08,100.0,4.38,5.68,2236.0,3.74,2.89,7,-4.27,1
2.11,82.25,2.26,2.1,2104.0,3.08,2.46,5,-2.59,0
-13.56,77.8,5.1,1.5,1329.0,-13.94,0.0,14,-18.02,1
-7.59,68.4,2.16,0.66,1099.0,-4.43,1.29,14,-10.13,1
6.55,92.08,4.4,1.24,2267.0,11.21,1.51,9,2.55,0
-14.76,77.1,2.74,3.14,2099.0,-13.29,2.09,17,-17.82,1
-11.86,98.63,0.73,2.64,1133.0,-10.72,2.77,14,-16.43,1
-8.84,71.74,2.63,0.99,1093.0,-7.96,0.0,12,-13.34,1
4.42,83.23,3.91,2.9,708.0,6.44,1.37,10,-0.05,0
-2.02,96.71,3.59,2.89,2100.0,1.34,1.89,5,-6.14,1
5.4,90.77,4.38,0.46,1302.0,7.7,2.34,11,2.74,0
-8.79,53.04,4.16,3.66,1741.0,-7.01,0.63,16,-15.99,1
-6.77,100.0,2.31,0.99,1898.0,-3.28,0.62,8,-11.29,1
-13.69,78.4,2.44,2.05,1623.0,-12.38,1.57,13,-15.35,1
-3.61,96.48,2.59,1.84,1018.0,-1.1,1.61,9,-6.81,1
-4.68,70.31,5.87,0.46,1417.0,-4.3,0.07,6,-10.77,0
-2.9,94.48,4.17,1.09,2394.0,1.44,1.9,9,-5.5,1
-8.92,84.28,2.45,6.34,1008.0,-6.55,0.85,14,-11.8,1
-4.25,99.47,0.1,1.61,338.0,-1.67,1.64,10,-9.65,1
-7.12,79.49,5.98,0.18,1371.0,-4.02,0.29,13,-8.56,1
-4.49,82.31,0.1,3.51,1609.0,-3.42,1.58,12,-8.13,1
-7.62,92.64,4.98,0.36,1563.0,-4.44,1.59,11,-10.1,1
-2.3,93.62,4.14,4.91,1029.0,2.16,1.5,12,-7.37,1
-2.83,83.01,6.93,5.46,2121.0,-3.11,1.31,11,-5.96,0
-14.62,85.49,2.54,3.85,1084.0,-11.38,1.79,13,-20.09,1
-0.95,68.81,6.65,2.38,1944.0,2.39,0.69,11,-3.35,0
0.53,88.98,4.83,1.42,1277.0,1.91,0.41,14,-4.2,0
-1.33,68.62,6.25,5.21,1289.0,-0.6,2.7,11,-4.87,1
-3.25,89.67,4.69,1.7,1196.0,-6.34,0.5,12,-5.64,1
-0.46,67.71,1.06,0.45,1563.0,2.68,0.62,8,-4.69,0
0.45,73.96,3.52,4.42,797.0,2.66,1.21,6,-3.54,0
-9.75,83.79,3.99,1.11,783.0,-7.39,2.95,14,-12.93,1
-6.38,82.75,5.09,1.16,973.0,-2.88,0.86,15,-8.95,1
-4.73,95.25,4.47,1.1,1688.0,-2.07,2.66,16,-5.91,1
-11.32,84.32,3.7,1.57,2497.0,-10.84,0.75,12,-11.32,1
-0.83,83.12,3.21,3.01,1048.0,3.42,1.12,10,-4.63,0
1.96,63.96,5.08,0.25,388.0,3.0,0.03,9,-1.43,0
2.63,96.58,5.62,1.04,904.0,2.66,1.82,12,-0.52,0
-19.5,66.96,2.97,1.54,317.0,-17.49,1.92,18,-23.35,1
-5.81,80.27,0.1,5.81,273.0,-3.11,0.19,11,-7.45,1
0.17,62.61,3.52,1.18,975.0,3.2,0.02,11,-4.28,0
-8.24,100.0,5.88,1.38,1186.0,-9.29,1.54,11,-13.48,1
-6.76,51.19,6.97,2.74,1024.0,-5.26,0.96,12,-10.67,1
-3.12,92.68,1.12,3.17,1598.0,-3.23,1.56,5,-6.3,1
-4.62,81.92,2.61,0.01,1674.0,-1.39,2.62,8,-6.93,1
-6.08,63.98,5.94,2.97,1329.0,-3.68,0.71,13,-9.65,1
-9.81,90.71,4.91,2.88,1534.0,-9.96,0.3,8,-13.08,1
1.94,69.66,1.15,6.68,1939.0,6.93,1.32,10,-4.94,0
3.34,71.25,3.85,3.93,899.0,4.21,2.59,16,0.05,0
3.15,82.9,4.09,0.35,2204.0,5.82,1.54,13,-1.64,0
-2.73,54.5,6.31,1.13,2499.0,1.87,1.28,3,-6.5,1
-0.9,75.0,1.02,5.15,1954.0,0.21,1.08,5,-4.96,1
-1.13,100.0,3.15,0.68,608.0,-0.22,2.59,15,-1.31,1
-3.49,76.84,2.23,0.46,1854.0,-0.17,2.21,11,-7.85,1
-4.31,100.0,2.77,1.27,371.0,-4.46,1.49,12,-8.04,1
-5.55,90.16,2.66,0.97,1995.0,-2.36,2.17,10,-7.65,1
2.2,83.71,6.04,10.28,2405.0,4.98,1.71,11,-1.37,0
-2.42,58.99,4.17,1.18,1409.0,2.23,1.45,7,-9.19,1
-5.16,82.69,0.88,0.74,1790.0,-2.17,2.06,9,-9.99,1
-7.22,65.76,1.83,1.76,636.0,-2.87,0.92,14,-11.11,1
-6.41,66.54,1.73,0.31,2053.0,-2.68,0.78,7,-9.29,1
-9.5,58.34,5.21,0.81,1956.0,-6.82,1.47,9,-13.58,1
4.35,40.4,4.61,1.0,1995.0,6.24,0.0,9,-2.05,0
-2.84,80.65,2.95,4.07,809.0,-0.18,,10,-6.35,0
-6.24,61.69,5.93,4.71,2110.0,-2.37,1.16,11,-8.05,1
-19.03,83.0,2.19,5.21,676.0,-15.31,0.67,16,-21.46,1
-15.77,61.35,4.55,1.06,708.0,-13.44,0.23,12,-21.95,1
5.23,93.96,5.09,5.26,1804.0,6.82,1.53,4,2.26,0
-1.81,88.92,2.24,4.21,791.0,0.02,0.8,9,-5.2,0
-7.99,65.6,0.1,1.98,838.0,-5.93,0.0,10,-13.12,1
2.58,67.51,4.44,0.42,1323.0,2.3,0.0,4,-0.11,0
-12.58,73.96,6.08,1.27,1592.0,-9.99,0.6,12,-16.41,1
-17.38,100.0,3.03,3.98,1990.0,-15.18,0.75,16,-21.53,1
-6.62,87.87,2.36,0.8,1615.0,-6.59,1.75,10,-13.38,1
-8.72,92.61,0.75,2.49,1875.0,-7.33,0.84,9,-11.31,1
-8.61,73.9,3.76,0.27,747.0,-5.0,1.45,6,-13.3,1
-5.05,89.15,3.52,0.14,1396.0,-2.55,0.91,15,-9.0,1
-9.63,76.87,4.84,3.75,1138.0,-8.33,0.0,10,-15.61,1
5.51,58.1,3.48,0.47,1323.0,5.57,0.0,5,0.56,0
-21.35,87.31,4.31,0.04,695.0,-18.27,1.35,22,-24.39,1
-4.12,81.85,2.68,3.2,1419.0,-2.79,1.97,13,-10.39,1
-2.61,100.0,3.76,5.57,2363.0,-2.42,2.58,16,-5.29,1
-5.48,99.73,3.67,6.86,424.0,-2.58,1.4,12,-9.23,1
-9.59,80.02,6.06,0.51,946.0,-7.82,1.64,6,-15.09,1
-3.3,92.91,1.52,2.73,390.0,-2.31,1.3,16,-6.76,1
-9.52,91.43,1.6,3.21,790.0,-8.04,0.0,10,-14.44,1
-4.51,71.89,3.21,2.27,1538.0,-3.57,0.73,14,-9.08,1
2.16,88.64,2.32,1.71,962.0,4.54,1.96,8,-2.97,0
-10.99,100.0,3.72,3.6,1166.0,-10.35,1.08,13,-14.46,1
-7.6,63.46,2.86,1.13,1421.0,-6.35,0.4,8,-13.34,1
-10.88,89.68,3.8,,2158.0,-6.65,2.08,12,-14.57,1
11.19,100.0,2.5,5.89,868.0,13.36,1.17,4,5.57,0
-6.13,76.74,5.28,0.81,296.0,-4.47,1.19,9,-11.57,1
-8.62,95.97,3.03,0.02,2048.0,-5.67,1.83,14,-13.55,1
-4.08,78.25,1.51,1.94,2372.0,-3.42,0.28,8,-7.59,1
-12.11,79.83,5.38,0.0,757.0,-7.6,0.5,12,-16.07,1
0.31,89.1,4.21,0.03,411.0,1.54,1.03,11,-3.82,0
-1.73,76.92,3.05,0.48,424.0,-1.24,2.66,3,-5.72,0
-9.38,79.52,3.59,6.39,1503.0,-6.24,1.34,16,-13.19,1
-6.83,80.9,2.85,1.63,1317.0,-5.42,1.66,11,-11.43,1
-4.18,74.94,1.96,0.8,2043.0,-1.75,1.5,12,-8.89,1
-4.43,82.38,4.2,3.63,2254.0,-2.32,0.0,6,-9.0,1
0.81,94.12,3.65,2.6,1150.0,2.66,1.46,3,-2.87,0
-6.91,78.34,3.18,0.19,1257.0,-5.87,2.48,11,-11.72,1
3.92,92.56,4.95,9.0,1616.0,3.76,1.0,3,-0.64,0
-9.22,86.55,3.14,1.2,1961.0,-8.58,2.38,18,-12.71,1
-2.93,100.0,5.43,2.02,2241.0,-1.43,2.14,4,-7.7,1
-12.02,94.9,4.98,0.6,1832.0,-9.49,2.53,17,-14.75,1
1.96,85.56,4.15,0.67,1273.0,4.91,0.8,9,-1.03,0
-3.42,91.22,2.22,,2028.0,-1.26,1.82,9,-5.1,1
-1.0,88.61,0.1,3.06,1395.0,-0.61,3.22,10,-3.62,1
-2.85,98.18,2.28,1.69,654.0,-3.59,1.0,12,-9.99,0
-2.63,83.14,4.45,1.2,1424.0,2.06,2.42,8,-7.23,1
-12.0,87.86,4.14,14.48,2187.0,-9.49,0.0,12,-14.33,1
-15.19,100.0,1.8,0.65,250.0,-12.42,0.88,16,-20.17,1
-1.1,88.96,4.0,1.39,940.0,-1.02,1.07,10,-5.16,0
-10.15,77.9,3.63,0.22,382.0,-8.93,1.07,12,-15.1,1
-0.07,82.85,1.31,2.06,947.0,5.44,1.04,11,-1.69,1
-9.28,100.0,1.37,3.52,2065.0,-5.11,1.34,14,-12.82,1
0.16,81.93,1.65,1.23,1638.0,-1.09,3.27,6,-1.03,1
-7.16,98.13,2.88,2.25,931.0,-4.84,0.2,12,-11.86,1
-0.85,84.99,4.41,0.51,881.0,1.69,1.39,11,-4.96,0
-2.51,100.0,7.57,7.94,1488.0,-2.92,0.28,9,-4.42,0
-9.39,83.53,5.94,1.36,1030.0,-8.38,0.86,11,-14.1,1
-1.62,85.98,9.04,0.18,602.0,-0.77,0.4,8,-4.53,0
-6.31,76.35,6.89,1.95,873.0,-4.91,1.94,10,-10.17,1
-4.12,47.15,0.16,3.66,895.0,-3.22,2.14,11,-8.72,1
-0.29,86.33,7.9,3.06,1248.0,1.97,2.68,8,-3.82,0
-13.17,59.45,3.65,1.47,2146.0,-10.45,0.72,14,-18.05,1
-4.57,78.46,4.28,2.69,2247.0,-5.44,0.78,11,-8.74,1
-3.08,100.0,3.36,0.85,284.0,0.55,1.6,15,-9.08,1
-3.37,73.78,0.23,0.18,2294.0,-0.61,2.49,7,-6.55,1
-13.11,72.98,4.84,0.58,2041.0,-10.14,0.0,15,-15.71,1
2.32,63.2,7.35,4.07,1455.0,4.32,1.94,4,-1.62,0
-3.61,94.42,4.02,0.79,793.0,-0.75,2.0,6,-5.08,1
-6.76,78.04,2.77,0.54,1817.0,-2.46,1.4,10,-12.93,1
-5.97,84.21,3.74,5.27,1193.0,-3.67,0.75,13,-10.45,1
-7.36,68.8,1.66,1.04,846.0,-6.42,0.68,7,-10.66,1
-10.88,62.01,5.65,1.38,2275.0,-9.57,0.49,12,-13.09,1
-2.57,85.44,4.19,1.22,883.0,-2.07,2.89,13,-4.88,0
-3.45,91.15,3.33,0.11,2040.0,0.27,2.23,13,-8.67,1
-2.46,63.98,7.14,0.18,1982.0,-2.85,0.58,7,-6.84,0
-14.75,75.73,0.76,7.06,1889.0,-14.15,0.65,16,-18.71,1
1.31,91.7,1.71,1.55,1812.0,4.4,0.77,7,-4.94,0
-4.91,73.13,3.49,0.7,780.0,-1.21,1.25,12,-9.43,1
-9.68,74.55,3.48,0.9,2206.0,-7.09,0.0,14,-14.0,1
1.18,83.82,4.44,3.14,1956.0,1.82,0.05,6,-1.87,0
1.74,91.24,1.64,3.37,2299.0,6.98,2.31,7,-3.22,0
-3.88,100.0,5.53,3.21,2206.0,-1.78,1.75,10,-7.01,1
-7.41,75.16,2.16,1.98,1419.0,-3.19,1.84,11,-11.0,1
-6.73,79.43,6.81,1.83,840.0,-3.92,1.22,11,-9.83,1
-12.47,100.0,6.21,3.34,2163.0,-10.57,1.2,11,-15.11,1
3.47,75.49,1.75,2.93,1461.0,4.95,2.5,7,-2.17,0
5.14,100.0,3.38,0.93,324.0,8.43,2.23,9,2.69,0
-15.2,93.72,1.53,0.52,1804.0,-14.11,2.01,17,-20.02,1
-0.67,89.76,7.0,0.75,1573.0,0.09,1.37,15,-7.18,1
-0.82,92.85,2.96,0.22,955.0,2.59,0.88,4,-3.9,0
-0.85,84.74,6.77,1.33,2462.0,2.14,1.53,12,-5.77,1
1.44,100.0,3.6,1.89,2222.0,4.02,1.98,13,-0.76,0
-1.4,97.47,0.1,1.28,2111.0,-0.31,1.73,11,-4.89,1
-1.34,83.26,0.1,2.26,1030.0,0.22,1.71,10,-5.22,1
11.38,78.55,2.89,0.87,863.0,14.78,1.33,9,6.58,0
-11.37,65.54,4.46,1.61,2292.0,-9.41,0.01,11,-13.69,1
-10.1,67.22,2.89,1.01,2282.0,-6.39,0.79,18,-14.99,1
-6.43,74.19,6.24,0.96,2254.0,-0.97,2.35,14,-8.9,1
-4.49,77.44,3.1,2.96,1324.0,-4.08,0.51,12,-8.38,1
-1.71,82.81,6.6,0.36,2160.0,-0.24,1.5,8,-5.51,1
5.75,75.32,4.19,0.8,903.0,7.53,1.44,10,5.1,0
-6.6,100.0,5.97,0.77,2294.0,-6.35,1.12,7,-7.9,1
-15.94,61.97,6.16,1.0,1848.0,-15.52,1.9,14,-21.23,1
-3.71,93.68,3.95,0.69,1423.0,-1.84,1.15,11,-7.21,1
-8.56,85.98,4.54,2.6,2420.0,-7.14,1.23,9,-12.07,1
-2.62,88.82,5.52,8.03,1874.0,1.94,0.33,14,-6.44,0
