H2,CH4,C2H6,C2H4,C2H2,总烃,油温,负载率,运行年限,是否异常
16.92,80.43,44.26,37.16,1.57,163.41,55.32,0.407,6.9,0
134.86,19.25,182.11,159.19,4.22,364.77,93.09,0.777,14.4,1
87.69,59.23,41.42,1.0,1.71,103.36,53.16,0.829,6.7,0
129.01,54.27,108.83,79.87,5.41,248.39,74.69,0.99,22.9,1
132.64,118.73,58.55,5.24,0.77,183.29,50.43,0.736,19.1,0
150.24,117.49,65.67,122.17,7.11,312.43,43.03,0.823,16.0,1
212.9,74.63,116.33,10.0,3.41,204.37,67.03,0.675,28.1,1
20.0,,90.67,120.74,7.64,278.26,64.61,0.99,28.5,1
52.27,16.41,39.43,61.24,1.13,118.2,44.63,0.536,11.9,0
112.58,35.5,31.63,8.35,1.21,76.7,80.72,0.504,7.6,0
52.31,71.65,43.34,56.23,0.77,171.99,70.01,0.448,3.5,0
80.59,39.22,2.0,31.75,0.0,72.97,55.88,0.621,18.7,0
131.83,94.54,122.67,130.43,3.84,351.48,72.0,0.658,10.8,1
131.02,15.0,153.11,60.26,6.32,234.69,71.87,0.496,21.8,1
85.11,69.42,65.75,54.64,1.17,190.97,57.02,0.2,19.5,0
82.3,63.45,102.99,21.49,4.27,192.19,64.39,0.718,11.2,1
72.52,78.15,13.83,20.15,0.0,112.12,59.85,0.4,22.8,0
59.07,47.1,60.44,84.09,2.16,193.79,55.17,0.413,7.5,0
124.69,181.47,60.62,104.9,1.38,348.36,67.86,0.708,10.8,1
28.22,64.43,19.12,30.36,1.97,115.87,53.49,0.865,27.1,0
163.62,146.57,66.33,114.82,4.72,332.45,72.43,0.524,20.9,1
33.14,2.0,39.11,80.97,1.16,123.24,47.76,0.684,5.2,0
45.46,91.76,37.92,13.94,3.03,146.65,71.31,0.558,10.1,0
222.77,184.02,33.19,25.41,7.65,250.27,84.07,0.617,23.1,1
38.98,51.67,64.1,32.83,2.85,151.45,52.9,0.372,26.9,0
78.27,31.65,5.83,59.77,2.73,99.98,56.89,0.907,8.2,0
86.44,60.95,37.74,44.27,3.72,146.68,62.75,0.583,13.8,0
39.81,50.81,42.15,47.95,1.72,142.63,59.39,0.511,8.2,0
5.0,15.61,67.15,49.71,1.8,134.27,46.26,0.453,4.9,0
47.7,75.6,53.79,62.19,1.82,193.4,67.04,0.522,14.1,0
89.06,66.5,47.98,54.58,0.14,169.21,70.4,0.575,3.7,0
68.13,81.61,58.98,20.62,1.97,163.17,54.25,0.569,10.7,0
220.17,63.73,93.03,140.61,3.23,300.6,54.12,0.76,28.8,1
97.16,114.08,164.97,155.05,3.24,437.35,58.11,0.519,19.8,1
29.76,18.4,87.5,30.97,0.14,137.01,57.39,0.894,20.8,0
72.45,204.42,88.42,135.99,5.32,434.16,80.13,0.3,28.6,1
86.3,81.52,29.11,10.8,3.06,124.48,35.83,0.463,17.1,0
66.97,34.47,36.98,48.55,1.92,121.91,69.7,0.821,2.8,0
67.31,74.7,81.94,9.84,1.34,167.82,54.57,0.589,8.8,0
57.3,68.97,5.7,49.43,1.14,125.24,44.83,0.509,17.5,0
98.11,93.6,2.0,39.04,0.47,135.11,48.12,0.861,18.5,0
111.41,71.88,57.34,124.58,0.5,254.29,66.94,0.754,22.4,1
226.17,149.54,67.91,112.61,0.5,330.56,67.47,0.935,8.9,1
49.46,4.91,14.63,37.04,2.33,58.91,60.24,0.644,14.5,0
55.5,189.36,170.55,,1.92,460.81,59.51,0.748,16.7,1
58.75,39.72,12.69,28.22,0.56,81.19,60.02,0.444,16.4,0
108.64,107.8,147.17,172.9,7.5,435.38,86.43,0.639,25.9,1
151.37,38.1,171.11,103.13,4.78,317.11,60.43,0.712,15.2,1
128.77,73.15,72.93,44.61,0.86,191.55,74.96,0.785,17.9,0
228.99,122.62,54.81,106.57,7.42,291.42,59.39,0.767,18.0,1
20.0,89.79,71.17,28.04,1.14,190.14,86.87,0.714,6.6,1
166.26,83.83,51.92,103.87,4.98,244.6,81.04,0.604,19.4,1
60.74,58.37,36.96,23.71,0.0,119.04,62.16,0.633,16.7,0
10.57,56.72,93.63,13.28,0.0,163.63,63.52,0.811,26.5,0
81.91,126.35,85.37,74.91,4.5,291.12,91.2,0.788,18.9,1
66.11,102.64,39.77,10.21,2.99,155.62,63.72,0.893,12.1,0
125.98,79.39,79.82,60.3,2.56,222.07,57.12,0.74,14.0,1
42.93,29.36,36.56,26.88,2.62,95.41,64.41,0.745,18.0,0
31.28,47.12,15.67,49.19,1.81,113.79,51.05,0.798,9.2,0
176.96,151.78,79.75,107.82,4.8,344.15,67.5,0.623,18.0,1
181.74,165.54,107.95,30.63,0.7,304.82,82.77,0.508,24.7,1
33.43,49.89,50.72,1.0,0.92,102.53,69.06,0.694,9.0,0
51.6,155.53,47.74,99.81,8.55,311.63,54.49,0.571,25.1,1
20.0,128.47,45.87,16.52,5.41,196.27,72.63,0.636,14.9,1
77.98,35.64,77.53,17.02,0.0,130.19,66.3,0.296,13.4,0
97.0,48.37,20.75,15.94,1.22,86.28,54.64,0.688,19.8,0
9.95,60.03,49.87,32.05,0.02,141.97,54.22,0.948,19.9,0
85.85,39.93,30.52,32.17,3.6,106.22,64.1,0.561,5.6,0
144.74,93.58,140.93,131.98,3.45,369.94,58.31,0.733,5.0,1
30.26,43.26,21.2,14.67,1.61,80.74,48.82,0.521,11.1,0
134.66,70.46,45.62,22.89,1.9,140.86,42.39,0.638,8.2,0
171.15,46.64,92.57,122.64,0.56,262.4,54.18,0.767,22.5,1
25.79,48.27,44.76,21.42,2.3,116.76,62.24,0.31,12.7,0
115.61,135.67,35.37,92.47,0.5,264.01,79.58,0.792,8.5,1
44.65,137.4,10.0,100.14,2.28,249.83,95.0,0.634,4.9,1
144.8,94.38,63.71,38.29,2.89,199.28,52.57,0.961,8.8,1
9.32,4.23,15.04,1.0,1.79,22.06,55.16,0.747,22.9,0
150.41,83.22,136.15,,0.68,404.34,68.11,0.676,27.1,1
92.57,57.84,81.82,124.2,0.5,264.36,44.7,0.672,8.0,1
10.13,90.36,50.34,20.7,1.45,162.86,69.54,0.658,1.2,0
61.68,27.37,60.2,26.48,1.76,115.81,78.68,0.974,1.5,0
111.64,60.56,34.91,71.55,3.39,170.41,54.59,0.5,23.5,0
25.33,50.55,16.52,1.0,2.0,70.07,38.91,0.739,4.6,0
49.53,102.57,49.83,30.4,3.24,186.04,63.53,0.623,16.7,0
46.77,136.16,149.6,41.83,8.95,336.55,88.18,0.719,15.7,1
128.56,90.4,52.33,148.19,6.16,297.08,87.27,0.667,26.3,1
60.18,77.72,46.68,47.34,2.45,174.19,56.7,0.818,2.3,0
25.19,118.24,88.78,88.23,11.44,306.68,72.15,0.905,12.4,1
20.0,87.05,44.26,95.67,8.27,235.26,67.58,0.847,6.5,1
107.47,53.19,4.66,1.0,2.56,61.41,61.22,0.424,14.6,0
86.98,47.05,39.07,5.83,0.48,92.44,51.62,0.705,6.2,0
37.37,80.91,28.38,52.23,0.87,162.4,73.3,0.805,8.3,0
63.21,78.07,44.8,1.0,0.0,123.87,60.34,0.865,20.4,0
64.58,110.31,51.12,55.38,2.25,219.05,64.46,0.829,2.5,0
67.84,29.71,41.67,17.16,1.46,90.0,52.74,0.706,25.7,0
194.85,23.16,33.73,55.63,3.03,115.55,62.51,0.796,1.9,0
198.79,89.17,53.59,97.41,3.45,243.62,62.84,0.733,6.7,1
182.06,15.0,56.66,61.98,2.84,136.48,70.83,0.99,20.4,1
20.0,60.88,13.19,79.99,7.43,161.49,80.37,0.632,7.4,1
58.24,56.52,36.99,74.49,1.93,169.94,49.23,0.51,2.9,0
68.53,76.17,84.31,36.12,2.06,198.66,55.57,0.871,24.2,0
27.82,80.87,43.72,93.18,1.0,218.77,58.41,0.793,8.8,0
94.14,45.67,38.61,40.73,2.07,127.07,54.04,0.98,22.4,0
202.06,64.03,98.66,113.59,2.54,278.81,87.81,0.893,20.4,1
105.69,47.14,37.93,51.3,1.94,138.31,54.39,0.38,21.4,0
48.29,,23.72,59.66,0.56,148.71,65.72,0.799,27.9,0
28.56,56.25,13.2,1.0,2.21,72.66,42.23,0.346,25.2,0
62.59,97.22,29.91,51.08,1.14,179.35,66.89,0.822,22.6,0
164.94,73.88,102.92,83.09,1.7,261.59,77.2,0.99,15.8,1
175.19,85.12,67.8,132.72,8.36,294.0,41.39,0.705,21.8,1
56.77,133.56,150.78,100.66,3.67,388.66,69.77,0.819,17.3,1
68.25,2.0,24.71,27.09,3.02,56.81,49.68,0.648,14.3,0
130.22,79.25,113.97,154.94,2.15,350.31,85.36,0.725,22.3,1
81.04,45.84,86.84,12.47,8.06,153.21,67.39,0.632,12.7,1
60.5,171.73,120.16,91.14,4.34,387.36,82.29,0.697,3.2,1
46.28,67.79,42.05,33.06,0.0,142.89,49.36,0.807,19.6,0
174.52,164.63,76.59,92.78,8.96,342.96,66.84,0.728,18.7,1
59.57,33.34,43.52,44.65,2.98,124.49,67.14,0.771,1.7,0
114.25,64.18,31.57,1.93,1.15,98.83,62.43,0.628,7.4,0
87.44,85.41,19.05,188.9,0.5,293.87,51.83,0.945,18.1,1
43.88,2.0,40.85,62.85,1.85,107.55,69.59,0.697,15.7,0
44.84,168.56,15.92,73.75,3.36,261.6,69.72,0.572,26.2,1
113.5,20.15,69.06,61.35,,157.69,74.45,0.845,5.9,1
62.11,33.65,74.76,49.04,2.16,159.6,54.99,0.701,19.4,0
208.35,91.78,81.0,86.53,4.42,263.74,67.07,0.66,23.7,1
126.83,2.0,52.23,13.04,0.99,68.26,51.73,0.51,16.7,0
190.81,218.46,47.98,10.0,3.11,279.55,73.31,0.574,21.6,1
181.17,87.86,52.78,51.16,4.93,196.73,79.72,0.42,4.7,1
121.44,32.79,4.04,20.75,2.51,60.1,57.23,0.394,8.2,0
126.39,15.0,59.07,100.08,7.06,181.2,95.0,0.551,10.2,1
33.29,99.0,16.61,34.88,1.61,152.1,52.18,0.705,12.3,0
157.87,39.25,71.74,170.36,4.32,285.67,68.66,0.693,24.3,1
241.88,78.41,140.16,149.11,7.05,374.73,71.5,0.888,28.0,1
43.23,32.79,53.96,32.05,1.59,120.38,61.17,0.585,16.6,0
107.84,11.51,16.94,35.75,0.8,65.0,47.39,0.624,6.7,0
182.95,116.43,117.98,91.77,6.32,332.5,73.3,0.99,16.4,1
97.91,52.88,69.64,17.57,0.74,140.83,60.22,0.431,4.1,0
78.86,47.58,88.47,46.5,6.0,188.55,77.35,0.464,27.6,0
35.0,128.97,2.0,65.24,,198.35,41.69,0.296,9.4,0
59.53,45.26,37.79,55.97,1.47,140.49,62.54,0.608,13.1,0
22.52,61.41,93.93,21.21,1.44,177.99,46.96,0.462,16.4,0
5.0,64.31,30.83,24.28,2.05,121.47,57.19,0.523,23.1,0
20.0,68.04,10.0,154.56,4.35,236.95,75.06,0.922,17.5,1
148.5,74.52,104.13,123.53,3.01,305.2,60.71,0.879,9.0,1
39.02,77.74,74.37,30.8,4.73,187.64,63.7,0.644,9.2,0
74.14,68.18,17.54,44.85,0.51,131.08,61.61,0.705,9.4,0
110.44,44.69,69.92,56.24,0.66,171.51,55.84,0.4,12.5,0
98.6,78.93,10.0,159.45,3.98,252.37,68.25,0.907,10.0,1
139.15,15.0,153.92,240.31,2.91,412.14,60.58,0.642,13.2,1
75.53,33.43,72.24,40.78,1.71,148.16,69.87,0.52,18.5,0
94.13,63.2,28.35,27.21,3.88,122.65,72.0,0.661,21.0,0
52.1,64.14,47.75,36.69,2.9,151.48,53.37,0.713,16.4,0
10.46,34.32,23.3,50.33,2.18,110.13,50.93,0.842,10.5,0
5.0,67.84,43.08,10.44,0.0,121.36,60.24,0.828,14.0,0
86.86,12.66,23.43,46.19,2.5,84.78,42.53,0.845,28.0,0
64.05,35.48,21.21,33.55,1.94,92.18,60.08,0.775,15.5,0
173.38,94.58,99.92,46.01,0.98,241.5,69.31,0.839,8.1,1
30.92,107.42,15.64,54.53,3.01,180.59,52.66,0.692,10.8,0
71.82,99.26,52.78,61.66,0.36,214.06,39.6,0.828,6.7,0
90.86,44.11,33.53,66.29,1.96,145.89,42.02,0.58,3.4,0
38.94,2.0,26.06,50.58,2.18,80.82,33.12,0.757,1.4,0
121.37,113.71,35.93,26.18,4.42,180.25,73.99,0.889,4.0,1
96.31,2.21,,33.16,0.36,81.06,70.59,0.22,12.0,0
82.19,57.03,47.06,95.71,2.79,202.59,59.89,0.578,11.4,0
62.5,53.16,2.0,1.0,3.32,59.48,68.68,0.721,13.1,0
73.81,79.45,80.31,1.0,2.86,163.62,56.87,0.533,12.2,0
82.04,25.49,54.81,52.99,3.09,136.39,69.37,0.718,23.6,0
78.99,94.88,83.74,54.69,0.12,233.43,53.29,0.575,16.6,0
62.61,116.05,166.84,41.1,5.25,329.23,77.32,0.918,3.5,1
42.01,94.3,69.68,30.84,0.77,195.59,54.12,0.631,24.6,0
128.3,31.9,51.59,185.93,,275.5,78.47,0.908,21.6,1
81.36,88.35,39.92,59.76,2.73,190.76,47.74,0.48,6.2,0
5.0,105.4,63.31,8.14,1.88,178.74,73.03,0.747,9.5,0
202.8,210.49,103.34,82.89,3.89,400.61,81.0,0.577,23.2,1
51.71,76.69,46.71,1.0,1.6,126.0,52.76,0.628,22.5,0
13.51,11.3,54.22,34.27,0.98,100.77,48.37,0.628,15.4,0
63.03,20.26,2.0,58.32,2.95,83.52,52.69,0.639,20.8,0
10.22,62.9,69.69,45.17,,178.66,52.85,0.61,3.7,0
51.64,76.1,2.0,40.06,0.62,118.79,75.12,0.931,10.8,0
43.05,32.88,2.0,16.98,2.53,54.38,59.48,0.623,2.8,0
93.9,84.78,102.32,35.14,0.67,222.92,65.6,0.801,13.0,0
5.73,55.88,78.27,7.95,2.07,144.16,57.11,0.804,10.4,0
89.97,56.23,23.06,51.59,0.95,131.83,65.12,0.576,9.7,0
61.6,19.88,61.51,45.48,1.74,128.6,47.29,0.836,8.0,0
98.46,56.57,35.16,31.42,3.34,126.49,62.49,0.689,10.2,0
91.49,44.99,91.54,49.75,2.8,189.07,74.76,0.901,23.2,0
171.48,262.36,121.43,90.23,8.64,482.66,85.15,0.755,14.5,1
184.78,218.09,10.0,59.88,8.3,296.26,77.86,0.784,5.0,1
36.81,69.16,58.47,45.07,1.27,173.97,48.34,0.822,17.3,0
,198.68,139.95,112.67,5.17,456.47,61.4,0.707,28.8,1
78.22,93.51,65.81,98.5,0.5,258.32,45.94,0.607,15.7,1
44.45,56.72,66.9,39.56,1.9,165.08,61.36,0.2,15.0,0
138.11,15.0,67.2,28.44,1.98,112.62,80.03,0.821,28.6,1
40.32,53.88,71.19,15.39,1.83,142.29,68.38,0.782,9.5,0
20.0,76.57,119.9,143.22,0.5,340.19,44.58,0.79,8.8,1
60.44,104.03,52.9,7.33,2.05,166.31,59.78,0.31,6.7,0
121.98,143.36,47.31,40.09,0.5,231.26,78.68,0.718,4.4,1
177.99,155.05,10.0,216.11,0.85,382.01,90.45,0.602,4.3,1
81.5,11.16,15.02,1.0,0.49,27.67,53.88,0.684,17.1,0
197.75,114.74,60.07,168.52,5.88,349.21,48.47,0.845,23.1,1
62.4,20.65,70.47,45.93,0.39,137.43,57.62,0.501,17.7,0
43.7,48.33,22.68,38.23,3.35,112.58,71.26,0.67,5.2,0
113.36,162.57,42.91,23.25,11.59,240.32,76.78,0.79,28.1,1
69.09,48.08,49.18,50.3,3.39,150.95,39.68,0.518,24.6,0
24.79,85.85,30.69,35.49,3.86,155.9,69.04,0.603,16.5,0
31.36,53.99,34.34,34.58,0.23,123.13,42.51,0.588,1.5,0
126.02,11.59,40.7,1.0,5.04,58.33,45.07,0.556,27.3,0
41.6,48.57,41.54,65.2,0.25,155.56,68.27,0.448,8.9,0
77.38,72.71,43.13,76.83,0.63,193.3,38.92,0.502,8.5,0
11.05,112.65,55.87,26.55,0.82,195.89,58.45,0.893,26.1,0
56.19,55.9,2.0,45.96,2.57,106.43,40.06,0.659,20.2,0
31.05,63.43,33.22,47.27,2.25,146.17,48.2,0.684,1.9,0
60.36,28.07,40.37,39.34,0.85,108.63,65.21,0.384,18.3,0
60.46,28.19,23.27,59.73,3.26,114.45,43.33,0.32,16.3,0
166.88,212.25,189.13,11.38,6.31,419.07,73.6,0.909,5.9,1
97.82,63.7,56.3,50.88,2.94,173.81,78.55,0.766,23.8,1
25.89,32.73,39.62,33.79,0.28,106.42,51.93,0.708,9.9,0
56.14,16.68,59.99,44.91,1.75,123.34,69.49,0.907,12.2,1
58.86,36.23,75.31,47.86,0.0,159.4,51.86,0.788,12.6,0
86.56,5.43,63.2,30.74,2.3,101.67,75.82,0.327,4.6,0
110.87,42.57,66.0,55.85,2.7,167.11,52.99,0.429,8.4,0
28.95,115.07,49.43,10.0,9.35,183.84,46.93,0.738,27.8,1
31.22,11.59,39.31,38.62,2.0,91.53,65.06,0.718,19.3,0
219.08,42.69,52.42,154.48,1.6,251.19,81.53,0.72,24.7,1
84.24,160.27,96.58,139.95,6.58,403.39,64.9,0.58,11.9,1
63.39,82.21,70.53,88.08,3.84,244.66,59.96,0.98,16.9,0
167.69,89.29,126.03,10.0,2.71,228.03,56.21,0.591,12.5,1
48.97,80.96,23.91,53.25,2.22,160.33,65.36,0.422,15.7,0
28.6,106.43,2.0,35.43,3.52,147.39,42.54,0.925,20.9,0
61.76,33.58,58.35,95.04,4.44,191.41,68.4,0.693,16.6,1
104.72,9.2,57.41,15.19,1.67,83.47,63.32,0.889,23.2,0
156.89,110.96,122.35,19.35,7.05,259.71,88.01,0.529,28.8,1
70.64,128.69,52.53,75.3,10.22,266.74,72.79,0.935,23.7,1
242.3,164.48,66.74,122.11,5.1,358.42,55.98,0.776,5.1,1
31.92,7.75,21.11,43.13,0.77,72.75,68.71,0.499,9.7,0
76.58,55.55,49.8,104.03,1.5,210.87,59.09,0.98,19.9,0
30.04,20.95,73.51,57.78,4.39,156.63,54.04,0.639,17.8,0
272.95,15.0,93.81,29.18,12.1,150.09,57.75,0.593,21.2,1
68.69,78.22,3.56,18.31,0.35,100.45,45.06,0.715,15.7,0
125.95,112.03,86.69,160.96,0.5,360.18,92.58,0.666,22.9,1
49.26,58.9,99.94,47.66,6.47,212.97,63.7,0.945,25.9,1
118.92,217.09,68.98,108.72,1.59,396.38,91.9,0.896,25.0,1
127.35,141.16,10.0,45.86,7.15,204.17,73.53,0.665,22.9,1
79.63,34.52,53.42,31.82,2.24,122.0,62.25,0.362,21.7,0
34.45,68.46,23.38,163.45,5.42,260.71,95.0,0.651,5.0,1
102.04,80.68,33.85,21.16,2.97,138.65,67.58,0.572,6.5,0
42.88,38.02,52.94,105.17,5.39,201.52,51.8,0.866,20.3,1
32.32,118.97,74.31,43.19,3.9,240.36,,0.852,12.6,1
177.04,104.48,53.77,96.92,3.46,258.64,71.57,0.812,15.7,1
37.13,123.66,54.66,34.8,0.0,213.11,50.67,0.567,8.5,0
71.51,38.76,52.7,44.33,1.45,137.23,70.19,0.698,7.7,0
25.65,49.01,20.38,21.41,0.29,91.09,48.84,0.517,9.4,0
69.83,67.72,2.0,25.03,2.41,97.16,51.72,0.676,2.1,0
5.0,39.11,19.02,6.21,3.19,67.53,64.95,0.683,13.6,0
100.87,30.83,23.65,,2.06,106.58,61.47,0.665,23.0,0
55.99,32.86,40.52,20.89,1.07,95.34,80.71,0.946,19.3,0
57.91,116.85,110.83,142.93,9.04,379.65,70.79,0.83,11.3,1
101.28,19.95,2.0,39.17,1.46,62.59,77.73,0.278,5.6,0
111.61,252.9,105.94,83.22,,448.63,57.63,0.468,16.8,1
124.83,95.89,5.75,40.13,0.28,142.05,51.42,0.536,8.0,0
129.31,99.85,111.2,135.6,6.14,352.8,61.53,0.667,3.6,1
185.29,120.05,154.55,52.48,6.19,333.28,50.42,0.655,11.4,1
70.26,21.52,25.59,21.9,0.46,69.46,47.61,0.525,19.6,0
93.72,93.66,89.35,152.25,9.65,344.91,42.68,0.662,9.2,1
54.69,67.52,4.54,23.82,2.06,97.94,54.7,0.255,4.4,0
131.02,15.0,153.11,60.26,6.32,234.69,71.87,0.496,21.8,1
87.36,28.23,2.88,26.87,2.02,59.99,62.7,0.617,7.5,0
29.86,51.56,6.35,17.22,1.76,76.89,52.65,0.69,12.2,0
196.42,65.68,82.78,151.41,7.99,307.86,64.49,0.827,6.6,1
11.6,60.39,44.49,1.93,1.84,108.66,54.43,0.663,2.5,0
51.81,106.3,41.01,1.0,3.11,151.43,44.65,0.508,8.5,0
95.24,102.26,133.69,223.58,8.81,468.33,54.03,0.883,13.6,1
69.1,65.53,63.74,48.67,4.41,182.36,62.32,0.471,22.6,0
40.18,60.43,36.4,28.71,2.23,127.76,71.18,0.843,26.7,0
185.86,134.95,132.62,12.14,9.5,289.22,67.85,0.722,5.8,1
66.89,11.15,80.71,30.42,0.0,122.28,55.93,0.732,12.0,0
71.35,36.61,14.4,1.0,0.79,52.79,69.22,0.821,6.0,0
93.39,93.41,51.4,18.08,1.26,164.14,74.67,0.496,12.7,0
76.17,103.84,56.21,28.05,0.0,188.09,71.55,0.865,15.2,0
58.76,91.24,74.14,107.68,1.37,274.44,68.66,0.653,11.0,1
16.71,55.6,2.0,43.3,0.0,100.9,50.92,0.258,2.8,0
165.49,90.15,75.59,33.73,5.99,205.46,56.61,0.751,7.9,1
22.15,57.16,45.03,29.47,3.17,134.82,64.65,0.664,23.0,0
68.9,10.31,2.0,4.95,3.33,20.58,83.12,0.516,16.9,0
196.87,45.58,73.64,186.92,4.79,310.94,85.55,0.375,20.5,1
24.72,66.92,35.6,1.0,0.82,104.34,68.74,0.606,27.9,0
69.22,154.8,60.4,10.0,1.49,226.69,61.93,0.935,14.3,1
6.97,52.3,30.21,20.13,0.0,102.65,58.52,0.373,28.0,0
120.99,122.1,127.09,73.66,7.94,330.79,54.04,0.672,4.2,1
41.46,71.33,12.42,24.58,1.53,109.85,38.49,0.88,10.4,0
40.8,110.38,91.84,182.02,0.5,384.73,77.32,0.98,17.0,1
46.52,83.8,60.84,74.06,0.5,219.19,50.91,0.749,11.0,0
82.15,77.55,2.38,42.56,2.38,124.87,77.2,0.498,26.7,0
79.63,34.52,53.42,31.82,2.24,122.0,62.25,0.362,21.7,0
127.46,77.13,120.83,155.35,3.55,356.85,58.33,0.742,9.1,1
140.29,29.85,10.0,142.7,6.59,189.14,61.68,0.757,17.0,1
60.18,51.79,23.85,50.83,1.92,128.39,59.95,0.653,3.5,0
72.17,63.26,38.88,134.73,1.19,238.06,90.16,0.732,17.3,1
40.97,70.6,104.73,83.62,5.44,264.38,80.83,0.562,24.1,1
59.33,47.54,34.34,7.28,1.41,90.56,52.06,0.545,24.0,0
135.3,59.45,57.02,162.02,4.62,283.11,61.22,0.663,26.5,1
100.03,16.89,22.69,40.73,1.74,82.05,47.34,0.588,7.6,0
37.19,42.68,60.0,54.59,2.55,159.81,78.96,0.63,5.4,0
60.39,157.68,86.57,170.24,9.17,423.67,42.51,0.619,6.1,1
111.73,34.26,57.7,7.84,3.89,103.7,38.33,0.682,11.7,0
114.76,38.86,32.09,52.15,0.0,123.1,74.32,0.798,24.3,0
150.65,109.35,12.45,142.2,4.29,268.29,40.0,0.419,12.3,1
32.59,57.68,24.66,40.58,2.67,125.6,67.52,0.568,6.8,0
82.59,101.83,86.83,20.71,1.44,210.81,40.24,0.528,25.1,0
62.65,6.56,48.08,49.8,2.18,106.62,73.9,0.81,17.9,0
55.52,39.54,50.09,1.0,0.0,90.63,54.98,0.764,4.7,0
57.48,42.35,37.22,57.72,0.58,137.87,75.55,0.782,8.0,0
103.87,143.21,54.81,114.25,0.89,313.16,62.41,0.781,25.6,1
107.39,69.23,91.44,35.42,0.0,196.08,72.89,0.592,26.5,0
45.58,80.29,74.34,40.75,3.6,198.98,57.68,0.611,7.4,0
36.3,2.0,36.31,48.02,0.44,86.77,63.74,0.787,16.7,0
138.84,63.99,10.0,97.06,3.96,175.01,54.44,0.598,27.3,1
105.75,11.61,40.08,26.38,0.0,78.07,36.73,0.744,11.6,0
52.33,48.12,44.87,46.04,3.88,142.91,59.94,0.476,13.2,0
43.28,9.98,42.88,14.55,2.22,69.63,64.04,0.697,22.0,0
114.29,30.46,47.47,25.39,2.08,105.4,66.41,0.563,18.7,0
70.88,42.76,37.5,31.13,3.61,115.0,52.81,0.743,20.0,0
118.08,213.87,162.02,73.33,7.26,456.48,76.25,0.426,12.1,1
146.7,123.07,73.47,177.4,4.88,378.81,54.43,0.791,9.1,1
13.79,42.58,50.91,79.53,1.0,174.04,57.26,0.294,18.7,0
87.11,68.99,56.83,39.26,2.16,167.24,72.36,0.615,4.5,0
104.72,29.32,38.05,25.05,1.11,93.55,49.68,0.686,25.9,0
56.25,49.23,44.21,54.51,0.64,148.59,68.89,0.913,7.9,0
145.92,73.69,21.59,109.53,6.21,211.02,60.4,0.86,13.8,1
84.02,118.97,30.88,64.93,1.6,216.38,71.71,0.642,15.3,0
30.0,9.94,27.8,4.65,1.97,44.36,63.22,0.591,25.0,0
111.01,43.51,36.07,111.6,6.01,197.2,71.9,0.883,24.9,1
28.24,,61.19,45.95,2.41,174.42,40.52,0.375,15.4,0
35.51,84.46,2.0,62.19,0.18,148.83,59.57,0.479,23.2,0
33.53,61.46,10.52,24.78,0.0,96.77,47.89,0.886,9.1,0
5.0,39.11,19.02,6.21,3.19,67.53,64.95,0.683,13.6,0
76.58,2.0,77.27,32.67,0.4,112.33,72.95,0.676,4.4,0
5.0,96.52,33.78,43.63,1.73,175.66,68.07,0.873,26.5,0
176.58,249.48,122.26,186.97,3.15,561.86,69.72,0.414,21.6,1
17.27,2.0,80.98,42.95,1.06,126.99,62.47,0.698,27.9,0
96.81,134.95,10.3,76.68,12.5,234.43,58.22,0.572,21.8,1
33.62,104.37,17.88,59.94,1.22,183.41,53.84,0.55,27.7,0
95.81,109.14,85.65,104.17,6.86,305.82,65.32,0.824,21.9,1
58.99,157.0,86.01,52.6,6.85,302.46,57.21,0.624,9.9,1
125.61,286.14,170.8,77.52,3.35,537.81,76.99,0.728,21.9,1
88.44,28.61,44.23,63.7,2.54,139.09,42.86,0.865,7.1,0
208.57,181.6,75.48,96.91,8.77,362.76,67.88,0.939,22.4,1
71.96,95.1,44.41,3.67,0.58,143.76,49.84,0.75,16.2,0
5.0,83.17,52.83,44.67,0.64,181.3,63.03,0.541,24.9,0
196.59,26.48,66.06,18.05,6.52,117.11,65.15,0.511,10.6,1
29.35,77.49,52.85,49.31,1.16,180.8,56.17,0.626,2.9,0
26.96,135.9,100.4,113.56,5.48,355.34,84.19,0.801,28.0,1
84.99,82.42,47.48,46.29,0.75,176.94,71.31,0.551,2.4,0
23.7,52.36,14.99,44.2,0.0,111.56,66.16,0.757,23.2,0
126.57,158.19,79.69,86.78,8.98,333.64,64.43,0.455,13.6,1
39.3,72.39,63.88,49.04,1.53,186.84,61.62,0.397,21.5,0
90.14,20.23,101.58,86.05,7.87,215.74,53.07,0.636,16.7,1
5.0,40.35,17.41,61.27,0.77,119.8,54.39,0.952,27.0,0
197.05,113.01,210.05,119.3,5.25,447.61,74.12,0.807,19.5,1
71.85,55.4,4.84,13.8,1.82,75.85,79.25,0.7,25.7,0
72.66,2.0,21.61,11.0,2.32,36.93,60.25,0.624,18.5,0
48.53,68.48,60.96,32.59,3.23,165.26,62.2,0.84,15.2,0
187.96,155.34,121.05,,2.07,340.19,77.58,0.463,14.1,1
130.11,172.03,146.2,95.06,4.57,417.86,49.18,0.735,29.7,1
115.66,108.73,55.01,102.68,2.23,268.64,56.73,0.601,29.3,1
347.9,153.98,72.09,68.79,3.18,298.04,61.67,0.751,28.3,1
82.35,59.64,34.41,28.53,2.54,125.13,72.97,0.606,6.7,0
36.58,15.0,95.11,74.55,2.55,187.21,78.78,0.537,24.1,1
59.27,55.73,35.75,8.83,1.8,102.11,69.01,0.941,3.8,0
32.26,48.52,56.57,19.72,3.67,128.48,58.12,0.539,4.0,0
79.02,85.61,33.51,52.14,2.39,173.65,33.07,0.625,12.1,0
106.89,115.47,175.94,197.71,6.27,495.39,65.2,0.702,3.5,1
34.96,37.39,34.47,39.61,0.97,112.44,65.79,0.863,17.9,0
42.38,26.65,55.0,78.08,0.14,159.88,53.89,0.233,6.4,0
190.95,85.25,135.51,99.1,1.45,321.32,69.82,0.718,11.7,1
36.84,79.53,52.27,34.44,0.26,166.5,59.85,0.476,23.5,0
224.58,98.38,112.8,125.36,0.5,337.03,89.01,0.783,12.3,1
65.26,15.25,57.33,68.74,1.08,142.39,52.36,0.275,10.6,0
70.14,2.0,81.0,12.35,0.51,95.86,60.33,0.652,24.4,0
5.0,56.33,39.37,73.12,2.08,170.9,46.38,0.392,27.6,0
45.27,40.26,72.87,43.99,0.17,157.29,45.01,0.665,8.0,0
83.42,98.95,83.54,70.49,0.5,253.48,92.77,0.602,12.0,1
91.49,44.99,91.54,49.75,2.8,189.07,74.76,0.901,23.2,0
51.8,62.4,41.22,1.0,3.51,108.13,63.57,0.791,8.6,0
88.77,48.95,39.32,30.66,0.31,119.23,54.1,0.474,13.1,0
5.0,20.99,14.6,31.03,0.06,66.68,60.13,0.98,27.6,0
79.15,69.36,42.21,27.77,1.08,140.42,75.61,0.755,2.3,0
166.32,75.55,169.46,22.35,2.22,269.59,47.47,0.3,27.1,1
57.81,31.23,54.49,32.19,0.84,118.76,53.22,0.517,7.8,0
79.97,,55.38,71.84,1.42,144.36,74.29,0.687,18.0,0
134.28,30.88,46.02,20.52,2.11,99.53,64.39,0.883,23.6,0
110.45,53.77,69.05,23.43,1.27,147.51,47.23,0.706,16.8,0
143.36,175.53,119.7,49.04,2.45,346.71,81.14,0.861,9.7,1
220.49,142.42,10.0,76.07,,234.51,67.62,0.459,7.7,1
20.46,91.27,35.78,44.26,0.94,172.25,72.51,0.945,1.2,0
180.1,151.28,94.22,82.8,2.72,331.01,87.26,0.662,20.2,1
68.57,69.51,81.53,38.81,1.55,191.4,47.74,0.543,27.0,0
151.63,54.35,14.76,10.71,9.41,89.23,63.89,0.647,28.2,1
32.25,29.85,32.61,43.0,0.88,106.35,78.53,0.687,20.5,0
92.13,33.34,82.56,15.92,3.32,135.14,60.98,0.739,20.6,0
121.44,32.79,4.04,20.75,2.51,60.1,57.23,0.394,8.2,0
92.59,51.78,9.76,20.25,3.28,85.07,49.43,0.716,10.4,0
79.03,76.32,11.72,132.58,4.47,225.09,79.52,0.594,6.4,1
168.04,80.12,70.94,31.91,7.46,190.43,73.77,0.775,15.5,1
59.41,44.23,119.88,74.02,11.43,249.55,90.94,0.671,8.3,1
124.21,15.0,64.45,82.48,4.28,166.2,73.68,0.658,29.4,1
20.0,50.89,23.58,18.61,0.91,93.99,62.37,0.467,21.9,0
100.71,8.62,36.65,36.95,1.81,84.03,66.81,0.452,26.1,0
62.25,97.39,91.41,74.61,3.18,266.59,49.53,0.438,24.4,0
40.62,66.31,14.84,1.0,2.92,85.06,58.19,0.823,1.8,0
52.38,40.77,11.46,23.03,0.52,75.77,46.18,0.395,12.8,0
54.55,2.0,56.95,48.57,2.43,109.95,42.32,0.853,7.3,0
8.25,42.63,23.77,38.52,0.9,105.81,65.15,0.504,17.3,0
100.33,97.79,53.43,76.78,5.9,233.89,76.24,0.528,14.0,1
165.71,163.35,78.57,10.0,2.21,254.13,79.96,0.99,19.6,1
207.41,172.23,84.01,115.94,4.45,376.63,57.23,0.99,16.1,1
62.36,106.46,55.84,30.05,1.22,193.58,53.89,0.294,25.6,0
94.18,148.68,119.21,10.0,4.99,282.88,72.86,0.466,8.4,1
20.0,45.29,173.33,119.56,4.71,342.88,50.8,0.673,12.3,1
67.49,2.0,24.8,11.44,2.32,40.56,68.24,0.707,7.3,0
81.41,16.8,49.35,55.22,0.64,122.02,50.16,0.501,5.6,0
67.49,58.15,90.33,61.16,1.45,211.09,80.82,0.696,8.0,0
169.54,160.54,78.1,,9.78,340.06,52.95,0.693,23.7,1
41.1,126.38,32.72,50.31,7.7,217.11,77.84,0.771,6.9,1
22.98,37.19,104.49,41.32,1.29,184.29,48.18,0.784,19.7,0
64.11,51.39,28.67,71.14,2.75,153.96,68.61,0.592,25.6,0
20.0,68.98,54.42,47.66,0.76,171.82,82.37,0.44,17.4,1
96.14,85.67,105.04,28.32,2.74,221.77,68.58,0.451,27.3,0
16.33,38.37,54.71,22.18,0.0,115.26,77.41,0.519,10.8,0
71.0,71.77,46.97,19.18,1.91,139.84,30.0,0.599,9.2,0
179.1,70.46,132.62,217.73,4.86,425.68,55.66,0.933,15.4,1
160.26,34.23,152.26,45.75,2.27,234.51,59.2,0.72,4.1,1
67.12,112.3,48.11,13.41,2.05,175.88,57.36,0.306,5.4,0
48.73,79.48,32.44,45.29,2.6,159.81,47.79,0.621,12.1,0
70.36,59.78,62.98,29.31,1.17,153.23,68.42,0.547,20.9,0
11.7,6.07,50.59,14.01,3.45,74.12,45.24,0.61,22.1,0
51.41,31.19,28.92,30.71,2.53,93.35,57.03,0.77,19.7,0
116.93,25.58,56.73,150.36,5.6,238.28,54.16,0.692,3.4,1
63.5,140.3,106.42,49.12,7.1,302.93,56.9,0.447,8.6,1
159.03,85.55,75.12,10.06,4.5,175.23,50.09,0.478,28.6,1
180.6,15.05,23.02,130.52,7.87,176.47,88.94,0.604,13.2,1
88.95,2.89,34.77,26.45,0.17,64.28,50.48,0.735,21.3,0
92.13,33.34,82.56,15.92,3.32,135.14,60.98,0.739,20.6,0
68.47,58.4,22.04,70.47,0.15,151.06,45.13,0.618,12.9,0
79.98,44.39,73.2,1.0,2.28,120.88,69.83,0.471,18.3,0
89.25,41.07,37.39,50.37,2.7,131.53,61.31,0.761,4.9,0
26.23,51.14,28.82,66.23,3.0,149.18,60.53,0.509,23.5,0
126.39,15.0,59.07,100.08,7.06,181.2,95.0,0.551,10.2,1
163.14,137.22,95.52,10.0,4.13,246.87,59.83,0.745,13.7,1
40.27,33.08,2.0,2.71,2.52,40.32,75.96,0.511,4.5,0
52.1,64.14,47.75,36.69,2.9,151.48,53.37,0.713,16.4,0
135.8,15.0,86.02,94.09,,195.61,83.6,0.858,8.0,1
160.42,112.04,36.18,109.17,6.75,264.14,76.43,0.943,19.3,1
135.04,48.96,35.82,58.32,3.54,146.65,45.2,0.475,8.0,0
72.83,69.57,35.32,15.23,0.79,120.91,56.88,0.776,26.4,0
57.41,167.38,10.0,13.67,3.22,194.26,68.19,0.684,15.6,1
36.2,20.72,53.54,15.07,3.75,93.08,30.0,0.876,23.8,0
68.79,79.58,68.7,105.69,9.43,263.39,50.23,0.963,4.2,1
49.9,63.7,19.92,28.01,0.59,112.22,36.71,0.607,9.5,0
167.17,81.99,78.45,75.03,1.7,237.18,68.39,0.889,14.8,1
73.55,103.88,124.32,147.47,0.5,376.18,60.37,0.833,19.1,1
34.85,48.63,59.15,32.73,1.96,142.48,64.79,0.6,17.7,0
32.11,50.47,45.96,59.14,0.12,155.69,61.13,0.2,15.0,0
30.63,50.42,81.81,65.63,0.8,198.67,52.44,0.651,12.7,0
9.74,26.05,24.76,62.19,2.2,115.2,49.27,0.678,13.7,0
50.74,47.77,24.86,18.0,1.84,92.46,67.75,0.276,13.8,0
46.96,140.37,128.24,71.63,0.5,340.74,58.99,0.983,28.3,1
244.51,111.39,114.56,53.82,5.31,285.08,61.34,0.777,12.1,1
20.0,94.7,87.15,64.89,6.38,253.13,78.24,0.839,10.3,1
39.66,,91.79,50.11,5.06,285.5,67.19,0.524,16.0,1
71.68,59.59,56.78,,1.25,138.32,43.21,0.213,5.4,0
16.4,11.7,43.41,50.58,1.57,107.26,51.82,0.607,13.5,0
95.12,95.12,17.4,59.79,1.55,173.86,58.18,0.756,1.2,0
96.08,127.2,70.69,57.01,2.32,257.22,75.35,0.677,11.4,0
5.0,103.93,55.48,44.37,2.19,205.97,63.06,0.276,13.2,0
237.01,35.47,179.42,46.38,4.6,265.87,55.21,0.761,9.6,1
84.45,122.83,10.0,97.25,0.73,230.81,54.41,0.99,4.4,1
94.0,114.27,23.3,31.01,0.0,168.58,62.18,0.791,13.3,0
42.74,65.22,103.95,41.61,1.21,211.99,33.12,0.755,25.1,0
40.39,38.2,26.22,15.15,2.81,82.38,48.62,0.627,7.6,0
72.5,16.13,36.19,70.54,3.56,126.42,59.4,0.579,13.4,0
228.49,48.2,32.44,85.31,2.57,168.52,63.04,0.44,12.4,1
66.42,2.0,69.12,39.06,1.21,111.39,48.35,0.911,17.0,0
93.26,43.37,19.31,25.56,0.95,89.19,66.62,0.98,25.7,0
96.88,36.13,57.97,28.22,0.07,122.4,70.79,0.679,18.4,0
297.61,73.22,64.0,148.32,3.82,289.35,82.69,0.774,23.3,1
5.0,70.89,2.0,44.4,0.67,117.96,69.97,0.572,27.7,0
73.72,133.96,89.66,155.18,5.99,384.79,42.72,0.669,13.8,1
164.71,142.18,168.5,137.43,4.66,452.77,63.28,0.789,5.6,1
13.78,27.34,63.36,34.36,0.82,125.87,50.88,0.682,9.6,0
70.39,7.8,34.38,33.87,4.01,80.06,49.03,0.385,14.7,0
55.95,42.21,25.46,22.93,0.0,90.6,52.13,0.472,24.0,0
54.36,3.3,53.41,32.64,0.2,89.55,50.7,0.625,6.2,0
20.0,74.01,54.62,95.11,2.7,226.44,69.1,0.712,5.9,1
19.72,20.31,41.1,11.01,2.19,74.6,59.9,0.5,3.5,0
6.82,92.62,54.14,5.39,0.71,152.85,61.68,0.584,27.3,0
5.0,96.43,34.77,43.59,2.22,177.01,48.95,0.649,25.6,0
102.57,97.48,83.73,62.67,8.68,252.55,79.36,0.631,10.7,1
20.0,97.96,167.18,204.53,3.45,473.12,68.69,0.839,16.4,1
32.75,163.69,32.89,119.67,0.79,317.04,46.95,0.86,3.9,1
19.1,54.51,32.37,21.34,0.0,108.22,50.44,0.98,2.7,0
69.01,2.0,67.15,8.73,0.0,77.88,62.51,0.726,13.0,0
200.5,27.16,47.7,163.88,8.7,247.44,74.82,0.665,5.4,1
31.7,13.34,20.35,34.42,0.84,68.95,56.14,0.759,7.6,0
36.13,65.11,10.0,111.96,0.5,187.57,69.41,0.557,16.6,1
27.18,40.72,21.08,39.69,1.28,102.78,51.23,0.742,16.6,0
206.76,77.67,77.76,111.61,6.74,273.78,58.61,0.99,8.8,1
112.66,140.26,10.0,47.63,2.96,200.84,70.14,0.815,23.9,1
308.43,77.69,89.15,151.1,7.91,325.85,58.94,0.619,3.5,1
39.37,82.0,25.89,48.69,1.45,158.04,70.77,0.506,13.1,0
164.14,179.02,66.95,102.11,5.56,353.63,84.24,0.835,10.1,1
75.98,36.99,147.76,77.93,4.32,266.99,50.28,0.891,13.5,1
207.28,246.55,36.36,102.51,13.34,398.76,78.73,0.833,20.1,1
,69.06,80.62,42.82,0.5,193.0,59.26,0.537,4.8,0
92.04,42.79,2.0,17.19,1.04,63.01,57.43,0.98,26.9,0
58.08,161.47,87.92,32.66,,288.37,73.07,0.661,13.3,1
87.71,61.32,78.58,59.52,3.11,202.52,52.11,0.733,10.4,0
69.47,44.28,67.68,27.95,0.86,140.76,70.21,0.856,18.2,0
237.41,,136.14,197.77,9.62,468.91,70.97,0.99,7.6,1
,54.92,144.31,118.92,7.53,325.68,54.81,0.688,13.3,1
61.64,30.59,20.02,6.55,0.3,57.46,57.01,0.735,4.9,0
63.05,16.68,97.98,22.63,1.22,138.52,65.75,0.663,24.4,0
81.8,61.8,16.17,45.39,0.0,123.36,32.68,0.757,12.4,0
44.6,69.76,10.1,66.3,2.16,148.32,60.31,0.675,13.4,0
88.89,57.48,22.08,35.9,2.1,117.56,78.86,0.832,15.8,0
180.53,42.19,123.76,207.96,0.5,374.41,69.9,0.67,5.9,1
113.49,141.09,76.37,55.59,0.94,273.98,64.83,0.598,3.9,1
174.27,207.13,56.79,89.77,7.11,360.8,70.16,0.917,15.3,1
41.86,64.68,63.92,21.97,0.58,151.14,46.83,0.871,24.4,0
153.92,212.28,115.62,240.08,2.75,570.73,80.6,0.57,22.7,1
118.08,213.87,162.02,73.33,7.26,456.48,76.25,0.426,12.1,1
17.5,4.3,67.22,47.04,1.5,120.06,62.75,0.589,23.1,0
33.8,55.94,119.83,40.85,2.48,219.09,56.53,0.546,10.6,0
114.53,191.06,79.65,117.92,9.29,397.93,51.17,0.683,7.7,1
83.87,68.24,77.84,29.97,2.25,178.29,57.46,0.634,6.0,0
231.69,205.34,10.0,119.11,8.87,343.32,77.92,0.654,10.3,1
243.67,130.51,23.62,53.42,3.81,211.36,40.57,0.503,16.3,1
92.94,16.47,163.41,179.31,3.62,362.81,73.71,0.732,20.9,1
10.74,29.24,47.54,16.77,0.12,93.68,73.91,0.727,16.6,0
204.98,96.69,57.74,122.38,10.4,287.2,61.34,0.955,27.2,1
53.97,97.32,108.45,159.13,8.82,373.71,74.22,0.332,25.8,1
20.0,114.77,65.01,32.12,7.99,219.89,59.36,0.606,11.5,1
74.64,138.77,32.22,162.49,7.07,340.55,77.74,0.632,28.4,1
77.43,29.57,8.64,33.33,0.6,72.14,46.05,0.452,25.6,0
30.99,61.06,59.46,43.28,1.96,165.76,61.39,0.55,24.7,0
113.81,50.38,182.99,10.0,5.34,248.72,64.22,0.781,28.0,1
,171.77,105.47,158.4,5.35,440.98,86.47,0.798,6.9,1
70.89,37.16,78.03,9.73,0.7,125.61,36.94,0.289,25.7,0
78.18,69.28,39.47,10.55,2.26,121.55,46.47,0.518,16.7,0
5.0,31.26,50.92,40.92,1.24,124.34,57.01,0.708,27.4,0
88.47,99.96,30.3,58.89,0.01,189.15,62.73,0.583,20.0,0
44.86,117.57,63.82,38.15,,220.77,59.23,0.564,23.4,0
204.21,55.7,,44.51,8.34,176.98,89.67,0.695,21.5,1
43.01,52.47,78.21,48.98,2.05,181.71,50.65,0.578,5.4,0
96.69,185.15,82.26,97.71,3.86,368.98,58.09,0.99,24.1,1
72.65,87.38,67.28,10.67,2.79,168.13,45.31,0.835,13.0,0
66.06,17.57,30.87,42.73,2.52,93.69,42.65,0.651,4.6,0
99.74,36.81,53.91,18.22,0.13,109.07,46.22,0.726,3.2,0
158.67,107.61,116.88,164.17,1.28,389.94,85.21,0.927,28.8,1
62.44,49.51,17.81,31.93,1.61,100.87,58.8,0.374,10.7,0
5.0,19.32,61.32,57.17,1.06,138.86,69.01,0.794,19.7,0
38.21,83.26,71.56,66.95,2.23,224.01,55.12,0.803,17.1,0
176.82,15.0,83.69,210.79,,317.85,65.65,0.721,3.9,1
170.46,114.69,15.9,153.31,8.38,292.28,51.2,0.685,12.8,1
130.61,64.15,95.95,68.79,1.32,230.21,78.47,0.696,14.2,1
100.0,39.09,24.76,31.3,1.22,96.38,68.49,0.617,17.1,0
67.58,22.44,60.39,13.58,2.06,98.47,37.74,0.555,2.3,0
81.99,48.03,12.01,50.8,0.92,111.75,66.35,0.681,8.4,0
52.53,57.3,70.67,1.0,1.25,130.23,56.63,0.42,22.1,0
208.53,129.2,38.93,10.0,8.32,186.44,52.74,0.916,6.2,1
163.56,135.43,131.93,47.64,6.01,321.02,56.08,0.509,8.4,1
54.85,34.94,2.0,22.38,0.86,60.18,44.58,0.72,19.2,0
103.32,67.18,21.8,45.73,1.86,136.57,53.96,0.715,9.1,0
78.03,56.66,4.45,35.03,0.77,96.92,50.27,0.656,18.5,0
139.47,2.88,59.0,33.93,1.85,97.66,45.77,0.545,15.4,0
52.18,66.79,58.55,55.97,2.82,184.13,50.2,0.734,15.0,0
77.96,63.33,2.0,34.68,0.0,100.01,59.44,0.623,25.2,0
46.51,85.65,29.06,25.1,1.18,141.0,63.54,0.615,13.9,0
43.78,69.63,8.9,24.37,2.48,105.39,57.06,0.656,3.2,0
116.3,15.0,113.52,86.28,4.68,219.48,69.13,0.776,26.0,1
90.3,61.47,7.58,38.35,0.72,108.12,68.59,0.403,18.3,0
171.12,175.05,46.65,53.1,3.89,278.69,73.19,0.662,12.5,1
28.84,140.1,111.66,10.0,0.68,262.44,66.24,0.711,8.0,1
83.98,25.34,70.76,10.0,0.5,106.59,60.43,0.737,12.9,1
120.09,177.11,73.47,58.71,5.61,314.9,85.32,0.907,18.5,1
64.21,81.49,48.08,28.11,2.6,160.27,,0.562,4.5,0
203.39,18.11,10.0,73.03,2.57,103.71,87.29,0.674,3.4,1
21.28,49.02,53.47,52.46,2.08,157.02,57.07,0.717,22.9,0
65.38,70.45,15.71,15.6,1.75,103.51,39.17,0.688,20.1,0
154.58,116.65,61.49,75.32,3.97,257.43,72.79,0.801,9.6,1
117.13,58.58,81.75,1.0,2.52,143.84,49.22,0.708,23.3,0
108.75,105.82,54.27,99.51,8.92,268.52,40.0,0.723,7.3,1
119.05,42.23,47.08,21.85,1.04,112.2,48.75,0.855,11.2,0
90.67,159.16,157.39,21.02,0.5,338.08,95.0,0.442,10.7,1
44.25,70.95,27.93,13.96,1.39,114.22,62.36,0.404,3.8,0
72.03,43.07,45.84,56.33,0.56,145.8,62.25,0.791,14.9,0
54.55,2.0,56.95,48.57,2.43,109.95,42.32,0.853,7.3,0
80.83,19.2,54.55,52.26,0.89,126.91,48.96,0.69,23.7,0
66.53,20.05,80.18,23.8,2.63,126.67,45.45,0.718,17.5,0
80.45,156.25,133.52,64.86,6.51,361.13,88.07,0.603,24.4,1
73.15,46.23,36.32,66.04,1.43,150.02,62.49,0.788,5.4,0
60.64,72.77,41.09,31.57,,145.43,55.03,0.372,16.3,0
37.42,82.75,70.9,25.96,,180.86,64.93,0.711,14.8,0
88.47,97.32,2.0,12.95,0.0,112.28,47.85,0.498,3.5,0
102.01,107.52,72.3,111.85,4.99,296.66,62.55,0.735,23.1,1
78.01,33.94,33.69,34.98,0.84,103.46,78.47,0.764,18.4,0
242.53,124.97,50.11,148.28,4.36,327.72,65.53,0.675,18.5,1
79.7,45.81,67.74,40.5,1.9,155.95,58.51,0.81,14.4,0
5.0,88.15,,17.27,2.33,140.02,55.51,0.635,11.0,0
55.44,55.82,86.35,30.8,1.65,174.62,81.2,0.639,2.5,0
101.52,78.25,116.93,139.53,7.2,341.91,72.39,0.829,19.0,1
37.23,83.25,50.25,78.9,0.0,212.4,52.98,0.639,23.8,0
41.52,84.28,10.0,104.43,7.43,206.14,84.79,0.775,17.8,1
74.45,57.31,10.75,7.74,3.36,79.17,63.03,0.587,4.4,0
88.77,26.67,43.54,65.71,2.37,138.28,76.18,0.663,16.4,0
125.3,64.8,26.34,1.0,0.0,92.14,45.63,0.669,2.6,0
124.33,42.46,76.79,102.29,1.04,222.58,67.38,0.739,29.8,1
74.06,71.27,62.1,60.08,0.74,194.2,44.45,0.788,5.7,0
57.39,100.89,51.87,38.14,0.0,190.91,39.3,0.657,16.6,0
125.67,76.32,30.82,29.13,0.0,136.28,58.78,0.551,7.8,0
70.76,54.4,70.21,11.42,0.0,136.03,48.54,0.778,7.6,0
43.48,36.63,13.88,1.0,1.99,53.51,60.84,0.529,3.9,0
35.75,69.46,90.15,33.33,3.22,196.16,47.25,0.83,19.1,0
181.35,78.59,157.1,101.92,7.89,345.49,68.39,0.745,20.4,1
22.93,91.4,104.74,55.28,0.85,252.27,53.86,0.721,20.9,0
116.99,165.56,29.26,90.21,6.1,291.12,61.32,0.56,29.6,1
282.96,106.58,10.0,60.27,6.15,183.0,49.14,0.614,21.3,1
84.91,89.52,32.7,7.49,1.36,131.08,51.25,0.654,6.3,0
197.87,179.74,17.2,47.11,2.76,246.8,59.98,0.907,20.2,1
83.44,76.51,50.71,37.3,0.18,164.7,46.59,0.575,26.3,0
86.16,50.86,19.55,15.87,3.91,90.19,60.17,0.95,15.9,0
133.23,29.0,16.01,29.22,3.28,77.5,60.58,0.36,2.3,0
111.3,26.29,10.31,32.11,2.76,71.46,70.0,0.403,10.0,0
175.12,94.56,67.84,45.76,8.2,216.35,63.59,0.798,29.1,1
140.87,75.78,22.51,80.39,0.68,179.37,83.49,0.727,18.1,1
50.57,61.98,23.91,1.0,3.38,90.26,63.22,0.443,27.6,0
135.36,36.61,51.66,16.63,0.91,105.81,41.17,0.714,7.3,0
44.37,62.89,51.5,52.61,2.98,169.98,53.9,0.756,14.6,0
113.31,71.98,43.16,16.73,2.11,133.98,63.11,0.872,5.5,0
73.44,100.52,40.61,37.33,1.85,180.31,59.46,0.687,18.0,0
42.95,18.8,33.97,103.42,2.4,158.59,44.28,0.694,13.0,0
119.7,211.07,189.91,,0.5,603.89,59.94,0.611,7.9,1
118.07,58.96,10.32,168.29,2.44,240.02,73.53,0.744,23.8,1
76.56,75.02,72.54,50.95,0.0,198.51,46.03,0.707,7.3,0
131.36,93.35,59.1,21.01,9.61,183.07,67.67,0.844,22.2,1
155.21,68.62,85.65,43.96,3.61,201.84,63.16,0.635,10.0,0
67.96,,44.01,41.78,0.65,88.44,66.47,0.521,10.9,0
38.99,56.71,50.49,61.49,0.0,168.69,59.34,0.694,27.3,0
181.03,83.49,97.16,63.67,5.77,250.08,79.61,0.661,27.0,1
112.31,100.96,119.58,162.31,0.5,383.36,71.38,0.713,20.2,1
117.57,79.89,80.38,11.08,1.46,172.82,50.83,0.57,8.2,0
99.19,75.51,29.21,45.18,1.28,151.17,71.86,0.595,22.5,0
63.97,125.81,58.06,35.01,2.31,221.19,49.38,0.704,10.6,0
95.22,67.92,63.76,35.16,0.0,166.84,57.51,0.81,12.0,0
58.06,81.41,13.31,50.1,1.31,146.13,60.93,0.526,11.3,0
58.79,53.43,13.37,17.67,1.6,86.07,56.06,0.98,19.3,0
148.75,64.46,,124.38,1.33,236.5,57.68,0.572,14.5,1
194.65,146.01,44.46,10.0,9.06,209.53,65.93,0.754,29.5,1
10.94,72.3,52.16,40.26,1.12,165.85,54.42,0.328,23.8,0
89.65,118.16,107.53,171.59,5.56,402.83,71.22,0.917,27.6,1
52.72,74.61,26.2,42.19,0.28,143.29,72.19,0.775,24.5,0
297.45,15.0,89.73,165.32,5.81,275.86,67.3,0.855,15.6,1
76.76,31.96,36.0,2.08,1.59,71.62,81.04,0.881,7.0,0
82.67,76.09,43.06,19.42,0.84,139.4,53.86,0.98,4.9,0
45.28,81.47,64.8,27.66,2.66,176.59,66.56,0.911,9.5,0
107.69,107.22,86.47,102.89,4.09,300.68,81.4,0.616,24.4,1
63.42,48.8,2.0,29.85,0.88,81.53,62.0,0.98,4.9,0
28.17,2.0,53.24,51.45,5.08,111.78,51.88,0.957,23.7,0
93.72,84.48,69.91,47.22,0.43,202.04,46.46,0.691,22.9,0
29.89,85.68,,46.01,0.78,146.13,64.79,0.64,24.0,0
66.37,20.31,42.06,35.72,0.0,98.09,58.71,0.564,18.1,0
62.36,62.72,68.71,29.57,0.0,161.0,52.68,0.634,19.4,0
64.05,35.48,21.21,33.55,1.94,92.18,60.08,0.775,15.5,0
115.27,26.79,22.45,40.88,0.0,90.11,62.86,0.51,11.9,0
23.77,85.18,72.94,25.74,1.22,185.09,54.24,0.731,20.4,0
116.99,165.56,29.26,90.21,6.1,291.12,61.32,0.56,29.6,1
32.95,58.01,41.43,29.18,0.62,129.24,41.43,0.581,19.7,0
226.49,264.32,107.6,86.36,3.17,461.46,71.85,0.8,29.2,1
9.95,60.03,49.87,32.05,0.02,141.97,54.22,0.948,19.9,0
82.8,55.9,94.13,14.32,1.49,165.84,73.23,0.668,8.9,0
48.75,71.25,26.68,69.08,1.91,168.92,56.51,0.41,10.5,0
132.2,127.61,52.14,99.03,1.24,280.03,63.39,0.682,4.5,1
192.1,72.81,50.78,78.2,5.74,207.52,83.71,0.789,23.5,1
5.0,62.66,31.27,33.42,0.95,128.3,76.58,0.65,20.9,0
77.22,2.0,2.0,45.17,0.83,50.0,49.97,0.565,3.8,0
116.13,89.24,21.22,150.37,7.04,267.87,55.05,0.473,10.9,1
87.36,28.23,2.88,26.87,2.02,59.99,62.7,0.617,7.5,0
241.49,118.98,76.04,159.95,9.18,364.14,55.46,0.759,19.8,1
137.83,159.01,10.0,34.55,4.68,208.24,78.32,0.833,15.5,1
20.0,142.06,64.47,221.06,7.74,435.33,76.58,0.714,16.6,1
128.46,216.09,35.28,130.33,2.19,383.89,66.89,0.657,29.9,1
131.35,115.87,79.5,117.18,5.33,317.88,89.41,0.926,8.1,1
43.38,58.68,26.78,35.0,1.06,121.52,62.41,0.846,8.1,0
20.0,104.54,144.85,198.39,4.88,452.66,68.39,0.884,17.4,1
121.32,54.91,32.64,47.08,6.99,141.62,73.4,0.583,11.9,1
5.0,44.81,16.82,1.0,1.89,64.51,71.76,0.377,13.3,0
190.3,130.07,60.88,50.04,1.37,242.37,60.16,0.814,25.0,1
104.34,25.03,58.83,24.52,0.19,108.58,49.19,0.399,23.2,0
108.61,15.0,48.8,63.7,8.8,136.3,62.95,0.833,5.8,1
27.1,2.71,64.64,5.73,0.5,73.58,49.95,0.98,5.7,0
176.64,124.9,93.27,86.64,7.88,312.69,41.36,0.745,5.7,1
46.54,13.17,13.3,36.1,1.22,63.8,49.88,0.711,24.3,0
28.87,71.23,35.68,48.06,1.55,156.51,48.54,0.83,7.1,0
20.0,52.05,76.19,170.74,4.18,303.17,54.55,0.78,28.3,1
72.5,91.46,78.55,57.86,1.9,229.78,45.93,0.579,3.1,0
8.25,20.34,29.27,25.9,2.15,77.67,49.85,0.976,13.5,0
18.3,24.25,3.03,58.23,1.89,87.4,71.29,0.7,1.3,0
5.0,62.66,31.27,33.42,0.95,128.3,76.58,0.65,20.9,0
110.79,75.22,47.34,27.96,1.29,151.81,72.51,0.713,5.0,0
143.48,30.16,10.0,93.73,2.36,136.25,67.73,0.796,24.4,1
100.55,126.8,42.99,46.46,0.39,216.65,53.41,0.504,21.7,0
,53.6,72.03,21.79,1.43,148.84,71.85,0.603,27.8,0
186.56,15.0,110.51,78.56,0.5,204.57,67.94,0.787,17.6,1
119.97,15.0,82.37,14.97,2.59,114.94,55.1,0.659,16.5,1
126.51,160.63,47.54,51.22,0.93,260.31,57.39,0.702,22.4,1
219.67,285.09,137.44,128.14,0.5,551.18,73.9,0.614,15.7,1
124.1,29.54,62.6,5.01,0.39,97.54,57.24,0.785,25.5,0
161.32,121.9,62.6,179.17,8.36,372.03,43.61,0.801,8.1,1
84.1,98.59,90.36,181.87,4.93,375.75,70.34,0.886,12.3,1
51.29,49.27,62.98,51.37,1.44,165.06,62.26,0.317,2.1,0
71.3,67.09,77.32,63.2,0.14,207.75,62.58,0.851,26.9,0
80.54,55.13,41.61,80.63,2.61,179.97,56.61,0.538,13.4,0
31.45,33.13,82.79,1.0,0.0,116.92,64.08,0.56,18.9,0
212.71,60.94,41.21,113.77,0.5,216.41,68.27,0.838,16.1,1
116.64,103.09,106.54,119.8,1.43,330.87,74.25,0.831,6.0,1
69.14,12.47,32.74,70.17,1.16,116.54,63.84,0.71,2.4,0
81.9,55.33,56.95,13.62,1.95,127.85,67.78,0.623,16.6,0
97.04,68.41,41.7,1.0,2.64,113.74,62.44,0.938,5.4,0
242.67,191.8,60.12,10.0,0.78,262.7,89.67,0.887,7.3,1
154.99,25.75,97.94,117.33,6.82,247.84,71.42,0.588,8.8,1
48.59,2.0,2.0,59.48,0.23,63.71,69.95,0.319,14.2,0
84.16,47.31,58.42,69.77,1.8,177.3,50.91,0.541,7.4,0
41.44,33.49,48.46,7.45,2.96,92.36,30.0,0.466,18.1,0
58.79,53.43,13.37,17.67,1.6,86.07,56.06,0.98,19.3,0
89.03,27.38,21.44,59.58,2.59,111.0,45.3,0.618,20.4,0
126.39,103.12,16.67,31.67,2.28,153.75,59.58,0.885,20.6,0
100.64,113.74,86.88,48.96,5.55,255.13,52.34,0.903,13.1,1
17.99,54.99,49.99,16.91,0.19,122.08,56.27,0.94,10.2,0
199.56,71.54,37.44,180.18,7.08,296.23,70.24,0.614,4.3,1
252.37,90.23,10.0,127.49,5.25,232.97,46.47,0.662,6.7,1
43.58,149.35,10.0,76.97,0.5,236.82,72.79,0.811,25.4,1
294.06,41.97,44.71,177.52,1.99,266.18,88.32,0.99,16.5,1
157.27,146.52,86.46,182.53,5.76,421.27,86.72,0.816,26.9,1
63.4,39.17,49.71,47.02,1.48,137.39,39.82,0.746,27.1,0
217.8,72.97,79.02,75.0,6.37,233.36,61.62,0.517,15.4,1
39.27,68.38,56.81,48.35,1.0,174.55,61.23,0.597,20.1,0
24.91,83.52,49.18,21.44,0.96,155.1,56.34,0.54,8.7,0
27.56,56.09,36.54,53.72,0.09,146.44,55.62,0.569,18.6,0
103.0,15.0,84.11,13.73,6.17,119.01,63.59,0.595,23.1,1
74.27,108.98,91.71,54.44,1.88,257.01,61.81,0.751,26.9,1
83.17,34.07,30.68,48.23,1.14,114.12,58.3,0.682,19.4,0
73.49,81.59,44.62,58.54,0.0,184.75,39.2,0.591,26.0,0
78.03,87.67,31.93,49.5,2.58,171.69,67.0,0.768,15.3,0
178.49,112.48,75.83,10.0,7.73,206.04,68.37,0.85,22.9,1
140.42,21.02,141.41,141.99,3.14,307.57,47.29,0.875,3.6,1
56.07,39.13,72.42,49.96,1.99,163.51,59.75,0.471,18.6,0
40.95,97.8,35.37,38.71,0.0,171.87,39.3,0.98,22.9,0
61.51,132.05,104.56,116.61,4.62,357.84,64.81,0.59,25.3,1
5.0,59.08,26.6,10.98,1.36,98.02,56.02,0.491,3.5,0
147.47,168.42,119.5,101.92,10.36,400.21,72.96,0.713,28.5,1
217.72,132.53,23.34,46.4,8.47,210.74,82.05,0.749,3.5,1
18.59,42.28,52.12,19.94,0.0,114.34,62.67,0.805,19.2,0
149.54,123.12,180.01,40.09,11.17,354.39,82.42,0.777,19.8,1
82.98,71.01,44.58,39.91,2.61,158.11,61.13,0.646,12.0,0
94.91,109.45,24.26,52.2,5.85,191.76,52.14,0.836,26.2,1
71.59,55.94,22.37,41.35,2.1,121.77,45.98,0.679,14.1,0
204.39,19.4,107.52,140.23,10.08,277.23,54.94,0.591,22.3,1
61.7,31.29,36.68,46.76,0.96,115.69,63.0,0.614,5.7,0
345.38,187.45,209.87,126.7,5.11,529.13,72.91,0.472,28.5,1
289.4,99.34,55.16,123.64,3.04,281.18,81.65,0.461,6.1,1
39.81,71.04,82.77,20.47,1.03,175.3,56.4,0.651,21.6,0
175.66,39.26,160.77,60.05,3.91,264.0,70.89,0.911,13.3,1
99.18,108.79,86.72,116.66,9.37,321.54,54.47,0.554,24.0,1
194.98,174.93,10.0,153.46,4.23,342.61,71.45,0.3,14.8,1
5.0,91.53,94.27,23.21,1.92,210.94,60.29,0.596,10.7,0
53.33,102.51,17.59,108.19,7.72,236.01,77.89,0.668,13.2,1
83.79,41.55,33.08,24.18,0.92,99.73,57.61,0.737,3.0,0
90.49,8.31,41.89,1.51,0.87,52.57,36.1,0.602,13.1,0
90.53,36.43,2.0,1.0,1.19,40.62,55.2,0.741,19.5,0
36.31,41.93,2.0,8.74,1.42,54.09,55.11,0.73,21.8,0
51.28,35.19,31.94,11.11,0.41,78.65,45.15,0.67,18.9,0
24.55,53.28,23.16,1.0,2.16,79.61,42.81,0.473,3.3,0
20.0,29.01,231.36,124.56,6.66,391.59,68.15,0.846,7.4,1
167.17,109.2,10.0,72.1,2.31,193.6,73.25,0.636,21.8,1
92.42,79.94,48.77,58.14,1.45,188.29,69.81,0.38,4.3,0
,69.06,80.62,42.82,0.5,193.0,59.26,0.537,4.8,0
117.13,110.81,10.0,116.96,2.53,240.3,90.01,0.389,16.3,1
30.61,73.57,45.01,30.82,2.55,151.96,79.65,0.895,13.1,0
72.35,51.28,179.94,55.03,9.27,295.52,57.31,0.584,17.9,1
71.44,53.13,24.43,38.52,0.0,116.08,61.21,0.563,22.6,0
14.34,44.82,13.44,70.58,1.76,130.6,64.95,0.818,21.6,0
51.49,193.97,10.0,10.0,10.45,224.42,47.29,0.572,29.8,1
118.68,58.44,82.38,22.94,,165.17,71.12,0.621,25.8,0
26.56,39.52,39.4,20.09,0.0,99.01,31.97,0.524,27.4,0
87.55,53.66,54.48,41.28,1.6,151.03,62.56,0.648,19.7,0
70.55,83.1,7.2,23.06,1.89,115.26,60.51,0.622,3.4,0
43.92,20.53,32.27,29.93,1.35,84.08,51.04,0.98,4.5,0
71.94,79.18,2.0,39.28,1.44,121.9,65.76,0.513,25.7,0
68.57,69.51,81.53,38.81,1.55,191.4,47.74,0.543,27.0,0
70.33,171.61,34.65,162.17,2.34,370.78,59.25,0.99,22.1,1
5.0,41.58,7.0,66.87,1.63,117.07,60.87,0.738,16.8,0
135.36,67.43,10.0,45.85,7.3,130.59,64.29,0.99,24.2,1
72.13,9.45,2.0,62.76,0.0,74.21,54.31,0.709,24.2,0
90.02,12.45,18.05,,0.94,66.9,62.28,0.98,2.5,0
20.0,142.98,36.0,119.58,4.48,303.05,54.84,0.936,25.5,1
77.53,122.1,48.3,53.46,1.29,225.15,50.04,0.606,23.0,0
5.0,16.24,62.37,54.73,0.4,133.74,44.03,0.721,14.8,0
98.26,86.16,73.09,34.66,5.18,199.08,46.67,0.816,8.7,1
100.53,33.23,87.11,9.02,2.71,132.08,57.98,0.823,9.8,0
121.96,116.17,99.87,57.94,9.41,283.4,79.35,0.534,13.8,1
62.87,81.96,52.7,7.74,3.25,145.64,65.21,0.437,3.8,0
20.0,72.01,25.17,43.34,10.39,150.91,63.03,0.99,17.5,1
,81.32,30.01,1.0,2.38,114.71,66.76,0.49,20.3,0
89.84,43.58,58.37,1.0,1.98,104.93,67.38,0.594,20.2,0
167.76,95.02,64.96,49.66,1.85,211.49,69.54,0.58,14.6,0
141.01,34.48,53.46,36.32,2.35,126.6,47.5,0.578,4.9,0
64.24,191.79,116.32,157.48,9.43,475.02,61.06,0.989,16.3,1
113.83,2.0,55.23,30.27,4.34,91.84,75.03,0.807,27.1,0
22.63,76.86,43.07,67.65,1.4,188.98,64.82,0.2,22.5,0
100.34,38.73,99.76,64.63,1.13,204.25,77.42,0.635,5.4,1
20.0,105.93,43.2,22.37,3.59,175.09,81.97,0.444,18.5,1
43.47,68.84,73.18,111.02,0.5,253.53,51.63,0.736,19.1,1
78.54,38.58,98.43,93.22,5.58,235.81,48.49,0.728,19.9,1
135.92,84.27,101.39,153.93,2.56,342.15,50.05,0.721,27.4,1
146.3,151.94,226.22,119.9,0.5,498.55,62.54,0.696,25.1,1
18.07,38.88,68.5,39.38,1.73,148.49,46.28,0.607,11.1,0
106.53,175.41,68.26,86.32,7.59,337.58,59.46,0.553,19.0,1
34.81,41.82,9.4,12.39,1.82,65.43,37.5,0.449,7.1,0
173.93,79.17,104.52,86.9,6.47,277.05,67.97,0.563,20.6,1
224.56,120.79,68.01,140.11,6.52,335.44,61.06,0.59,13.4,1
39.85,60.4,53.67,33.21,2.97,150.24,55.81,0.84,25.6,0
62.71,71.83,61.78,36.88,2.42,172.91,62.96,0.63,18.0,0
32.94,7.08,26.77,45.26,1.26,80.37,59.31,0.882,21.5,0
48.0,28.87,35.63,60.81,1.1,126.41,74.49,0.485,14.3,0
50.37,48.59,34.03,42.65,0.74,126.0,57.09,0.753,8.3,0
96.2,67.18,65.78,75.71,4.05,212.72,59.66,0.86,25.0,1
72.99,97.84,44.74,,1.28,194.11,46.88,0.557,20.4,0
39.81,54.51,26.62,49.65,2.32,133.1,62.35,0.943,27.9,0
71.63,102.08,35.49,24.66,3.7,165.93,52.5,0.636,23.2,0
80.18,3.3,70.43,49.95,0.38,124.05,67.78,0.585,27.1,0
152.88,77.62,75.21,134.85,4.16,291.85,56.02,0.927,3.3,1
5.0,2.0,18.84,52.39,0.39,73.63,71.46,0.395,27.5,0
62.04,50.85,70.01,31.41,2.94,155.21,54.28,0.471,3.9,0
30.36,47.9,40.8,20.89,0.54,110.12,66.93,0.683,9.4,0
113.65,89.87,21.32,40.42,0.53,152.15,41.13,0.98,5.5,0
156.82,106.4,55.44,114.82,4.88,281.53,58.61,0.825,24.4,1
67.84,29.71,41.67,17.16,1.46,90.0,52.74,0.706,25.7,0
119.49,15.0,141.25,142.49,2.29,301.03,65.6,0.842,10.4,1
,72.81,19.74,35.15,2.08,129.78,50.72,0.461,9.4,0
51.79,,48.04,28.5,1.91,122.9,63.8,0.61,11.4,0
136.51,234.09,120.35,98.81,4.02,457.28,53.88,0.923,4.9,1
117.0,13.23,16.12,35.31,3.78,68.45,63.74,0.743,3.9,0
78.27,179.59,21.45,77.34,4.75,283.13,57.08,0.772,23.0,1
113.31,90.67,53.58,1.7,1.17,147.12,76.88,0.65,16.7,0
20.0,159.63,96.03,141.04,9.01,405.72,66.48,0.754,6.5,1
54.4,93.31,19.33,40.08,1.32,154.04,58.77,0.753,21.2,0
222.43,127.46,76.58,214.82,1.15,420.01,44.43,0.641,7.6,1
5.0,7.77,70.33,63.83,1.86,143.79,50.67,0.638,4.8,0
49.18,49.28,50.48,29.5,1.79,131.04,60.04,0.274,22.1,0
34.44,9.67,47.69,52.76,1.86,111.96,53.82,0.614,4.0,0
45.72,123.19,18.92,68.74,1.19,212.04,58.52,0.793,17.9,0
74.45,28.9,36.04,36.97,1.01,102.92,40.48,0.653,8.9,0
47.19,79.79,139.39,141.81,4.26,365.24,93.63,0.99,22.8,1
33.83,154.38,19.86,80.52,8.47,263.22,68.29,0.99,7.0,1
5.0,82.36,38.01,78.48,3.27,202.12,59.41,0.359,12.8,0
93.57,30.42,6.09,38.34,0.0,74.85,76.07,0.666,18.4,0
57.45,63.78,79.04,46.36,1.26,190.43,66.94,0.491,14.3,0
74.17,34.07,40.53,38.41,2.58,115.6,39.42,0.392,1.7,0
20.64,55.93,2.0,48.3,0.74,106.96,53.97,0.397,3.6,0
187.9,61.69,127.84,121.43,2.72,313.68,59.76,0.764,17.4,1
5.0,52.2,26.16,37.39,2.49,118.24,59.7,0.717,15.5,0
55.98,70.24,69.34,26.0,1.24,166.82,86.68,0.522,20.9,0
56.46,167.48,103.34,62.71,3.6,337.13,62.77,0.829,26.2,1
96.11,112.76,10.0,10.0,7.57,140.34,68.39,0.708,7.8,1
51.64,76.1,2.0,40.06,0.62,118.79,75.12,0.931,10.8,0
5.0,91.98,35.43,74.7,1.72,203.82,62.91,0.495,6.1,0
6.98,2.0,21.16,44.5,1.42,69.09,76.3,0.885,5.9,0
43.57,2.0,4.93,1.0,2.47,10.41,68.83,0.407,2.5,0
18.13,33.7,16.98,1.0,0.01,51.7,52.71,0.706,7.4,0
42.44,71.39,6.72,41.16,2.53,121.8,61.1,0.497,27.1,0
76.89,68.32,24.86,53.97,2.97,150.12,54.69,0.439,18.1,0
71.34,105.47,48.27,20.78,0.4,174.92,44.28,0.723,17.5,0
179.8,124.38,239.91,16.3,3.49,384.08,77.23,0.938,21.8,1
43.58,41.57,14.76,20.44,0.48,77.24,44.14,0.655,27.1,0
20.0,96.82,104.09,106.46,7.23,314.59,60.01,0.589,26.5,1
147.02,67.65,136.08,134.35,9.4,347.49,59.57,0.982,26.8,1
151.51,131.62,59.45,121.35,6.09,318.51,50.91,0.732,3.5,1
229.91,48.45,129.93,157.7,3.69,339.77,63.49,0.539,10.1,1
49.79,82.83,95.26,35.41,1.1,214.6,58.34,0.536,15.5,0
28.35,59.86,85.95,53.68,2.68,202.18,47.49,0.948,7.4,0
179.65,72.28,10.0,171.44,1.19,254.91,64.76,0.594,10.9,1
55.16,22.34,29.26,33.67,1.71,86.98,49.4,0.521,26.9,0
43.51,105.4,24.94,30.09,0.0,160.43,48.35,0.576,6.0,0
53.34,2.0,23.06,65.84,3.57,94.46,57.52,0.544,8.6,0
49.14,55.6,55.77,13.12,2.56,127.06,48.18,0.749,6.1,0
46.14,74.82,23.37,,4.14,250.35,52.21,0.87,20.1,1
22.28,34.31,12.42,62.26,2.34,111.33,70.5,0.738,23.4,0
63.48,56.03,57.74,22.72,1.62,138.1,70.8,0.568,22.5,0
86.32,48.29,35.33,24.61,0.48,108.71,74.55,0.631,21.0,0
66.0,100.07,34.91,1.0,3.16,139.14,59.57,0.617,27.4,0
132.38,153.74,67.32,10.0,3.67,234.72,71.98,0.638,21.1,1
171.11,46.77,101.92,68.37,5.84,222.89,62.85,0.64,25.2,1
63.88,34.66,36.75,,2.12,118.26,54.11,0.479,26.6,0
78.54,45.5,41.75,45.82,2.27,135.34,66.79,0.719,1.5,0
35.43,17.57,39.85,25.4,0.91,83.72,57.06,0.869,9.7,0
246.46,123.4,63.31,88.7,3.96,279.36,71.09,0.825,3.1,1
216.1,61.91,155.6,63.58,7.09,288.18,62.48,0.469,22.9,1
97.21,26.13,189.24,142.44,0.96,358.77,79.14,0.691,13.5,1
59.35,60.28,62.84,26.75,1.73,151.6,58.79,0.633,18.3,0
232.97,115.07,89.14,131.98,7.76,343.94,76.58,0.613,16.8,1
50.74,47.77,24.86,18.0,1.84,92.46,67.75,0.276,13.8,0
187.59,122.05,76.51,164.91,3.79,367.26,79.23,0.84,21.5,1
124.34,151.35,42.18,10.0,3.53,207.06,62.01,0.931,17.7,1
78.6,97.68,220.15,91.52,2.64,411.99,84.16,0.449,16.9,1
52.92,,76.94,48.27,3.38,243.48,58.0,0.517,23.8,0
81.84,96.97,27.78,50.74,0.61,176.09,47.08,0.438,17.1,0
135.92,84.27,101.39,153.93,2.56,342.15,50.05,0.721,27.4,1
163.28,145.97,87.39,102.37,4.0,339.74,65.73,0.724,24.1,1
45.96,93.2,32.97,12.67,2.48,141.32,77.53,0.715,14.3,0
32.0,156.25,89.95,147.57,1.93,395.69,52.39,0.912,29.1,1
150.37,15.07,76.98,187.04,4.66,283.74,75.38,0.671,11.7,1
88.79,19.64,19.91,21.53,1.77,62.84,58.59,0.726,20.8,0
127.29,114.86,77.91,45.42,5.09,243.29,64.51,0.783,15.5,1
57.92,4.53,9.39,31.98,0.43,46.32,58.46,0.508,27.5,0
5.0,123.37,32.63,29.09,2.72,187.81,52.16,0.775,8.0,0
52.89,6.8,52.53,16.02,0.0,75.34,72.67,0.633,12.4,0
36.19,21.77,93.98,24.69,8.11,148.55,74.61,0.572,10.1,1
66.46,50.78,69.77,27.45,1.13,149.13,51.97,0.68,26.8,0
89.74,85.08,44.61,9.95,1.34,140.98,61.38,0.307,13.4,0
41.43,35.97,61.02,23.91,2.14,123.03,53.45,0.436,1.5,0
87.42,81.16,91.78,122.82,4.44,300.2,80.87,0.583,16.4,1
203.28,149.58,146.4,137.53,3.11,436.62,75.17,0.725,12.9,1
109.1,9.55,38.24,11.4,1.94,61.13,62.91,0.355,1.8,0
146.21,61.97,53.95,,1.19,163.13,45.91,0.266,20.3,0
170.42,134.01,60.82,45.84,0.5,241.18,65.01,0.825,16.5,1
59.72,47.85,54.67,73.26,1.67,177.44,54.73,0.452,10.2,0
103.71,96.77,71.91,48.97,5.43,223.08,95.0,0.917,24.6,1
101.28,40.39,29.34,81.19,1.97,152.9,45.07,0.557,19.3,0
39.02,62.76,68.72,27.14,0.72,159.34,69.91,0.945,11.9,0
61.66,78.92,2.0,47.65,3.27,131.84,73.94,0.58,26.9,0
76.89,182.15,34.6,10.0,4.16,230.92,46.75,0.772,23.0,1
150.07,55.47,107.87,10.0,4.19,177.53,64.68,0.683,29.6,1
5.0,56.73,91.56,26.05,4.16,178.5,45.12,0.646,25.6,0
86.51,84.82,27.38,42.03,0.44,154.67,59.32,0.704,3.9,0
165.22,93.51,127.66,10.0,9.21,240.38,69.17,0.99,21.6,1
177.83,119.7,10.0,35.8,1.47,166.97,79.55,0.742,29.9,1
176.16,99.48,136.93,105.98,0.5,342.89,57.95,0.536,9.5,1
139.71,102.54,,61.94,3.7,354.98,56.54,0.818,12.8,1
135.69,101.95,144.78,82.08,8.3,337.11,44.44,0.889,16.9,1
56.88,48.84,51.31,1.0,0.1,101.25,73.89,0.704,9.4,0
211.65,168.32,123.03,101.03,7.35,399.73,95.0,0.835,7.3,1
175.66,79.64,66.07,10.0,5.92,161.63,76.34,0.953,13.7,1
42.26,47.02,28.57,40.37,2.17,118.13,70.3,0.22,18.0,0
55.5,189.36,170.55,,1.92,460.81,59.51,0.748,16.7,1
150.24,117.49,65.67,122.17,7.11,312.43,43.03,0.823,16.0,1
68.12,17.9,51.72,67.78,1.14,138.54,74.28,0.814,3.9,0
136.85,129.53,151.4,12.79,2.84,296.56,65.85,0.619,14.9,1
50.55,49.41,32.02,14.72,1.81,97.96,48.27,0.848,20.2,0
60.86,53.84,59.86,56.72,1.25,171.67,57.23,0.579,14.5,0
297.19,210.4,110.23,138.88,11.97,471.49,80.58,0.99,18.0,1
109.39,80.67,95.25,86.09,5.66,267.67,67.3,0.537,9.0,1
57.76,167.83,79.55,16.57,6.12,270.07,71.73,0.681,9.8,1
53.5,33.59,41.9,52.84,2.39,130.72,54.67,0.519,10.2,0
121.79,30.87,70.96,27.79,1.52,131.13,60.29,0.623,26.1,0
42.01,94.3,69.68,30.84,0.77,195.59,54.12,0.631,24.6,0
120.08,149.27,152.96,75.41,7.71,385.35,57.79,0.634,13.4,1
93.43,61.87,48.14,68.25,2.5,180.76,45.45,0.683,2.8,0
57.69,98.41,39.51,1.61,0.43,139.97,56.97,0.843,9.6,0
61.23,2.0,37.05,43.89,2.08,85.02,76.97,0.7,4.9,0
24.15,103.88,18.74,32.73,0.36,155.7,69.73,0.611,12.9,0
132.13,65.69,42.83,27.12,1.17,136.8,51.93,0.98,18.0,0
20.0,110.94,85.78,121.75,5.22,323.69,66.03,0.621,12.2,1
11.78,36.97,64.9,1.0,0.75,103.62,48.48,0.489,23.5,0
73.1,77.54,10.0,146.09,2.99,236.62,49.73,0.848,20.9,1
77.64,57.82,31.17,34.73,1.76,125.49,52.39,0.685,25.6,0
71.0,71.77,46.97,19.18,1.91,139.84,30.0,0.599,9.2,0
22.82,62.25,34.66,24.76,2.17,123.84,40.69,0.287,15.7,0
15.87,31.31,47.72,53.15,0.41,132.59,64.03,0.556,19.8,0
88.45,86.2,65.6,1.0,2.25,155.04,46.47,0.727,12.4,0
80.2,17.11,64.38,24.47,1.6,107.56,64.87,0.72,1.2,0
38.86,24.59,65.03,26.38,0.0,115.99,57.64,0.694,13.0,0
81.93,181.04,157.22,97.89,1.06,437.21,56.81,0.721,8.4,1
8.78,40.71,37.53,26.86,2.48,107.58,70.79,0.593,8.4,0
17.61,63.61,32.42,27.15,2.65,125.82,45.61,0.879,14.7,0
86.44,60.95,37.74,44.27,3.72,146.68,62.75,0.583,13.8,0
35.46,135.05,11.07,226.34,6.8,379.26,71.08,0.934,8.4,1
97.21,26.13,189.24,142.44,0.96,358.77,79.14,0.691,13.5,1
93.45,153.45,151.69,67.65,3.01,375.8,52.13,0.605,18.2,1
110.04,117.41,10.0,140.85,5.23,273.48,,0.801,28.2,1
181.17,116.42,29.84,84.88,3.82,234.96,74.01,0.799,12.8,1
175.12,94.56,67.84,45.76,8.2,216.35,63.59,0.798,29.1,1
131.06,128.59,84.86,148.66,4.22,366.34,67.62,0.657,5.9,1
25.5,64.82,44.86,3.07,0.17,112.93,56.72,0.733,8.2,0
112.06,58.87,105.33,96.4,1.89,262.48,58.8,0.841,23.9,1
110.43,38.06,77.3,148.02,4.31,267.7,61.48,0.469,23.9,1
115.51,35.32,83.17,3.24,1.1,122.83,36.48,0.318,18.9,0
111.8,48.88,28.13,56.53,0.0,133.55,55.87,0.906,27.5,0
68.77,22.3,10.75,1.0,0.0,34.05,66.42,0.545,22.0,0
120.3,47.82,69.95,39.81,4.67,162.25,91.44,0.637,6.1,1
141.06,121.31,104.9,46.99,4.08,277.28,81.96,0.438,24.8,1
35.23,64.14,49.53,54.24,2.57,170.48,50.88,0.756,18.5,0
5.0,92.28,66.81,41.1,2.45,202.64,65.57,0.698,24.7,0
31.11,19.36,52.84,37.24,1.1,110.54,44.34,0.875,6.6,0
73.49,81.59,44.62,58.54,0.0,184.75,39.2,0.591,26.0,0
146.81,146.83,82.74,199.07,4.95,433.59,52.01,0.593,21.5,1
70.8,96.51,38.0,232.07,8.91,375.49,57.58,0.699,8.5,1
120.09,231.36,51.42,127.9,5.37,416.05,78.78,0.99,21.2,1
69.68,68.65,76.78,34.59,4.64,184.67,47.98,0.331,5.2,0
214.17,15.0,94.67,129.27,5.19,244.13,71.89,0.585,17.4,1
6.31,112.26,62.08,54.41,3.59,232.33,77.92,0.473,5.5,0
42.15,63.21,21.2,3.11,1.59,89.12,69.46,0.561,26.0,0
29.06,48.81,6.32,34.42,0.77,90.32,65.13,0.62,24.4,0
185.77,42.32,35.09,62.43,3.72,143.55,60.45,0.736,25.3,1
172.27,126.73,115.64,55.51,3.93,301.8,50.31,0.898,15.2,1
169.67,118.96,91.97,147.66,3.13,361.73,80.88,0.678,19.6,1
77.67,16.32,44.53,23.47,0.48,84.8,41.31,0.826,8.4,0
51.16,31.62,25.49,40.84,2.06,100.0,64.65,0.583,2.1,0
25.74,66.57,20.1,12.91,0.01,99.6,68.07,0.368,12.3,0
136.67,44.48,2.0,14.77,2.08,63.33,65.4,0.755,6.9,0
37.19,26.97,25.42,46.12,1.87,100.38,77.11,0.394,4.7,0
181.3,58.91,143.86,31.09,4.82,238.67,76.49,0.614,9.8,1
225.21,265.27,87.3,12.03,4.06,368.66,76.0,0.765,8.3,1
73.21,90.92,40.53,36.53,1.31,169.3,55.73,0.753,3.3,0
146.89,45.6,80.12,101.41,6.53,233.66,60.83,0.562,9.6,1
63.49,33.81,9.76,59.22,3.97,106.75,58.73,0.434,3.0,0
322.87,172.43,143.38,182.47,6.32,504.59,76.21,0.736,13.9,1
131.36,50.29,66.27,10.0,8.82,135.39,53.98,0.821,18.8,1
53.27,48.87,40.26,1.0,1.35,91.48,61.89,0.832,17.4,0
107.9,63.09,67.0,64.07,3.54,197.7,68.64,0.593,16.4,0
136.64,2.48,21.64,79.52,1.43,105.06,63.06,0.752,21.4,0
