供电量,售电量,用户数,变压器容量,平均负载率,低电压用户占比,运行年限,线路总长度,是否异常
41707.0,39941.0,213,315,0.944,0.0,19.3,3.67,0
59727.0,56209.0,214,630,0.419,0.047,20.6,3.93,0
,44774.0,140,100,0.438,0.074,20.5,1.02,0
26898.0,24776.0,133,315,0.709,0.052,4.8,0.61,0
23682.0,21563.0,227,315,0.816,0.003,12.5,1.59,0
55914.0,47769.0,205,630,0.832,0.081,24.1,3.35,1
,40872.0,190,400,0.407,0.048,11.5,1.69,0
35801.0,34129.0,238,800,0.2,0.076,5.5,3.19,0
26112.0,22223.0,232,630,0.466,0.207,22.0,5.9,1
10517.0,9177.0,190,200,0.668,0.094,7.7,3.12,1
27940.0,26382.0,167,400,0.655,0.04,19.2,1.75,0
35726.0,32861.0,196,800,0.669,0.026,19.9,1.58,0
61780.0,59211.0,114,100,0.538,0.002,5.9,3.17,0
45106.0,41628.0,183,400,0.2,0.023,2.4,4.12,0
74509.0,71126.0,230,100,0.499,0.011,10.6,4.36,0
45323.0,42874.0,194,400,0.552,0.049,4.3,3.92,0
15349.0,14248.0,46,800,0.706,0.078,13.2,1.55,0
57772.0,54329.0,288,100,0.684,0.028,5.0,4.44,0
60513.0,57854.0,120,500,0.617,0.0,20.4,1.04,0
27343.0,25357.0,221,630,0.223,0.0,7.1,2.38,0
50583.0,47739.0,201,200,,0.016,16.9,0.32,0
59485.0,55357.0,179,630,0.605,0.096,13.9,4.2,0
58631.0,53874.0,147,400,,0.078,7.9,1.54,0
23539.0,21609.0,222,500,0.616,0.023,13.2,0.56,0
44909.0,42826.0,161,630,0.643,0.031,8.1,0.92,0
30999.0,29304.0,274,100,0.672,0.017,5.8,0.91,0
46510.0,43212.0,99,500,0.383,0.048,10.7,1.35,0
49759.0,47143.0,238,315,0.533,0.086,2.5,2.11,0
68606.0,62233.0,209,315,0.703,0.017,4.3,3.63,1
53280.0,50509.0,271,100,0.829,0.067,17.7,2.31,0
38812.0,35818.0,106,315,0.446,0.089,14.3,3.18,1
31090.0,29520.0,160,800,0.571,0.003,18.5,0.32,0
18955.0,17395.0,188,100,0.614,0.057,14.4,1.69,1
57471.0,51114.0,30,500,0.491,0.102,20.8,2.01,1
64040.0,58412.0,173,200,0.66,0.02,16.7,5.19,1
82187.0,72358.0,183,500,0.567,0.13,13.4,3.94,1
38251.0,35135.0,258,315,0.708,0.076,9.9,2.98,0
47671.0,45187.0,176,315,0.52,0.075,7.8,3.78,0
24997.0,23249.0,206,200,0.432,0.029,15.8,3.07,0
62722.0,57783.0,278,630,0.781,0.047,3.2,3.57,0
38913.0,34666.0,201,100,0.76,0.058,3.2,1.56,1
51800.0,45807.0,120,800,0.93,0.065,7.4,1.06,1
34806.0,30696.0,184,630,0.614,0.015,18.6,4.43,1
59196.0,56115.0,181,800,0.696,0.011,,0.5,0
55571.0,50919.0,271,400,0.528,0.055,19.3,2.96,0
11914.0,10858.0,296,800,0.552,0.0,4.4,1.48,0
39046.0,37151.0,150,630,0.662,0.022,7.6,3.38,0
32910.0,31074.0,148,200,0.85,0.071,2.4,1.45,0
73738.0,69930.0,124,500,0.603,0.094,6.4,3.06,0
24659.0,22253.0,216,630,0.274,,12.2,3.58,1
45102.0,43055.0,328,315,0.546,0.085,16.4,2.46,0
47971.0,45809.0,120,200,0.443,0.007,11.9,3.69,0
46317.0,42869.0,245,315,0.288,,19.8,3.76,0
16993.0,14782.0,133,100,0.54,0.059,19.8,1.11,1
31780.0,29165.0,281,800,0.886,0.114,9.7,2.11,1
48448.0,43831.0,292,200,0.911,0.053,3.3,3.55,1
63421.0,59484.0,181,800,0.635,0.1,7.1,1.03,0
24828.0,22773.0,168,400,0.537,0.035,16.3,1.6,0
37403.0,34679.0,93,500,0.95,0.054,21.7,2.42,0
64608.0,59411.0,268,200,0.578,0.0,9.1,4.17,0
59571.0,55260.0,148,200,0.468,0.044,16.7,1.93,0
39727.0,35974.0,289,200,0.743,0.077,23.1,1.2,1
66580.0,61550.0,358,800,0.582,0.042,9.7,1.09,0
31724.0,28977.0,215,500,0.534,0.013,10.3,2.33,0
52118.0,49579.0,189,400,0.471,0.046,11.4,1.34,0
,31520.0,196,400,0.462,0.008,4.1,3.07,0
52332.0,45583.0,183,200,0.385,0.112,23.3,2.81,1
40886.0,35203.0,65,800,0.652,0.072,26.9,1.54,1
8000.0,6814.0,248,100,0.613,0.031,12.1,3.23,1
54428.0,47503.0,187,200,0.353,0.005,20.0,3.01,1
34570.0,30806.0,83,630,0.477,0.072,12.7,2.45,1
60966.0,58159.0,174,800,0.413,0.055,16.7,4.27,0
44480.0,38035.0,172,400,0.565,0.132,20.2,4.31,1
61473.0,52585.0,132,400,0.55,0.08,16.0,4.39,1
16979.0,15573.0,238,800,0.415,0.001,17.3,1.45,1
35179.0,32208.0,175,400,0.483,0.039,8.3,2.05,0
32986.0,30129.0,276,200,0.24,0.1,23.0,2.04,1
18435.0,16985.0,176,315,0.55,0.036,18.5,2.32,0
53691.0,50770.0,120,500,0.465,0.063,5.1,3.27,0
37916.0,35636.0,144,400,0.608,0.023,1.7,2.88,0
19336.0,16712.0,185,200,0.704,0.016,24.2,2.95,1
60349.0,54848.0,98,200,0.383,0.137,27.2,3.12,1
27940.0,26666.0,137,630,0.572,0.045,16.3,0.82,0
94369.0,81375.0,123,400,0.908,0.088,5.7,1.3,1
38148.0,35127.0,221,630,0.53,0.043,20.0,1.03,0
21486.0,20181.0,240,800,0.482,0.027,21.7,0.95,0
76401.0,,310,100,0.557,0.029,1.6,1.25,0
,37266.0,181,100,0.533,0.032,2.9,3.27,0
61222.0,52325.0,253,100,0.649,0.122,18.0,2.59,1
19211.0,17298.0,243,315,0.868,0.121,6.4,4.66,1
55510.0,49164.0,203,200,0.629,0.074,5.2,2.75,1
63139.0,59609.0,118,315,0.575,0.0,16.0,3.35,0
89969.0,79212.0,208,400,0.885,0.082,24.7,1.3,1
82893.0,77776.0,304,400,0.776,0.043,2.3,3.62,0
46461.0,40296.0,256,315,0.99,0.133,26.1,1.37,1
40994.0,39087.0,86,100,0.59,0.021,14.4,0.54,0
79576.0,71255.0,63,100,0.582,0.031,,3.79,1
42131.0,38694.0,44,100,0.503,0.007,23.7,3.75,1
20794.0,18758.0,132,100,0.393,0.023,22.9,1.61,1
17257.0,15950.0,132,400,0.708,0.072,12.6,0.34,0
,16506.0,123,200,0.659,0.045,20.0,3.24,0
45678.0,42304.0,223,400,0.661,0.024,1.7,3.47,0
8000.0,7611.0,201,800,0.483,0.073,14.6,2.18,0
17434.0,16240.0,197,400,0.584,0.018,16.5,0.97,0
36667.0,,119,200,0.41,0.061,21.0,1.96,0
62928.0,59509.0,226,100,0.639,0.052,15.0,3.24,0
12456.0,11172.0,151,800,0.99,0.076,11.6,4.49,1
44516.0,41879.0,109,800,0.466,0.0,2.3,3.46,0
54968.0,50511.0,172,400,0.669,0.017,12.5,4.32,0
60609.0,56490.0,196,400,0.495,0.037,16.3,4.35,0
22637.0,21510.0,31,315,0.523,0.048,17.1,4.36,0
25107.0,23570.0,221,630,0.505,0.058,14.1,2.5,0
23750.0,20816.0,248,400,0.811,0.105,15.7,2.38,1
15621.0,14904.0,189,200,0.796,0.0,9.0,1.58,0
41699.0,38604.0,129,100,0.658,0.041,16.2,2.82,0
34787.0,32890.0,210,630,0.597,0.072,17.2,4.47,0
36303.0,34315.0,116,800,0.575,0.037,1.8,1.78,0
48957.0,46113.0,126,500,0.692,0.024,10.5,1.05,0
53042.0,49368.0,285,200,0.688,0.043,15.1,2.77,0
29102.0,26591.0,151,800,0.442,0.061,12.7,0.63,0
52771.0,49150.0,119,315,0.534,0.046,12.9,1.56,0
24893.0,22679.0,111,315,0.35,0.084,1.8,3.08,0
44049.0,37897.0,176,400,0.281,0.039,11.0,4.8,1
46379.0,44284.0,150,800,0.223,0.0,16.3,2.88,0
44865.0,42554.0,171,400,0.561,0.0,14.7,2.79,0
61979.0,53459.0,56,800,0.846,0.007,17.3,4.04,1
60162.0,55433.0,217,100,0.429,0.0,3.3,3.99,0
73880.0,68476.0,211,800,0.326,0.037,19.9,2.18,0
37421.0,35391.0,244,800,0.651,0.075,,2.17,0
45802.0,41978.0,281,500,0.42,0.063,14.0,4.47,0
29728.0,28355.0,203,100,0.584,0.059,18.3,2.37,0
36647.0,33766.0,180,315,0.379,0.015,16.1,1.97,0
61308.0,54257.0,41,630,0.766,0.086,21.3,1.57,1
37493.0,34255.0,145,800,0.834,0.044,20.0,3.36,0
63293.0,57993.0,103,800,0.2,0.043,5.0,4.26,0
42345.0,40183.0,242,315,0.688,0.047,5.8,0.69,0
56440.0,,286,200,0.504,0.089,9.8,0.36,0
52063.0,,120,100,0.77,0.022,15.3,1.68,1
15404.0,13417.0,218,315,0.643,0.038,9.8,2.33,1
19079.0,16312.0,209,400,0.496,0.035,11.1,1.59,1
63477.0,60877.0,192,315,0.515,,1.3,1.99,0
38028.0,35301.0,201,500,0.468,0.101,9.8,0.96,0
20570.0,18565.0,63,315,0.612,0.0,4.8,1.35,1
47232.0,43360.0,30,400,0.504,0.119,2.6,3.31,0
25728.0,22528.0,65,800,0.729,0.069,24.9,1.62,1
89278.0,85208.0,104,500,0.501,0.023,18.0,4.48,0
48837.0,44604.0,95,100,0.635,0.002,11.1,3.14,0
34195.0,31166.0,274,400,0.728,0.059,14.9,0.34,0
47305.0,44070.0,47,400,0.401,0.042,8.6,2.06,0
45646.0,43287.0,151,400,0.291,0.112,21.2,2.81,0
28945.0,25686.0,87,500,0.445,0.067,8.1,2.18,1
40660.0,35587.0,155,200,0.592,0.048,9.6,3.73,1
20734.0,19011.0,217,200,0.508,0.071,10.6,2.75,0
69002.0,,170,630,0.436,0.133,9.9,4.67,1
43507.0,40042.0,279,315,0.653,0.059,21.7,4.0,0
80098.0,76278.0,358,400,0.506,0.081,3.2,1.83,0
64031.0,56632.0,120,800,0.501,0.174,18.5,5.4,1
51109.0,47960.0,204,630,0.469,0.061,16.0,2.41,0
74908.0,71551.0,151,100,0.602,0.038,2.8,1.66,0
46160.0,41771.0,200,315,0.413,0.042,14.9,2.82,1
32925.0,30146.0,258,500,0.489,0.055,24.2,4.12,1
43650.0,40557.0,30,200,0.329,0.05,1.1,1.6,0
46125.0,42838.0,118,800,0.357,0.057,3.5,3.49,0
39130.0,36177.0,136,400,0.567,0.05,8.0,2.43,0
53914.0,49437.0,63,200,0.544,0.05,6.1,0.9,0
23193.0,19824.0,38,400,0.714,0.093,16.0,5.48,1
27864.0,26074.0,119,500,0.602,0.008,18.8,0.41,0
11199.0,10287.0,213,400,0.727,0.068,3.1,3.93,1
62454.0,56890.0,191,315,0.674,0.05,2.0,2.53,0
42898.0,39313.0,202,315,0.99,0.078,20.4,3.68,1
30553.0,26499.0,308,630,0.524,0.022,4.3,1.49,1
21775.0,20054.0,116,400,0.381,0.051,19.3,4.3,0
20116.0,19020.0,118,500,0.337,0.0,5.4,1.19,0
21466.0,19007.0,133,100,0.52,0.097,15.4,5.13,1
15186.0,14448.0,126,400,0.272,0.042,10.1,4.21,0
26678.0,25232.0,144,315,0.576,0.002,10.3,3.86,0
8000.0,7341.0,241,500,0.3,0.038,15.0,2.92,0
17863.0,16822.0,130,400,0.625,0.064,15.8,4.36,0
38638.0,34901.0,109,100,0.726,0.066,15.0,4.5,1
37352.0,34547.0,290,500,0.462,0.084,4.3,1.9,0
58822.0,53280.0,30,400,0.454,0.0,8.1,5.0,1
30639.0,27163.0,54,800,0.497,0.111,22.8,4.99,1
43746.0,40183.0,276,400,0.413,0.059,18.2,0.88,0
37328.0,35603.0,275,400,0.551,0.057,16.5,0.43,0
40416.0,34631.0,169,800,0.536,0.081,17.0,3.73,1
46833.0,43020.0,208,100,0.519,0.036,20.7,5.32,1
,64098.0,170,200,0.45,0.132,2.4,4.48,0
54687.0,50335.0,228,400,0.687,0.092,21.5,2.3,1
57495.0,52707.0,159,400,0.712,0.06,12.6,3.71,0
15640.0,14824.0,181,100,0.671,0.076,3.6,4.3,0
31137.0,28827.0,212,630,0.742,0.0,14.8,3.96,0
50395.0,47670.0,113,200,,0.014,2.0,4.07,0
75046.0,68789.0,55,630,0.57,0.061,14.0,2.32,0
30060.0,28139.0,211,100,0.324,0.048,5.3,1.06,0
35906.0,32826.0,243,500,0.681,0.065,2.4,3.16,0
52918.0,49377.0,273,400,0.452,0.062,19.8,3.87,0
43053.0,37865.0,35,315,0.58,0.078,24.2,1.23,1
18159.0,16526.0,155,630,0.632,0.064,5.4,0.8,0
18941.0,17818.0,229,315,0.501,0.023,21.0,1.37,0
53635.0,45979.0,172,200,0.545,0.091,16.5,2.36,1
14220.0,12089.0,198,500,0.699,0.053,8.7,4.66,1
62454.0,56890.0,191,315,0.674,0.05,2.0,2.53,0
8000.0,7277.0,253,100,0.232,0.084,7.6,1.31,1
8000.0,7025.0,322,315,0.486,0.045,27.4,2.41,1
72260.0,68906.0,193,800,0.2,0.012,,4.06,0
27046.0,24148.0,156,630,0.741,0.0,,1.55,1
68293.0,64860.0,254,800,0.505,0.013,8.1,2.48,0
57419.0,52305.0,153,315,0.682,0.005,9.8,4.5,0
39053.0,35655.0,124,100,0.529,0.037,12.6,1.95,0
65153.0,62535.0,54,200,0.277,,17.0,1.84,0
11876.0,10624.0,89,400,0.442,0.066,18.7,5.16,1
82348.0,75768.0,254,500,0.99,0.024,24.3,1.61,1
48065.0,45370.0,116,100,0.481,0.098,7.6,1.5,0
36615.0,33433.0,66,800,0.297,0.015,6.1,0.37,0
38413.0,35689.0,246,100,0.312,0.0,19.9,1.39,0
8966.0,8149.0,331,315,0.864,0.0,6.6,2.2,1
62368.0,,178,200,0.492,0.032,10.4,5.47,1
43824.0,37973.0,193,200,0.714,0.044,13.6,2.22,1
61369.0,57089.0,117,400,0.607,0.08,7.8,0.5,0
43963.0,39686.0,249,100,0.665,0.026,8.9,4.36,1
54117.0,50771.0,115,800,0.785,0.027,16.0,3.06,0
74264.0,68066.0,132,400,0.769,0.018,,0.45,0
55240.0,50494.0,38,200,0.763,0.014,21.1,1.49,1
61535.0,57677.0,71,400,0.746,0.0,11.3,4.43,0
62295.0,58989.0,170,500,0.296,0.059,7.3,1.02,0
88645.0,83870.0,267,315,0.405,0.0,1.1,2.38,0
,35480.0,80,400,0.502,0.039,3.3,2.5,1
8000.0,7416.0,162,400,0.451,0.03,1.3,1.23,0
76402.0,72550.0,236,200,0.566,0.044,6.0,2.64,0
11054.0,9441.0,291,800,0.833,0.052,15.8,1.82,1
51978.0,48784.0,71,400,0.844,0.034,14.9,0.72,0
31235.0,27879.0,157,315,0.7,0.099,21.2,4.45,1
42595.0,39260.0,110,315,0.597,0.088,25.6,1.91,1
57346.0,54671.0,179,400,0.655,0.007,19.0,2.53,0
18606.0,17818.0,155,400,0.76,0.044,15.0,1.51,0
18274.0,16535.0,82,630,0.572,0.121,17.3,5.07,1
56935.0,52862.0,250,400,0.902,0.069,11.2,4.23,1
74318.0,63482.0,198,500,0.98,0.065,14.5,2.29,1
54447.0,,99,200,0.408,0.038,15.5,1.97,0
55472.0,48924.0,236,100,0.601,0.109,4.1,3.24,1
57459.0,53765.0,115,315,0.679,0.072,20.3,2.38,0
,28417.0,174,400,0.703,0.024,3.0,3.08,0
42186.0,39822.0,232,500,0.742,,13.7,3.85,0
35850.0,32950.0,159,630,0.765,0.0,9.3,0.57,0
62924.0,53681.0,265,630,0.774,0.065,25.6,5.81,1
37134.0,33581.0,204,200,0.589,0.087,5.7,4.3,1
109370.0,104702.0,245,500,0.474,0.07,9.0,3.48,0
46837.0,44335.0,139,500,0.419,0.06,22.0,2.81,0
52616.0,48005.0,137,315,0.643,0.041,5.5,3.87,0
57451.0,54573.0,126,315,0.466,0.004,2.6,2.99,0
78655.0,73814.0,215,400,0.52,0.063,4.6,1.73,0
56724.0,52653.0,203,100,0.536,0.0,16.8,4.4,0
37476.0,34203.0,199,100,0.566,0.037,15.5,4.45,0
34380.0,31496.0,136,630,0.736,0.082,17.9,1.23,1
19104.0,18267.0,174,100,0.556,0.021,18.8,2.93,0
36826.0,34115.0,48,800,0.3,0.165,3.9,1.48,1
68736.0,63432.0,305,500,0.898,0.068,15.9,3.66,1
37905.0,33119.0,257,630,0.487,0.037,8.8,2.7,1
27466.0,25240.0,311,315,0.639,0.08,7.7,1.41,0
25676.0,24502.0,233,630,0.456,0.058,15.2,0.78,0
40103.0,37838.0,136,630,0.343,0.06,4.7,1.53,0
28387.0,24868.0,272,315,0.614,0.056,25.0,3.3,1
18005.0,16409.0,105,400,0.923,0.042,22.4,1.03,1
70357.0,65655.0,30,800,0.613,0.042,8.2,1.33,0
58973.0,56412.0,86,800,0.372,0.017,4.5,0.4,0
8077.0,7390.0,130,400,0.449,0.097,12.5,0.52,0
72777.0,68476.0,170,630,0.642,0.013,15.7,2.96,0
45731.0,42080.0,171,500,0.607,0.004,19.6,1.28,0
19417.0,18537.0,201,400,0.468,0.045,5.0,4.38,0
25334.0,24201.0,115,400,0.383,0.037,4.5,2.9,0
45515.0,42205.0,159,630,0.5,0.006,16.7,2.04,0
8000.0,7438.0,44,800,0.534,0.0,3.0,2.75,0
25959.0,24141.0,277,800,0.514,0.05,8.4,4.29,0
50457.0,46881.0,176,500,0.812,0.115,16.9,3.31,1
68458.0,63820.0,199,500,0.309,0.0,2.7,1.32,0
65579.0,60124.0,173,200,0.639,0.012,10.7,2.36,0
54352.0,51334.0,244,630,0.376,0.065,21.7,0.5,0
17560.0,16726.0,337,500,,0.043,6.1,0.87,0
43501.0,38939.0,101,500,0.213,0.052,14.1,5.82,1
30052.0,26640.0,131,200,0.543,0.089,11.5,2.38,1
22225.0,20601.0,301,315,0.659,0.061,23.4,3.77,1
49603.0,45570.0,180,200,0.525,0.05,16.8,3.9,0
52521.0,50393.0,194,400,0.624,0.045,3.7,0.91,0
28530.0,25929.0,135,630,0.763,0.058,7.8,1.39,1
74446.0,65991.0,118,200,0.645,0.085,27.2,4.56,1
33910.0,31458.0,198,630,0.95,0.075,12.3,2.21,0
65628.0,60918.0,119,630,0.615,0.053,25.3,1.42,1
48117.0,45763.0,306,400,0.536,0.073,5.9,4.21,0
62809.0,57211.0,79,315,0.793,0.033,8.8,2.75,1
24857.0,23461.0,72,800,0.482,0.047,1.1,0.55,0
54181.0,50568.0,272,500,0.519,0.026,16.0,3.7,0
35907.0,33791.0,215,400,0.378,0.084,20.9,1.98,0
58645.0,54255.0,157,800,0.626,0.033,18.8,4.3,0
38686.0,34612.0,41,200,0.347,0.099,17.1,2.68,1
98469.0,88632.0,314,400,0.91,0.008,18.2,3.29,1
21930.0,19517.0,227,630,0.732,0.021,8.7,4.03,1
33179.0,31566.0,136,630,0.805,0.07,3.4,2.2,0
24493.0,21235.0,233,630,0.662,0.124,12.0,2.31,1
65183.0,59100.0,217,315,0.644,0.104,4.9,2.75,1
36651.0,34322.0,55,100,0.551,0.0,9.8,3.96,0
65395.0,61503.0,97,315,0.652,0.015,9.4,1.71,0
66359.0,60725.0,128,100,0.291,0.106,11.0,1.46,0
42390.0,39003.0,202,400,0.346,0.025,9.6,3.03,0
30732.0,28313.0,46,315,0.383,0.009,21.9,3.04,0
44899.0,41799.0,99,200,0.621,0.008,7.9,3.17,0
93591.0,87960.0,158,200,0.236,0.138,10.8,0.39,0
50293.0,42926.0,163,500,0.5,0.0,13.0,1.18,1
17560.0,16726.0,337,500,,0.043,6.1,0.87,0
37967.0,34774.0,83,400,,0.078,10.5,2.33,0
16007.0,14703.0,142,315,0.371,0.076,24.8,4.91,1
87609.0,,117,315,0.458,0.047,19.0,5.66,1
13308.0,11966.0,76,800,0.305,0.065,13.6,3.22,1
35856.0,33163.0,233,100,0.844,0.0,19.4,0.76,0
77170.0,74046.0,279,630,0.649,0.023,6.8,1.96,0
35357.0,31045.0,259,800,0.714,0.049,24.5,1.66,1
71778.0,67094.0,82,630,0.884,0.055,2.8,0.66,0
50180.0,46120.0,253,630,0.66,0.023,7.8,4.42,0
72966.0,66869.0,33,200,0.467,0.055,9.2,2.39,0
28802.0,25475.0,370,800,0.446,0.08,22.6,3.8,1
31978.0,29426.0,188,500,0.564,0.113,15.7,1.77,1
48593.0,46290.0,168,200,0.638,0.059,1.9,1.26,0
50759.0,47694.0,109,400,0.682,0.054,3.4,3.47,0
16011.0,15220.0,81,200,0.736,0.027,12.1,4.0,0
46306.0,41022.0,131,400,0.99,0.095,16.0,1.8,1
33481.0,32101.0,314,315,0.738,0.018,4.0,3.18,0
44522.0,40782.0,273,200,0.581,0.0,22.7,3.98,1
27892.0,24990.0,201,315,0.618,0.107,10.1,2.85,1
31090.0,29520.0,160,800,0.571,0.003,18.5,0.32,0
46055.0,43782.0,186,200,0.375,0.045,13.3,3.83,0
41372.0,39190.0,237,100,0.341,0.062,15.9,1.1,0
88030.0,84427.0,143,200,0.578,0.022,6.7,2.89,0
33737.0,31493.0,121,315,0.758,0.034,7.6,2.47,0
58680.0,53469.0,243,100,0.384,0.036,,2.64,0
62140.0,56359.0,49,500,0.581,0.107,13.0,1.91,1
42686.0,38031.0,274,630,0.527,0.051,12.5,5.88,1
31206.0,29537.0,205,500,0.824,0.013,4.6,2.09,0
30409.0,28118.0,115,200,0.802,0.04,1.3,1.57,0
48225.0,44722.0,232,400,0.626,0.02,21.6,2.12,0
48885.0,43351.0,43,500,0.63,,21.3,1.97,1
34764.0,33063.0,215,400,0.612,0.117,11.1,3.32,0
69530.0,66170.0,136,400,0.704,0.08,16.1,1.92,0
8000.0,7539.0,174,315,0.482,0.05,1.9,4.47,0
17214.0,14686.0,109,400,0.76,0.132,22.5,2.46,1
48012.0,44621.0,187,630,0.608,0.02,8.0,2.58,0
38267.0,35630.0,183,800,0.75,0.065,2.1,0.64,0
16385.0,14728.0,134,800,0.63,0.076,20.2,5.14,1
17160.0,16083.0,176,400,0.772,0.022,4.6,3.05,0
40754.0,36685.0,104,200,0.348,0.031,14.7,3.23,1
8000.0,7388.0,110,200,0.474,0.099,4.6,3.89,1
35103.0,33231.0,164,200,0.615,0.012,8.1,2.89,0
43564.0,40947.0,235,100,0.519,0.032,14.3,4.1,0
39730.0,36491.0,235,100,0.456,0.0,6.6,2.26,0
49597.0,46827.0,166,630,0.406,0.068,5.3,2.6,0
28829.0,27348.0,257,630,0.89,0.03,8.4,3.86,0
43318.0,39731.0,254,200,0.422,0.092,21.8,5.34,1
45955.0,43984.0,173,400,0.519,0.047,3.9,2.23,0
46226.0,44369.0,151,800,0.572,0.096,12.3,1.46,0
48793.0,45350.0,104,630,0.744,0.106,9.4,4.22,1
30095.0,27365.0,229,400,0.734,0.029,8.4,1.31,1
78086.0,73464.0,179,315,0.665,0.009,1.3,4.09,0
60798.0,55687.0,190,100,0.488,0.043,11.9,0.62,0
37491.0,33151.0,100,200,0.891,0.103,16.0,1.97,1
62479.0,55441.0,179,400,0.83,0.123,10.5,1.34,1
61769.0,54075.0,192,630,0.471,0.075,13.3,1.18,1
62715.0,57451.0,269,400,0.616,0.0,10.9,2.84,0
27480.0,24134.0,237,630,0.482,0.053,26.5,5.36,1
50016.0,45390.0,116,315,0.714,0.046,21.3,2.13,1
68201.0,63159.0,288,630,0.485,0.112,4.2,1.82,0
46996.0,41579.0,160,630,0.777,0.112,25.0,3.59,1
18907.0,16889.0,93,800,0.557,0.0,20.8,4.18,1
30827.0,28609.0,144,630,0.315,0.067,1.6,3.69,0
22265.0,19666.0,127,800,0.806,0.115,11.4,5.69,1
36736.0,33616.0,152,400,0.785,0.044,1.7,0.54,0
48055.0,44790.0,155,500,0.466,0.016,2.8,2.42,0
18794.0,17651.0,102,800,0.417,0.025,2.6,3.77,0
59502.0,55306.0,323,800,0.427,0.066,8.5,2.39,0
56519.0,53651.0,267,100,0.478,0.074,18.5,3.06,0
53875.0,50026.0,129,400,0.804,0.034,9.5,3.83,0
14805.0,13655.0,147,400,0.723,0.084,7.9,4.19,0
31178.0,29904.0,204,630,0.543,0.041,10.0,2.72,0
49580.0,46087.0,72,100,0.2,0.123,17.9,5.21,1
17375.0,16526.0,192,400,0.599,0.019,4.5,0.54,0
66103.0,63170.0,180,400,0.51,0.042,8.1,1.04,0
22053.0,20487.0,30,100,0.757,0.106,22.2,1.97,1
10972.0,10150.0,157,500,0.623,0.03,18.1,3.23,0
49481.0,46682.0,106,630,0.82,0.0,13.1,2.42,0
39510.0,33835.0,209,630,0.567,0.091,21.8,3.09,1
74808.0,69015.0,210,800,0.379,0.0,7.8,4.02,0
35411.0,32429.0,196,630,0.619,0.013,19.3,2.18,0
47998.0,42040.0,258,500,0.482,0.078,7.0,4.13,1
19250.0,17673.0,93,200,0.377,0.026,7.8,1.12,0
20927.0,19686.0,281,800,0.556,0.037,17.5,2.44,0
40567.0,37404.0,99,100,0.65,0.058,13.1,1.12,0
16668.0,15668.0,214,500,0.33,0.034,20.2,2.51,0
40476.0,34879.0,271,500,0.488,0.054,26.0,1.39,1
32041.0,30714.0,120,315,0.642,0.063,10.9,2.79,0
69860.0,65539.0,88,630,0.49,0.039,9.5,0.45,0
35150.0,30387.0,178,315,0.668,0.141,26.3,4.75,1
45058.0,38785.0,217,100,0.577,0.0,8.1,1.54,1
23748.0,20726.0,148,315,0.238,0.047,8.7,3.34,1
51800.0,44177.0,235,100,0.492,0.113,25.5,3.08,1
54273.0,51298.0,75,800,0.366,0.034,2.6,1.89,0
56791.0,51912.0,93,500,0.568,0.01,17.6,5.99,1
37278.0,35187.0,231,200,0.577,0.049,6.5,3.22,0
22090.0,20450.0,91,630,0.41,,5.0,1.96,0
27152.0,25849.0,300,800,0.302,0.058,14.6,2.95,0
22209.0,20951.0,166,100,0.683,0.044,19.7,2.68,0
38409.0,35186.0,250,400,0.562,0.018,4.2,0.46,0
42539.0,40768.0,183,100,0.482,0.0,19.4,1.06,0
66492.0,61811.0,167,800,0.403,,16.1,1.27,0
29151.0,27282.0,199,400,0.583,0.06,10.2,3.63,0
40621.0,37053.0,110,200,0.571,0.103,16.2,3.79,1
66022.0,62897.0,301,315,0.453,0.032,7.8,1.35,0
60103.0,53796.0,195,500,0.615,0.048,19.7,3.33,1
18196.0,17324.0,228,630,0.536,0.053,10.6,3.75,0
30630.0,29164.0,30,315,0.627,0.019,9.5,2.34,0
49262.0,44982.0,69,100,0.568,0.121,1.7,1.81,0
,28085.0,92,800,0.585,0.008,1.7,1.69,0
36493.0,34097.0,136,100,0.504,0.105,11.0,3.15,0
54968.0,48996.0,276,500,0.509,0.035,10.0,2.57,1
47041.0,44621.0,73,200,0.393,0.008,19.6,2.15,0
45635.0,42598.0,310,315,0.615,0.025,9.6,1.76,0
48998.0,44149.0,209,630,,0.088,3.2,5.14,1
50974.0,45789.0,213,400,0.459,0.04,23.1,5.54,1
69724.0,64687.0,292,800,0.479,0.094,12.8,2.21,0
32503.0,31192.0,314,200,0.514,0.044,13.2,1.53,0
40569.0,35710.0,167,200,0.99,0.034,4.5,4.65,1
33293.0,30960.0,248,200,0.445,0.143,17.1,4.07,1
59624.0,52851.0,245,100,0.383,0.029,7.0,5.39,1
46728.0,42384.0,313,100,0.57,0.083,22.7,3.55,1
35160.0,32490.0,184,200,0.447,0.032,17.5,2.24,0
51230.0,46705.0,30,630,0.627,0.055,8.3,0.47,0
73186.0,64783.0,115,315,0.48,0.135,19.3,2.97,1
64488.0,61691.0,116,200,0.564,0.073,9.4,1.46,0
69556.0,60355.0,226,630,0.622,0.098,5.2,5.5,1
42205.0,39449.0,159,800,0.651,0.062,18.3,2.83,0
32992.0,30518.0,75,500,0.589,0.056,13.3,0.8,0
52248.0,49341.0,150,400,0.611,0.081,7.5,4.0,0
42072.0,39293.0,194,315,0.746,0.075,14.1,0.76,0
29119.0,27907.0,245,500,0.411,0.06,16.7,2.3,0
42095.0,37689.0,226,500,0.917,0.087,4.6,3.56,1
45737.0,43337.0,117,400,0.659,0.022,,4.25,0
10996.0,10092.0,114,200,0.745,0.042,17.0,3.04,1
29489.0,27311.0,108,315,0.553,0.07,6.5,1.96,0
27128.0,24812.0,257,315,0.582,0.015,27.1,3.34,1
39198.0,36438.0,216,800,0.35,0.119,24.0,1.47,1
73299.0,66773.0,170,200,0.908,0.091,24.2,4.58,1
67416.0,63199.0,113,200,0.936,0.032,5.9,1.08,0
67704.0,64890.0,270,100,0.515,0.022,9.8,4.24,0
71665.0,68472.0,288,200,0.562,0.043,18.3,0.97,0
70683.0,66744.0,259,630,0.505,0.015,10.9,3.21,0
68824.0,65656.0,256,630,0.285,0.043,16.3,2.31,0
63964.0,58722.0,156,400,0.529,0.082,11.7,1.0,0
60026.0,57424.0,222,100,0.741,0.015,7.8,2.83,0
15803.0,14917.0,191,630,0.35,0.027,21.5,1.81,0
46117.0,42942.0,316,800,0.431,0.03,20.9,3.66,0
48734.0,44675.0,245,400,0.314,0.034,14.5,3.6,0
54221.0,49239.0,165,800,0.549,0.118,21.4,5.4,1
76161.0,71056.0,286,630,0.7,0.12,13.8,2.54,0
44693.0,41397.0,168,800,0.649,0.072,9.3,1.77,0
43360.0,41356.0,216,315,0.38,0.051,10.9,2.16,0
48262.0,46241.0,90,630,0.631,0.054,2.4,2.81,0
40445.0,38072.0,211,500,0.38,0.024,7.2,3.0,0
58272.0,55026.0,263,500,0.472,0.052,21.3,2.18,0
41529.0,37998.0,132,800,0.562,0.053,3.8,4.37,0
49701.0,45675.0,287,400,0.423,0.026,6.4,3.26,0
13764.0,12846.0,193,800,0.667,0.01,9.3,4.01,0
38395.0,35778.0,30,315,0.335,0.029,6.9,1.87,0
11714.0,9989.0,99,100,0.803,0.0,,1.98,1
84086.0,76689.0,30,315,0.645,0.087,21.7,3.34,0
89017.0,77878.0,400,800,0.591,0.052,24.5,1.9,1
17989.0,16778.0,271,315,0.419,0.0,21.8,1.08,0
27587.0,24142.0,224,800,0.613,0.043,13.6,4.59,1
27381.0,25434.0,120,630,0.558,0.065,11.3,4.01,1
43805.0,40919.0,240,315,0.478,0.0,2.3,1.46,0
43340.0,37824.0,218,200,0.753,0.097,18.2,3.98,1
17395.0,16266.0,157,800,0.634,0.0,12.2,2.69,0
49415.0,42680.0,250,630,0.876,0.078,26.3,3.89,1
34644.0,32008.0,230,200,0.586,0.021,12.8,3.15,0
15806.0,14546.0,216,100,0.344,0.034,5.3,1.42,1
70190.0,64005.0,233,100,0.622,0.014,13.7,2.2,0
34088.0,29346.0,241,100,0.7,0.051,20.5,3.72,1
39747.0,36285.0,107,315,0.93,0.079,9.3,3.75,1
32426.0,30875.0,119,315,0.39,0.04,19.6,1.56,0
38201.0,34179.0,220,400,0.92,0.0,22.5,3.22,1
26360.0,24145.0,174,200,0.454,0.035,4.5,4.24,0
46570.0,44622.0,167,100,0.656,0.056,1.7,2.53,0
57314.0,53376.0,263,315,0.371,0.03,15.9,4.37,0
40239.0,38327.0,98,800,0.585,0.053,1.2,0.88,0
48262.0,46241.0,90,630,0.631,0.054,2.4,2.81,0
53954.0,,175,200,0.655,0.027,21.9,4.98,1
17908.0,,193,315,0.845,0.027,22.9,2.67,1
45231.0,42389.0,169,630,0.49,0.006,19.6,0.36,0
69647.0,64201.0,152,500,0.712,0.047,26.3,5.67,1
38033.0,34949.0,168,315,0.408,0.097,11.2,0.53,0
34302.0,32640.0,240,800,0.62,0.009,18.9,3.39,0
49106.0,47137.0,258,200,0.458,0.034,10.6,2.49,0
51418.0,47730.0,151,800,0.892,0.105,9.3,1.83,1
46463.0,44427.0,99,400,0.208,0.1,18.8,1.42,0
59677.0,51874.0,226,500,0.65,0.064,9.7,1.14,1
44022.0,38576.0,239,800,0.595,0.061,27.3,2.76,1
76908.0,68196.0,175,200,0.623,0.058,15.5,1.13,1
28770.0,26374.0,159,200,0.527,0.02,18.3,1.03,0
34570.0,30806.0,83,630,0.477,0.072,12.7,2.45,1
38409.0,35394.0,221,500,0.595,0.042,7.3,2.71,0
49066.0,44596.0,227,100,0.211,0.063,11.6,2.38,1
33312.0,30111.0,150,100,0.482,0.0,13.8,5.75,1
58866.0,56315.0,195,200,0.918,0.006,5.4,3.98,0
32328.0,29740.0,220,400,0.617,0.059,14.2,3.84,0
75437.0,67253.0,250,100,0.396,0.025,26.1,4.33,1
43536.0,39759.0,198,800,0.447,0.027,13.3,3.49,0
33182.0,31720.0,110,100,0.444,0.018,20.9,3.72,0
50102.0,43917.0,201,630,0.47,0.064,21.8,5.75,1
22707.0,21362.0,228,800,0.744,0.041,8.6,4.28,0
68230.0,61136.0,222,630,0.361,0.136,14.8,3.89,1
45109.0,39342.0,146,800,0.667,0.011,3.3,1.76,1
42284.0,40463.0,165,100,0.651,0.033,20.0,3.7,0
39081.0,36347.0,171,630,0.275,0.059,2.2,3.36,0
83114.0,76478.0,170,400,0.748,0.006,2.5,4.44,0
52107.0,49342.0,112,630,0.487,0.025,19.4,1.3,0
42338.0,36012.0,70,400,0.635,0.0,5.2,2.54,1
63769.0,58584.0,90,800,0.602,0.076,27.9,4.54,1
56283.0,51239.0,219,800,0.679,0.059,6.5,0.33,0
18960.0,17462.0,196,500,0.596,0.053,13.7,1.78,0
17956.0,15528.0,171,800,0.495,0.14,15.1,4.32,1
27686.0,25404.0,210,315,0.579,0.095,17.3,4.48,0
42738.0,40050.0,189,400,0.348,0.024,18.6,2.36,0
50789.0,47045.0,198,200,0.389,0.088,1.0,2.65,0
8000.0,7439.0,30,200,0.538,0.0,2.3,3.59,0
33453.0,32081.0,263,100,0.672,,7.7,4.09,0
49555.0,44994.0,216,100,0.798,0.056,8.9,2.91,1
43021.0,36722.0,49,800,0.528,0.168,27.5,1.72,1
45143.0,39568.0,238,315,0.615,0.055,4.6,2.46,1
22978.0,19642.0,102,400,0.617,0.082,8.7,5.53,1
38672.0,35536.0,200,100,0.356,0.057,19.9,2.69,0
72582.0,62261.0,149,200,0.81,0.099,5.7,5.69,1
79353.0,75850.0,182,800,0.534,0.006,20.8,4.26,0
62688.0,55646.0,234,400,0.424,0.117,17.5,2.81,1
48301.0,46122.0,157,800,0.628,0.024,7.8,2.86,0
45753.0,42682.0,192,400,0.611,0.027,4.9,3.04,0
20751.0,18994.0,227,500,0.466,0.067,8.9,2.85,0
23912.0,22591.0,95,315,0.469,0.005,7.0,0.42,0
29497.0,25204.0,136,630,0.698,0.042,25.9,4.33,1
58085.0,,98,400,0.782,0.047,5.6,1.93,0
22182.0,20789.0,209,500,0.591,0.09,,2.37,0
74580.0,69949.0,167,200,0.452,0.047,3.0,3.34,0
72415.0,63674.0,99,100,0.669,0.14,13.4,2.89,1
24253.0,20664.0,123,315,0.623,0.095,15.8,2.75,1
28712.0,25997.0,60,200,0.807,0.121,5.8,3.84,1
47289.0,45036.0,268,315,0.623,0.041,17.4,0.35,0
38519.0,35711.0,213,630,0.516,0.074,13.2,1.22,0
19441.0,16861.0,183,500,0.661,0.076,19.4,3.91,1
45325.0,41795.0,229,400,0.357,0.058,1.0,0.98,0
41292.0,36128.0,207,400,0.714,0.102,3.1,3.55,1
59646.0,53031.0,123,200,0.674,0.027,17.7,1.9,1
49995.0,44488.0,160,315,0.489,0.143,20.9,5.56,1
67584.0,62633.0,196,400,0.35,0.029,4.7,2.88,0
23911.0,21975.0,207,630,0.485,0.113,12.8,2.6,0
41889.0,39856.0,91,200,0.5,0.072,21.7,1.33,0
16531.0,15780.0,197,100,0.639,0.024,3.6,3.57,0
25081.0,22917.0,134,400,0.513,0.059,16.9,5.32,1
35531.0,32562.0,89,630,0.412,0.084,21.2,4.35,1
44279.0,40496.0,178,400,0.609,0.047,14.1,2.58,0
40930.0,38559.0,211,315,0.567,0.074,16.1,3.25,0
8000.0,7493.0,208,400,0.392,0.028,20.2,2.54,0
46666.0,42844.0,171,315,0.574,0.03,5.5,1.61,0
68072.0,63103.0,245,500,0.448,0.084,13.0,3.74,0
28990.0,26570.0,253,630,0.517,0.008,3.8,0.48,0
70871.0,67046.0,254,100,0.459,0.064,16.3,3.45,0
68578.0,60133.0,110,500,0.612,0.121,10.8,1.84,1
54792.0,48723.0,142,500,0.463,0.036,22.0,1.04,1
56128.0,49441.0,65,200,0.283,0.047,21.5,1.48,1
45087.0,42809.0,309,200,0.582,0.058,9.1,0.99,0
44118.0,41641.0,229,630,0.51,0.051,17.1,4.07,0
44628.0,40989.0,215,315,0.648,0.047,3.2,3.05,0
65475.0,55723.0,138,400,0.766,0.143,23.0,2.46,1
33166.0,31071.0,195,400,0.466,0.021,16.8,3.34,0
16097.0,14442.0,52,200,0.404,0.0,12.3,5.33,1
53471.0,50426.0,211,500,0.265,0.033,9.3,2.21,0
47126.0,42643.0,51,630,0.691,0.039,18.3,4.94,1
84674.0,80988.0,225,500,0.487,0.018,20.0,1.02,0
54636.0,50345.0,344,100,0.483,0.08,1.7,0.66,0
47920.0,41530.0,243,800,0.303,0.004,4.3,2.69,1
21638.0,18524.0,261,630,0.486,0.011,3.9,4.62,1
25391.0,23506.0,76,200,0.989,0.068,25.0,5.62,1
18111.0,16734.0,229,200,0.469,0.057,3.9,1.5,0
,16506.0,123,200,0.659,0.045,20.0,3.24,0
28174.0,26301.0,244,630,0.656,0.027,,1.18,0
62939.0,57618.0,202,500,0.915,0.047,22.0,1.34,0
70213.0,65265.0,253,315,0.473,0.053,10.5,1.98,1
63286.0,58630.0,172,500,0.577,0.048,8.0,1.33,0
47624.0,44889.0,149,200,0.55,0.06,20.5,3.37,0
28416.0,27080.0,280,630,0.273,0.024,7.8,3.61,0
25546.0,23928.0,177,400,0.626,0.07,18.9,2.67,0
41337.0,38103.0,163,400,0.405,0.06,16.7,3.49,0
50728.0,48395.0,146,400,0.499,0.007,19.3,4.42,0
50890.0,48141.0,200,500,0.55,0.012,2.4,2.13,0
49669.0,,223,200,0.471,0.065,10.5,1.39,0
30586.0,27843.0,165,200,0.613,0.071,16.8,4.27,0
29738.0,27313.0,253,200,0.727,0.064,21.9,2.57,0
52722.0,45612.0,137,100,0.673,0.056,12.6,4.93,1
12451.0,10714.0,222,400,0.582,0.123,21.6,2.5,1
26568.0,24606.0,196,100,0.857,0.096,5.7,4.13,1
21479.0,19907.0,115,315,0.402,0.031,17.6,0.53,0
50083.0,45221.0,30,200,0.689,0.084,9.5,2.51,1
21211.0,20121.0,236,315,0.442,0.036,2.0,3.48,0
65307.0,60631.0,170,400,0.683,0.03,17.7,0.48,0
68349.0,63431.0,211,315,0.309,0.037,13.2,3.05,0
29588.0,26988.0,146,400,0.207,0.041,6.3,2.73,0
37606.0,34142.0,200,200,0.464,0.09,11.8,4.79,1
69844.0,61328.0,181,800,0.759,0.096,16.4,2.11,1
27314.0,25256.0,144,100,0.524,0.066,7.1,2.83,0
61489.0,57489.0,44,315,0.531,0.004,14.4,3.68,0
20222.0,18467.0,216,800,0.652,0.063,21.2,1.47,0
50277.0,42827.0,184,500,0.692,0.097,4.1,2.45,1
60358.0,55023.0,247,500,0.563,0.039,12.4,1.59,0
32089.0,29413.0,120,800,0.805,0.003,15.6,2.32,0
40267.0,35407.0,169,630,0.675,0.121,17.1,3.22,1
34828.0,29761.0,184,800,0.887,0.13,23.7,2.78,1
38889.0,36767.0,213,800,0.693,0.086,12.8,2.04,0
38169.0,35510.0,186,400,0.524,0.048,13.3,1.25,0
39527.0,33870.0,120,630,0.762,0.036,8.7,4.2,1
32624.0,30464.0,242,315,0.411,0.031,7.4,2.52,0
42686.0,38031.0,274,630,0.527,0.051,12.5,5.88,1
31302.0,29766.0,254,630,0.304,0.0,18.1,4.16,0
29255.0,27127.0,187,800,0.537,0.058,1.2,3.16,0
36749.0,34121.0,216,100,0.396,0.058,4.6,2.79,0
8000.0,7220.0,184,100,0.387,0.101,25.4,3.87,1
55457.0,48914.0,259,200,0.956,0.143,6.1,5.43,1
8000.0,7368.0,120,630,0.456,0.05,14.2,3.42,1
20016.0,19137.0,102,315,0.721,0.073,19.0,4.19,0
50743.0,47214.0,123,630,0.444,0.056,6.5,2.37,0
56607.0,51587.0,186,315,0.693,0.002,16.2,1.77,0
31137.0,28827.0,212,630,0.742,0.0,14.8,3.96,0
34722.0,32141.0,159,315,0.677,0.133,22.4,1.72,1
23392.0,20668.0,156,315,0.921,0.11,23.3,2.56,1
52445.0,50200.0,348,630,0.69,0.107,19.2,1.41,0
8000.0,6999.0,128,800,0.659,0.104,4.7,4.74,1
8000.0,7285.0,94,400,0.605,0.037,11.4,1.02,0
28174.0,26631.0,186,200,0.503,0.046,16.2,2.89,0
39974.0,37543.0,53,315,0.355,0.0,17.6,2.87,0
52599.0,44733.0,216,400,0.607,0.083,6.4,1.26,1
44061.0,37794.0,150,800,0.428,0.099,19.0,1.56,1
8000.0,7607.0,232,400,0.356,0.0,6.3,2.52,0
13515.0,11952.0,155,630,0.76,0.069,22.8,3.24,1
52599.0,45749.0,48,100,0.456,0.095,5.3,5.11,1
40820.0,37837.0,376,630,0.628,0.017,15.5,2.96,0
46361.0,40486.0,179,800,0.657,0.084,14.5,2.22,1
14322.0,13132.0,135,100,0.559,0.063,17.2,1.77,1
42257.0,37894.0,85,800,0.632,0.072,8.6,5.09,1
31783.0,27148.0,194,400,0.708,0.027,6.6,4.03,1
51398.0,47309.0,263,630,0.488,0.048,18.6,2.29,0
38738.0,33248.0,162,800,0.756,0.068,8.2,1.56,1
45450.0,43502.0,285,630,0.778,0.0,16.7,2.73,0
25543.0,23713.0,221,400,0.7,0.103,11.2,5.07,1
23087.0,20524.0,305,400,0.563,0.01,9.9,4.13,1
50854.0,46502.0,174,100,0.499,0.049,21.0,0.91,0
60216.0,56617.0,189,800,0.558,0.082,14.3,3.07,0
37245.0,34656.0,212,800,0.256,0.035,3.0,4.09,0
46711.0,44100.0,218,630,0.412,0.051,3.0,2.24,0
64270.0,60385.0,137,200,0.413,0.004,2.2,2.32,0
42391.0,39374.0,153,315,0.2,0.052,5.5,0.41,0
58465.0,50749.0,177,200,0.592,0.08,6.7,3.33,1
75025.0,68661.0,107,315,0.644,0.046,1.6,0.64,0
19146.0,16326.0,272,315,0.619,0.047,4.5,1.44,1
71873.0,66195.0,211,315,0.489,0.058,13.9,4.27,0
49220.0,46479.0,63,200,0.671,0.046,4.8,0.36,0
29897.0,27414.0,178,315,0.855,0.106,12.8,4.12,1
38785.0,35946.0,104,500,0.95,0.081,8.4,1.39,0
76365.0,67827.0,142,315,0.796,0.036,8.8,4.9,1
22529.0,21201.0,219,800,0.484,0.104,7.8,0.43,0
43410.0,40951.0,239,200,0.571,0.041,14.0,3.26,0
88170.0,82160.0,248,800,0.322,0.102,9.1,3.78,0
23306.0,21862.0,204,630,0.434,0.003,16.5,2.28,0
45414.0,40843.0,254,800,0.695,0.137,26.8,5.82,1
64383.0,59663.0,194,800,0.398,0.026,1.4,0.55,0
13733.0,12728.0,257,500,0.625,0.087,27.2,3.82,1
56536.0,52462.0,220,500,0.547,0.066,2.2,3.82,0
36435.0,30991.0,171,800,0.512,0.075,24.4,1.05,1
77620.0,68847.0,245,500,,0.079,26.0,1.09,1
67621.0,64435.0,150,400,0.785,0.031,12.4,3.74,0
21260.0,19761.0,297,100,0.53,0.001,13.2,3.6,0
44030.0,40616.0,400,100,0.78,0.072,12.0,0.51,0
57258.0,53353.0,212,500,0.772,0.0,6.3,1.61,0
,48848.0,210,400,0.541,0.077,20.1,4.79,1
44647.0,41644.0,110,800,0.79,0.05,12.9,1.53,0
40356.0,38589.0,189,100,0.52,0.053,1.9,2.18,0
46196.0,41161.0,226,630,0.752,0.144,20.9,2.03,1
22218.0,20267.0,205,630,0.548,0.133,20.5,2.72,1
8000.0,7519.0,166,500,0.66,0.023,11.5,3.34,0
67881.0,63151.0,181,400,0.391,0.038,5.8,0.82,0
58718.0,56293.0,204,315,0.607,0.044,3.3,3.45,0
21899.0,19958.0,152,400,0.595,0.028,20.9,2.01,0
37582.0,35674.0,244,500,0.561,0.022,17.0,3.38,0
41736.0,36936.0,262,315,0.626,0.084,19.2,3.2,1
13731.0,12427.0,30,630,0.755,0.115,20.9,3.4,1
52416.0,45791.0,298,630,0.559,0.08,21.6,4.34,1
54375.0,50119.0,263,315,0.798,0.044,4.7,1.98,0
43736.0,39886.0,238,100,0.538,0.121,19.8,4.32,1
52223.0,49696.0,299,630,0.443,0.037,4.9,4.08,0
15186.0,13129.0,46,315,0.802,0.136,9.2,3.64,1
19539.0,17027.0,194,200,0.741,0.106,16.2,3.17,1
64544.0,60618.0,86,400,0.714,0.034,14.6,3.05,0
81808.0,76025.0,337,500,0.565,0.032,9.6,4.37,0
28107.0,25040.0,424,315,0.732,0.076,11.7,2.23,1
83654.0,79154.0,219,200,0.464,0.03,21.5,0.8,0
45960.0,42412.0,160,800,0.633,0.088,19.7,3.48,0
70463.0,64202.0,99,315,0.713,0.049,5.1,4.33,0
12105.0,10927.0,176,315,0.633,0.072,8.4,5.32,1
53573.0,47959.0,287,400,0.638,0.093,13.5,1.6,1
44901.0,41018.0,241,315,0.648,0.122,19.8,2.91,0
35294.0,32309.0,197,400,0.583,0.026,8.9,1.0,0
35576.0,31478.0,181,100,0.449,0.06,17.5,3.7,1
70354.0,61792.0,187,100,0.779,0.051,26.0,2.33,1
33683.0,30680.0,143,800,0.5,0.033,7.8,0.59,0
88580.0,84660.0,119,630,0.689,0.02,16.4,3.72,0
26348.0,24420.0,152,500,0.534,0.0,21.2,3.48,1
26929.0,24672.0,181,500,0.536,0.106,17.2,1.14,0
45950.0,43592.0,302,100,0.53,0.051,12.9,1.81,0
50397.0,45974.0,159,800,0.376,0.022,7.4,4.45,0
,33518.0,98,100,0.57,0.106,23.3,4.71,1
59282.0,54082.0,113,400,0.557,0.068,6.8,1.6,0
30459.0,26325.0,178,630,0.448,0.113,4.7,3.82,1
41603.0,36106.0,77,200,0.576,0.079,24.8,3.24,1
46280.0,42748.0,160,200,0.459,0.041,15.4,2.89,0
75141.0,69671.0,41,500,0.225,0.013,17.9,1.58,1
26850.0,25098.0,103,100,0.36,0.075,11.5,3.89,0
27445.0,25030.0,254,100,0.562,0.054,18.5,0.62,0
21514.0,19871.0,288,630,0.577,0.016,19.8,1.8,0
62442.0,58108.0,223,630,,0.051,2.8,2.0,0
22645.0,20656.0,227,315,0.687,0.023,14.7,3.85,0
55624.0,52718.0,269,100,0.428,0.004,13.5,3.45,0
69145.0,64694.0,63,500,0.608,0.073,15.4,2.75,0
47041.0,44621.0,73,200,0.393,0.008,19.6,2.15,0
35942.0,34499.0,164,200,0.441,0.003,19.3,0.48,0
36466.0,34900.0,271,200,0.486,0.025,3.8,1.37,0
29225.0,26939.0,197,630,0.56,0.025,26.9,1.33,1
64847.0,62193.0,110,500,0.346,0.005,18.0,2.2,0
59933.0,55590.0,76,315,0.408,0.049,11.7,1.07,0
58400.0,51956.0,182,315,0.795,0.076,7.0,1.08,1
62310.0,57936.0,157,500,0.687,0.023,12.6,0.49,0
32156.0,30108.0,171,500,0.516,0.019,1.1,0.93,0
39569.0,34095.0,128,500,0.264,0.091,6.4,1.36,1
60761.0,52112.0,184,400,0.552,0.136,4.1,2.68,1
61986.0,56887.0,254,400,0.607,0.118,4.2,1.16,0
47664.0,45751.0,173,400,0.614,0.01,13.3,1.09,0
80818.0,73848.0,249,800,0.589,0.058,2.1,3.96,0
60669.0,55898.0,166,315,0.241,0.043,27.9,1.52,1
26856.0,25545.0,192,630,0.429,0.043,11.2,2.89,0
68125.0,64783.0,184,630,0.256,0.022,7.0,3.17,0
25141.0,23402.0,225,630,0.633,0.02,7.2,3.32,0
69800.0,59912.0,133,500,0.921,0.016,26.7,2.99,1
54352.0,46827.0,54,800,0.826,0.102,7.9,3.84,1
64692.0,61579.0,130,315,0.615,0.04,13.9,2.55,0
62836.0,59688.0,129,500,0.631,0.027,13.2,1.45,0
79101.0,74943.0,226,315,0.468,0.06,11.6,0.67,0
47682.0,41514.0,225,400,0.696,0.063,17.6,5.97,1
36362.0,34176.0,238,630,0.598,0.02,8.9,0.65,0
52358.0,44797.0,119,500,0.542,0.054,17.8,5.12,1
21774.0,20073.0,199,800,0.598,0.076,9.8,1.8,0
72262.0,68798.0,182,400,0.239,0.049,21.1,0.7,0
61687.0,58432.0,325,630,0.413,0.011,18.0,3.46,0
50617.0,47970.0,185,100,0.749,0.038,10.6,3.85,0
44570.0,40891.0,169,315,0.468,0.073,20.5,3.77,0
48748.0,44433.0,237,400,0.522,0.049,17.0,0.38,0
56824.0,53419.0,184,500,0.521,0.008,13.4,2.55,0
63302.0,57887.0,200,630,0.671,0.106,26.2,5.95,1
70866.0,67147.0,105,630,0.454,0.02,20.8,3.45,0
8000.0,7680.0,187,500,0.445,0.089,19.5,2.03,0
35727.0,34163.0,163,500,0.444,0.085,4.2,1.84,0
62289.0,57520.0,311,400,0.278,0.017,9.1,1.69,0
44065.0,40973.0,328,200,0.485,0.042,10.9,0.44,0
37734.0,34223.0,163,400,0.661,0.083,23.2,4.37,1
32427.0,30800.0,277,100,0.769,0.048,8.3,1.87,0
45825.0,42378.0,234,315,,0.089,27.4,4.57,1
39284.0,36785.0,238,315,0.26,0.055,9.3,4.49,0
28005.0,26605.0,253,500,0.747,0.018,5.7,2.09,0
52731.0,46928.0,268,200,0.3,0.109,25.8,4.96,1
56567.0,53396.0,182,500,0.475,0.041,16.6,3.37,0
33111.0,31406.0,105,400,0.566,0.029,6.4,2.08,0
43975.0,41478.0,204,630,0.512,0.08,16.1,2.83,0
53950.0,50159.0,246,400,0.514,0.034,21.8,2.84,1
29074.0,27414.0,145,400,0.554,0.076,10.2,2.21,0
74233.0,69340.0,146,800,0.458,0.045,10.7,2.37,0
30773.0,26513.0,108,400,0.378,0.109,9.2,1.56,1
100259.0,94968.0,184,100,0.693,0.037,14.8,3.0,0
40378.0,36315.0,133,800,0.626,0.038,4.2,4.46,1
22485.0,20892.0,193,315,0.651,0.028,19.4,3.19,1
42465.0,38261.0,145,500,0.68,0.058,3.8,5.28,1
77351.0,73058.0,177,200,0.572,0.0,16.3,3.67,0
62835.0,60023.0,114,800,0.657,0.041,20.9,4.04,0
46209.0,40497.0,233,630,0.457,0.103,24.4,5.76,1
12390.0,11841.0,105,200,0.414,0.007,14.3,3.23,0
64475.0,59115.0,162,200,0.699,0.065,21.2,2.78,0
26286.0,24712.0,175,100,0.753,0.053,10.2,1.12,0
53918.0,48714.0,355,315,0.632,0.081,27.5,2.68,1
38661.0,36316.0,220,200,0.772,0.027,13.8,3.26,0
63161.0,60053.0,118,200,0.633,0.024,6.6,3.7,0
52118.0,49579.0,189,400,0.471,0.046,11.4,1.34,0
42313.0,36964.0,142,500,0.547,0.036,7.3,1.83,1
38506.0,36958.0,227,800,0.574,0.101,12.3,3.85,0
46905.0,43921.0,277,630,0.703,0.05,12.3,3.46,0
53136.0,45867.0,301,100,0.619,0.043,10.3,1.63,1
34116.0,31896.0,150,200,0.418,0.08,6.2,3.21,0
43364.0,38511.0,30,200,0.587,0.009,10.1,4.07,1
10956.0,10409.0,317,315,0.448,0.046,1.7,0.62,0
40548.0,38604.0,175,800,0.562,0.078,16.3,2.5,0
54063.0,51503.0,200,500,0.521,0.036,14.2,3.69,0
33843.0,31327.0,243,315,0.354,0.021,12.7,3.07,0
49581.0,45422.0,203,400,0.689,0.028,17.0,2.28,0
35732.0,32012.0,210,100,0.859,0.08,3.6,5.99,1
8534.0,7351.0,30,315,0.67,0.144,4.8,4.21,1
21351.0,19716.0,337,315,0.621,0.043,15.5,1.27,1
37717.0,36010.0,52,500,0.626,0.06,19.0,4.25,0
36892.0,34572.0,194,200,0.546,0.073,4.3,2.81,0
38120.0,35880.0,277,800,0.569,0.029,11.8,1.82,0
35900.0,32720.0,128,400,0.458,0.054,2.9,3.86,0
46974.0,42820.0,187,400,0.314,0.024,18.5,1.56,0
36318.0,33516.0,288,100,0.415,0.026,7.7,1.5,0
37280.0,34622.0,30,100,0.381,0.0,6.5,2.94,0
40513.0,35398.0,30,500,0.702,0.059,25.2,3.18,1
30061.0,28435.0,157,630,0.4,0.078,12.0,4.24,0
42253.0,40154.0,172,400,0.612,0.077,13.8,4.2,0
41783.0,35995.0,269,630,0.853,0.071,5.6,3.76,1
54352.0,51334.0,244,630,0.376,0.065,21.7,0.5,0
60144.0,54468.0,272,200,0.334,0.13,18.3,2.44,1
8000.0,6860.0,88,500,0.812,0.078,15.2,4.15,1
52162.0,49328.0,39,100,0.418,0.0,21.2,0.57,0
51298.0,45678.0,218,315,0.41,0.059,26.9,1.38,1
40058.0,38253.0,147,800,0.467,0.032,19.6,0.7,0
34156.0,31705.0,97,200,0.563,0.002,19.5,2.75,0
45854.0,41297.0,255,500,0.99,0.124,11.1,3.06,1
50843.0,47548.0,204,200,0.62,0.033,12.5,3.89,0
63724.0,60995.0,224,315,0.73,0.074,5.2,4.31,0
41577.0,38223.0,197,630,0.494,0.06,21.9,0.7,0
70911.0,65879.0,306,100,0.523,0.003,15.9,4.14,0
46387.0,42654.0,169,200,0.674,0.052,11.6,0.71,0
11734.0,11121.0,134,200,0.855,0.009,10.3,4.21,0
77532.0,71096.0,163,800,0.388,0.05,3.5,2.23,0
67256.0,63483.0,204,200,0.68,0.004,6.6,1.55,0
52242.0,47213.0,223,500,0.489,0.037,26.3,5.23,1
77669.0,71118.0,221,800,0.734,0.009,18.7,0.89,0
38148.0,35127.0,221,630,0.53,0.043,20.0,1.03,0
42158.0,40087.0,217,400,0.478,0.018,8.5,1.42,0
60030.0,51238.0,58,630,0.534,0.117,12.3,3.37,1
59215.0,55421.0,102,500,0.511,0.064,15.7,3.84,0
67944.0,61635.0,182,400,0.452,0.023,15.7,4.13,1
74031.0,68248.0,168,315,0.566,0.02,6.6,0.53,0
8000.0,7458.0,266,400,0.51,0.086,3.1,0.96,0
39111.0,37016.0,248,400,0.473,0.046,7.0,4.19,0
37478.0,32344.0,317,200,0.595,0.098,26.8,5.98,1
52961.0,49357.0,127,500,0.373,0.036,18.7,3.79,0
64516.0,58293.0,130,315,0.718,0.116,22.8,2.25,1
8000.0,6981.0,283,800,0.616,0.095,25.7,2.85,1
46994.0,42774.0,147,500,0.479,0.106,25.8,1.42,1
47619.0,44975.0,198,315,0.362,0.031,17.1,1.57,0
25286.0,23587.0,161,200,0.564,0.0,11.6,3.67,0
62337.0,57732.0,271,200,0.564,0.031,8.4,1.49,0
80284.0,76712.0,192,200,0.41,0.057,12.4,4.42,0
82385.0,78524.0,180,500,0.805,0.058,16.5,1.53,0
27018.0,25357.0,209,200,0.479,0.029,19.6,0.52,0
39999.0,36692.0,196,200,0.572,0.066,12.9,0.8,0
53663.0,49402.0,169,800,0.81,0.111,25.7,5.04,1
21145.0,20134.0,195,500,0.435,0.05,7.2,4.37,0
35722.0,33108.0,103,400,0.338,0.143,17.2,2.62,1
65886.0,62104.0,130,100,0.764,0.099,18.0,2.72,0
26487.0,24533.0,194,100,0.535,0.056,2.1,1.28,0
37935.0,34980.0,170,200,0.653,0.008,17.8,2.87,0
64948.0,60733.0,201,500,0.476,0.071,5.8,4.44,0
61717.0,58199.0,156,500,0.62,0.037,6.6,0.31,0
78220.0,72688.0,191,630,0.566,0.075,4.9,1.79,0
40499.0,36069.0,247,400,0.621,0.118,8.5,5.12,1
33171.0,31262.0,163,200,0.537,0.0,18.5,2.63,0
26603.0,24908.0,144,315,0.595,0.04,13.2,1.16,0
49903.0,47906.0,222,315,0.61,0.054,20.9,0.44,0
35155.0,32016.0,45,100,,0.043,20.8,2.64,0
49582.0,42297.0,115,500,0.871,0.163,11.7,4.11,1
76365.0,67827.0,142,315,0.796,0.036,8.8,4.9,1
30902.0,27556.0,305,800,0.527,0.088,23.8,2.44,1
81862.0,73597.0,229,630,0.419,0.084,5.7,5.42,1
22872.0,21259.0,117,800,0.441,0.037,13.6,1.6,0
38052.0,35816.0,193,100,0.548,0.002,19.7,2.86,0
60216.0,56617.0,189,800,0.558,0.082,14.3,3.07,0
41062.0,38886.0,182,800,0.736,0.053,14.7,4.09,0
51297.0,48355.0,90,630,0.474,0.07,8.2,3.05,0
43364.0,38511.0,30,200,0.587,0.009,10.1,4.07,1
76491.0,71843.0,112,200,0.603,0.028,15.4,3.13,0
38928.0,35642.0,138,630,0.646,0.071,10.2,4.3,0
21033.0,19677.0,220,630,0.221,0.048,3.8,0.92,0
34415.0,29313.0,175,400,0.606,0.05,19.9,3.57,1
35254.0,32023.0,81,500,0.573,0.0,15.5,1.2,1
20890.0,17836.0,269,100,0.716,0.065,10.5,1.27,1
60688.0,55498.0,238,800,0.553,0.048,14.6,1.23,1
33625.0,30276.0,202,100,0.654,0.155,19.3,5.12,1
18254.0,17374.0,299,100,0.591,0.014,11.2,2.55,0
43145.0,39325.0,263,100,0.521,0.159,4.7,2.6,1
75307.0,71591.0,261,400,0.535,0.037,12.1,1.6,0
42662.0,36680.0,262,100,0.696,0.092,8.8,1.64,1
72255.0,68258.0,159,800,0.472,0.051,9.3,1.36,0
8000.0,6922.0,200,800,0.554,0.058,24.5,4.39,1
42240.0,37398.0,173,400,0.47,0.048,23.5,5.24,1
30105.0,26952.0,252,800,0.839,0.0,17.0,3.38,1
43270.0,40634.0,190,800,0.38,0.041,13.0,0.86,0
8000.0,7415.0,318,200,0.482,0.097,6.0,3.31,0
64478.0,61469.0,189,500,0.534,0.011,1.6,3.98,0
54851.0,51710.0,163,500,0.547,0.05,3.3,1.9,0
46870.0,43725.0,134,315,0.481,0.072,8.6,2.67,0
40779.0,37870.0,204,800,0.596,0.032,9.2,2.69,0
47677.0,44482.0,240,315,0.634,0.0,14.8,0.46,0
9784.0,8831.0,240,400,0.497,0.035,3.8,4.78,1
65376.0,61427.0,234,800,0.386,0.052,10.8,2.27,0
55915.0,53425.0,156,800,0.568,0.077,8.6,4.45,0
52755.0,48604.0,83,100,0.571,0.023,17.4,1.69,0
31678.0,29065.0,86,630,0.611,0.037,19.9,1.13,0
64164.0,59223.0,132,200,0.549,0.018,20.6,1.5,0
56935.0,52862.0,250,400,0.902,0.069,11.2,4.23,1
19952.0,18318.0,339,400,0.595,0.065,20.1,4.85,1
49626.0,47556.0,94,800,0.696,0.007,2.7,0.64,0
47970.0,45836.0,247,400,0.534,0.049,1.1,1.54,0
71512.0,66200.0,240,400,0.67,0.065,15.8,2.35,0
52722.0,45879.0,237,800,0.48,0.09,15.3,4.27,1
84336.0,75816.0,226,315,0.496,0.092,9.3,3.9,1
46507.0,40514.0,110,200,0.631,0.094,8.8,5.81,1
32134.0,30523.0,190,630,0.741,0.078,7.9,1.43,0
48221.0,44878.0,97,800,0.43,0.05,3.6,0.62,0
27200.0,25241.0,264,500,0.606,0.014,6.6,0.77,0
50391.0,46346.0,207,400,0.536,0.023,7.2,3.5,0
59558.0,57028.0,127,315,0.362,0.034,1.6,2.68,0
35622.0,30402.0,120,315,0.505,0.173,21.4,5.92,1
46996.0,41579.0,160,630,0.777,0.112,25.0,3.59,1
35662.0,33100.0,247,200,0.371,0.042,2.2,0.57,0
13319.0,12491.0,300,500,0.212,0.046,8.3,1.21,0
55656.0,51708.0,87,200,0.507,0.0,6.3,1.57,0
31342.0,28808.0,186,800,0.578,0.042,16.7,2.33,0
48610.0,44272.0,94,630,0.723,0.0,15.1,3.35,0
32311.0,30966.0,124,800,0.487,0.048,18.3,0.87,0
20431.0,18669.0,89,100,0.524,0.023,15.9,0.6,0
39543.0,37650.0,287,200,0.441,0.003,14.6,1.52,0
55109.0,52514.0,149,800,0.634,0.083,7.5,0.45,0
26716.0,25384.0,268,400,0.291,0.059,11.1,3.33,0
50523.0,45625.0,167,315,0.545,0.135,14.2,5.75,1
58447.0,54723.0,185,500,0.358,0.091,11.0,1.43,0
65663.0,58373.0,190,400,0.753,0.097,6.2,1.48,1
42393.0,39790.0,65,630,0.819,0.056,7.7,3.0,0
24520.0,22455.0,227,800,0.613,0.144,27.7,2.1,1
34642.0,30180.0,334,630,0.803,0.046,25.1,4.75,1
40005.0,37990.0,117,500,0.868,0.034,19.8,2.71,0
35660.0,32734.0,165,500,0.79,0.0,8.3,1.11,0
68534.0,60670.0,153,400,0.349,0.053,8.8,4.61,1
74697.0,67979.0,145,800,,0.045,15.1,1.66,0
20105.0,18530.0,117,500,0.672,0.081,9.1,2.73,0
32683.0,29350.0,211,100,0.332,0.064,11.0,5.39,1
31207.0,28795.0,202,630,0.482,0.028,8.5,0.5,0
64608.0,59411.0,268,200,0.578,0.0,9.1,4.17,0
67633.0,63713.0,227,400,0.539,0.098,4.2,1.55,0
33562.0,32074.0,213,400,0.294,0.068,3.8,3.14,0
55629.0,50763.0,184,630,0.391,0.072,1.2,1.66,0
55312.0,52652.0,188,630,0.742,0.012,11.0,2.04,0
40445.0,38072.0,211,500,0.38,0.024,7.2,3.0,0
62442.0,58108.0,223,630,,0.051,2.8,2.0,0
39353.0,33798.0,176,630,0.717,0.053,17.9,5.67,1
41707.0,39578.0,147,200,0.703,0.049,6.8,0.77,0
29971.0,28271.0,128,100,0.484,0.029,21.1,2.28,0
8000.0,7202.0,347,400,0.835,0.105,18.0,4.68,1
51818.0,44195.0,61,100,0.606,0.023,26.7,1.53,1
34302.0,32640.0,240,800,0.62,0.009,18.9,3.39,0
77000.0,72867.0,187,315,0.701,0.039,8.5,4.24,0
11199.0,10287.0,213,400,0.727,0.068,3.1,3.93,1
21945.0,20713.0,278,630,0.561,0.037,2.8,3.67,0
42013.0,40265.0,156,200,0.486,0.006,18.2,3.5,0
41993.0,37441.0,111,500,0.52,0.082,16.2,2.95,1
79607.0,75011.0,147,100,0.545,0.058,17.4,4.23,0
43909.0,41325.0,170,200,0.34,0.023,16.3,4.23,0
40674.0,38156.0,153,500,0.621,0.0,1.0,2.25,0
69309.0,65985.0,111,630,0.474,0.019,6.4,4.29,0
43805.0,40919.0,240,315,0.478,0.0,2.3,1.46,0
59604.0,56916.0,126,800,0.357,0.056,9.5,1.1,0
36946.0,35140.0,190,315,0.56,0.049,5.4,3.64,0
42160.0,40029.0,185,200,0.473,0.089,11.3,0.57,0
44459.0,40464.0,99,630,0.69,0.046,3.2,4.97,1
8000.0,6959.0,152,800,0.582,0.008,18.8,3.45,1
66939.0,62612.0,242,800,0.716,0.048,1.5,0.66,0
19529.0,18181.0,120,200,0.456,0.028,9.4,1.74,0
65138.0,60059.0,279,400,0.494,0.03,10.2,3.82,0
51096.0,44900.0,111,100,0.797,0.063,24.1,3.6,1
45105.0,41987.0,234,100,0.548,0.005,21.3,4.29,0
80806.0,74872.0,93,400,0.705,0.0,4.1,3.93,0
53548.0,49974.0,160,400,0.442,0.067,1.8,3.17,0
51096.0,47228.0,155,315,0.889,0.04,16.0,3.71,0
46501.0,42520.0,238,630,0.721,0.13,21.4,4.97,1
27932.0,26393.0,68,500,0.503,0.038,8.8,3.15,0
75290.0,71297.0,52,100,0.543,0.034,15.3,1.1,0
32670.0,30116.0,291,200,0.332,0.057,10.2,2.45,0
37382.0,33213.0,121,200,0.574,0.108,21.6,2.07,1
52246.0,46329.0,30,800,0.693,0.041,23.6,4.8,1
42973.0,40733.0,145,315,0.655,0.073,12.5,2.38,0
45087.0,42809.0,309,200,0.582,0.058,9.1,0.99,0
50503.0,48340.0,62,315,0.404,0.016,,0.35,0
72285.0,62842.0,44,800,0.893,0.099,26.1,4.66,1
63391.0,55249.0,59,200,0.53,0.076,23.5,2.61,1
49250.0,45258.0,191,500,0.574,0.096,10.0,3.54,0
14126.0,13102.0,160,400,0.439,0.052,15.7,4.3,0
30498.0,26417.0,208,500,0.529,0.105,9.2,2.73,1
15280.0,14092.0,215,400,0.491,0.015,21.1,3.86,0
53640.0,49192.0,137,400,0.581,0.038,10.3,3.16,0
48493.0,45326.0,219,100,0.558,0.034,4.5,4.4,0
36693.0,32907.0,271,315,0.447,0.12,13.8,2.72,1
35918.0,34356.0,166,630,0.677,0.035,8.8,3.9,0
56753.0,53086.0,245,500,0.283,0.038,20.6,1.98,0
40418.0,37477.0,188,100,0.727,0.0,9.3,2.67,0
79482.0,71894.0,125,500,0.489,0.068,3.8,4.56,1
49535.0,43443.0,79,200,0.844,0.062,8.5,5.93,1
49500.0,45452.0,216,100,0.314,0.036,16.8,2.86,1
42257.0,37894.0,85,800,0.632,0.072,8.6,5.09,1
25728.0,22528.0,65,800,0.729,0.069,24.9,1.62,1
55482.0,52113.0,131,315,0.208,0.009,5.4,3.28,0
54772.0,52250.0,245,500,0.488,0.013,11.3,0.49,0
60202.0,57691.0,209,100,0.436,0.035,11.9,4.03,0
76758.0,70823.0,210,315,0.929,0.064,4.6,2.03,1
8000.0,7507.0,100,800,0.604,0.059,15.7,1.32,0
43773.0,40316.0,191,315,0.325,0.009,1.8,3.88,0
37083.0,31892.0,76,100,0.831,0.102,19.2,2.75,1
40166.0,35366.0,154,200,0.54,0.121,11.4,4.32,1
74057.0,67958.0,177,315,0.708,0.099,9.2,2.3,1
8000.0,7399.0,262,100,0.61,0.015,14.1,1.92,0
41420.0,39304.0,193,500,0.617,0.035,2.0,1.92,0
34264.0,31748.0,170,200,0.665,0.035,3.7,1.44,0
39339.0,34783.0,30,630,0.567,0.032,12.1,5.65,1
57406.0,54704.0,146,800,0.881,0.04,17.2,3.15,0
21931.0,20774.0,91,100,0.537,0.066,19.1,0.89,0
54039.0,48454.0,172,100,0.2,0.121,20.7,3.6,1
76754.0,73461.0,118,500,0.585,0.077,2.2,3.23,0
48369.0,42440.0,206,200,0.682,0.019,14.8,1.57,1
33020.0,30587.0,231,800,0.858,0.029,7.2,1.39,0
40780.0,38796.0,122,200,0.769,0.095,16.2,2.6,0
43173.0,39487.0,101,400,0.607,0.033,21.0,4.97,1
37540.0,32686.0,182,200,0.284,0.061,8.5,4.43,1
61757.0,57624.0,277,500,0.695,0.075,6.2,1.17,0
51015.0,48927.0,135,400,0.61,0.051,10.0,3.59,0
37371.0,32900.0,98,100,0.632,0.065,4.0,5.45,1
21899.0,19958.0,152,400,0.595,0.028,20.9,2.01,0
65968.0,57476.0,182,100,0.8,0.05,9.7,2.77,1
39701.0,37058.0,197,100,0.46,0.011,10.4,4.2,0
56436.0,52994.0,103,200,0.348,0.049,20.3,1.48,0
8000.0,7300.0,187,200,0.64,0.03,4.2,0.82,0
22598.0,20664.0,220,630,0.7,0.045,2.9,3.34,0
30648.0,28586.0,30,100,0.572,0.029,17.5,2.19,0
41575.0,39793.0,291,500,0.63,0.012,10.8,3.24,0
51715.0,44907.0,180,400,0.846,0.08,12.7,4.37,1
36813.0,33854.0,299,630,0.469,0.061,14.6,2.82,0
51109.0,47960.0,204,630,0.469,0.061,16.0,2.41,0
29493.0,27166.0,160,100,0.707,0.0,20.1,2.02,0
25645.0,23159.0,30,630,0.788,0.1,20.3,4.22,1
62014.0,57068.0,158,100,0.331,0.077,20.9,5.2,1
54945.0,51261.0,187,200,0.256,0.086,5.0,2.82,0
45633.0,42112.0,49,630,0.419,0.064,20.8,2.38,0
23912.0,22591.0,95,315,0.469,0.005,7.0,0.42,0
51340.0,48054.0,51,630,0.466,0.001,2.8,3.17,0
65603.0,60301.0,193,500,0.433,0.033,10.3,3.22,0
52739.0,49118.0,175,800,0.727,0.042,10.1,0.46,0
8000.0,6985.0,253,500,0.847,0.104,5.9,2.02,1
41303.0,38618.0,139,500,0.56,0.026,5.9,1.54,0
35924.0,34352.0,154,630,0.498,0.053,16.6,3.79,0
51719.0,48071.0,164,315,0.54,0.009,8.2,2.86,0
17633.0,15450.0,112,200,0.899,0.039,18.5,3.26,1
51378.0,49139.0,152,200,0.527,0.042,21.7,3.14,0
34527.0,30643.0,91,200,0.815,0.132,22.7,3.89,1
52750.0,48794.0,104,500,0.535,0.041,19.2,4.49,0
38233.0,36259.0,155,500,0.402,0.0,17.5,3.79,0
48916.0,44964.0,245,400,0.24,0.025,20.3,1.04,0
46387.0,42654.0,169,200,0.674,0.052,11.6,0.71,0
56024.0,49882.0,242,100,0.405,0.086,14.1,3.74,1
8000.0,6861.0,206,100,0.537,0.102,18.5,5.93,1
54184.0,48674.0,230,500,0.517,0.063,6.3,3.32,1
36528.0,34838.0,89,315,0.674,0.004,20.8,2.21,0
51096.0,44900.0,111,100,0.797,0.063,24.1,3.6,1
64949.0,59951.0,252,315,0.565,0.032,6.5,2.59,0
32183.0,29583.0,103,315,0.725,0.022,13.5,2.73,0
45759.0,40980.0,136,315,0.634,0.108,12.6,5.32,1
45643.0,42395.0,57,200,0.709,0.142,24.6,4.44,1
51491.0,48332.0,109,315,0.438,0.018,20.9,1.26,0
58478.0,51487.0,303,800,0.4,0.0,13.0,1.12,1
8000.0,7521.0,219,800,0.591,0.066,3.5,2.33,0
40529.0,36430.0,30,315,0.832,0.052,21.0,2.19,1
25564.0,24311.0,202,315,0.461,0.021,4.3,1.39,0
42378.0,39327.0,177,630,0.588,0.033,1.8,1.49,0
14296.0,13719.0,132,630,0.489,0.023,10.8,3.32,0
56224.0,47929.0,122,800,0.943,0.07,10.2,4.92,1
62339.0,59486.0,296,500,0.695,0.037,10.5,4.26,0
37464.0,34132.0,54,500,0.826,0.116,10.2,2.11,1
55049.0,52312.0,227,100,0.608,0.099,8.2,1.91,0
62461.0,59192.0,203,100,0.539,0.042,12.9,0.33,0
30461.0,26747.0,185,200,0.952,0.093,18.7,4.08,1
19559.0,17535.0,101,500,0.396,0.121,26.7,1.61,1
47162.0,43767.0,165,400,0.64,0.047,9.3,4.36,0
61814.0,56185.0,272,100,0.542,0.055,27.0,1.21,1
44213.0,40245.0,85,630,0.705,0.027,26.6,1.47,1
43338.0,37103.0,257,630,0.775,0.184,23.0,1.37,1
32390.0,27990.0,247,400,0.336,0.13,22.3,4.13,1
15906.0,14528.0,62,500,0.317,0.012,15.8,0.9,0
56519.0,53651.0,267,100,0.478,0.074,18.5,3.06,0
69986.0,64370.0,129,100,0.491,0.063,17.9,3.89,1
49839.0,47499.0,197,400,0.293,0.069,16.4,2.54,0
56322.0,53563.0,76,100,0.753,0.057,13.5,3.99,0
24316.0,22193.0,287,100,0.573,0.0,16.0,5.98,1
38052.0,34847.0,144,315,0.439,0.035,9.2,0.92,0
41283.0,35287.0,319,500,0.767,0.07,9.4,4.43,1
77196.0,71904.0,170,630,0.54,0.009,16.9,0.95,0
67969.0,62507.0,216,315,0.251,0.083,27.8,5.79,1
41651.0,38855.0,132,400,0.601,0.058,3.0,3.75,0
50982.0,46436.0,143,630,0.538,0.092,20.9,5.95,1
47935.0,44570.0,75,500,0.432,0.101,15.1,4.59,1
23380.0,22336.0,173,200,0.552,0.0,10.2,1.84,0
40307.0,36354.0,205,800,0.637,0.08,6.2,4.07,1
40508.0,37283.0,250,200,0.535,0.008,19.8,2.9,0
80262.0,74901.0,84,800,0.441,0.021,5.1,3.79,0
70532.0,62682.0,195,100,0.386,0.05,7.6,1.69,1
63534.0,60682.0,131,315,0.59,0.013,4.7,4.25,0
67416.0,63199.0,113,200,0.936,0.032,5.9,1.08,0
25894.0,23796.0,78,500,0.564,0.044,5.9,1.85,0
45936.0,41804.0,166,400,0.671,0.087,14.3,1.91,1
53350.0,51005.0,155,100,0.353,0.0,15.9,0.35,0
53708.0,46549.0,201,200,0.799,0.013,24.3,1.31,1
53192.0,45328.0,65,500,0.489,0.104,13.7,2.04,1
55542.0,50685.0,237,800,0.429,0.024,12.3,3.34,0
67177.0,58438.0,347,400,0.701,0.137,19.4,5.56,1
33444.0,30398.0,218,400,0.278,0.055,12.6,2.83,1
83581.0,77235.0,95,400,0.751,0.011,19.4,1.68,1
44292.0,40343.0,247,400,0.646,0.096,8.7,1.09,1
43782.0,37541.0,30,200,0.729,0.023,4.3,3.4,1
28628.0,26134.0,304,500,0.78,0.0,14.3,1.72,0
22909.0,21849.0,152,800,0.597,0.0,12.6,0.73,0
42467.0,39209.0,144,100,0.415,0.098,5.0,5.9,1
