id,order_date,amount,product_name
1,2024-01-05,120.5,键盘
2,2024-01-08,560.0,显示器
3,2024-01-12,89.9,鼠标
4,2024-02-03,,U盘
5,2024-02-10,75.0,耳机
6,2024-02-15,-30.0,数据线
7,2024-03-01,450.0,硬盘
8,2024-03-09,99.9,键盘
9,2024-03-20,1200.0,工作站
10,2024-04-02,320.0,显示器
11,2024-04-11,150.0,鼠标
12,2024-04-22,,U盘
13,2024-05-03,60.0,耳机
14,2024-05-14,510.0,显卡
15,2024-05-19,45.5,数据线
16,2024-06-01,280.0,硬盘
17,2024-06-08,890.0,工作站
18,2024-06-15,110.0,键盘
19,2024-06-20,-15.0,鼠标
20,2024-07-02,200.0,显示器
1,2024-01-05,120.5,键盘
3,2024-01-12,89.9,鼠标
7,2024-03-01,450.0,硬盘
5,2024-02-10,75.0,耳机
