心跳间隔,心跳丢失率,信号强度,误码率,重传次数,响应延迟,CPU利用率,内存利用率,在线时长,是否异常
27.1,3.83,-77.0,0.3,2.0,163.0,55.5,37.7,296.0,0
27.3,4.3,-77.7,0.788,14.0,172.0,45.9,59.5,152.0,0
38.7,1.14,-48.7,0.058,9.0,269.0,34.5,84.3,442.0,0
21.2,1.0,-67.3,1.293,4.0,280.0,42.2,58.3,449.0,0
25.3,0.83,-83.4,1.0,1.0,187.0,62.5,70.3,272.0,0
29.2,0.39,-71.8,0.683,1.0,205.0,5.0,55.4,218.0,0
19.7,3.24,-63.9,0.178,5.0,384.0,69.0,55.2,81.0,0
34.2,0.57,-71.2,0.341,2.0,411.0,33.7,88.5,429.0,0
33.0,13.34,-49.0,2.315,2.0,308.0,57.3,76.8,221.0,1
31.5,6.71,-54.3,0.175,3.0,172.0,57.4,42.4,98.0,0
28.7,4.89,-83.0,0.04,5.0,127.0,56.3,62.7,262.0,1
44.2,11.18,-58.8,0.181,2.0,226.0,41.6,84.3,167.0,0
30.9,3.58,-81.3,0.519,10.0,348.0,11.2,83.6,132.0,1
19.0,3.63,-60.0,0.215,3.0,202.0,50.5,74.1,330.0,0
30.1,4.65,-86.1,0.355,5.0,251.0,51.2,66.2,259.0,1
34.7,3.61,-78.0,0.368,3.0,181.0,27.8,54.0,515.0,0
35.9,6.72,-73.2,0.062,2.0,305.0,59.9,54.1,57.0,1
33.9,9.37,-84.8,0.22,3.0,268.0,46.0,77.4,60.0,1
18.9,1.74,-74.6,1.238,3.0,310.0,67.5,84.6,17.0,0
26.9,0.07,-82.0,0.423,7.0,181.0,67.7,59.9,395.0,1
46.7,2.34,-75.0,2.162,7.0,364.0,76.3,57.1,27.0,1
40.1,10.05,-48.3,0.554,9.0,118.0,12.0,77.4,48.0,0
36.7,0.52,-63.2,0.531,4.0,237.0,65.1,54.6,1.0,0
30.0,3.25,-76.5,0.64,5.0,276.0,61.4,76.8,287.0,0
41.1,5.49,-89.4,0.381,8.0,174.0,52.0,54.5,136.0,1
29.9,7.2,-85.3,0.14,6.0,315.0,38.6,79.5,36.0,1
30.8,0.3,-73.8,0.166,2.0,273.0,52.4,66.4,130.0,0
28.6,0.01,-70.7,0.299,7.0,271.0,43.9,73.4,142.0,0
43.0,2.43,-82.2,0.241,1.0,329.0,32.9,55.2,631.0,0
37.1,3.18,-55.3,0.448,2.0,214.0,46.4,70.4,15.0,0
36.7,2.74,-69.1,1.217,4.0,247.0,30.1,54.6,161.0,0
37.9,0.61,-48.9,0.004,2.0,312.0,49.9,48.2,47.0,1
42.1,1.73,-51.8,0.301,5.0,43.0,74.9,57.6,130.0,0
32.6,0.98,-66.1,0.117,2.0,301.0,46.7,69.7,246.0,1
32.8,0.4,-60.1,0.698,11.0,324.0,46.0,21.9,13.0,0
27.7,4.21,-67.0,0.239,3.0,245.0,61.7,39.3,45.0,0
48.3,3.88,-70.6,0.438,4.0,190.0,58.7,58.8,75.0,0
12.9,2.16,-63.7,1.039,3.0,204.0,59.5,64.0,94.0,0
24.2,0.33,-56.4,0.359,3.0,325.0,17.8,67.6,146.0,0
27.0,1.09,-86.0,1.317,5.0,158.0,29.6,35.1,22.0,0
20.4,4.25,-75.5,0.63,8.0,354.0,55.0,46.5,215.0,0
25.0,2.0,-96.1,0.059,11.0,143.0,44.3,63.8,82.0,1
32.7,0.53,-69.6,0.488,1.0,138.0,82.6,43.5,310.0,0
32.7,7.03,-95.8,0.388,8.0,30.0,54.9,70.9,169.0,1
37.3,1.8,-91.1,0.216,1.0,238.0,23.1,54.3,156.0,0
32.1,3.25,-78.9,0.974,4.0,359.0,30.0,65.0,113.0,1
26.4,0.06,-81.2,0.25,4.0,259.0,42.3,72.5,79.0,0
31.4,4.02,-67.3,0.63,4.0,230.0,35.3,66.5,68.0,0
39.7,2.45,-45.0,0.474,3.0,366.0,31.9,63.9,117.0,1
29.3,4.22,-63.4,0.356,3.0,228.0,76.4,52.8,69.0,0
31.2,2.67,-80.3,0.657,4.0,315.0,75.9,60.1,100.0,1
40.9,2.93,-64.5,0.372,4.0,258.0,42.2,89.4,57.0,0
19.1,3.94,-69.9,0.18,2.0,249.0,23.3,51.1,673.0,0
24.1,3.41,-91.5,0.605,7.0,184.0,29.8,62.9,164.0,1
41.4,2.01,-68.3,0.007,6.0,231.0,59.7,39.1,258.0,0
16.2,1.78,-67.8,0.374,0.0,218.0,53.4,54.6,223.0,0
44.6,2.71,-51.5,0.197,5.0,252.0,43.8,26.8,90.0,0
39.0,1.59,-83.6,0.19,4.0,264.0,61.1,42.9,45.0,0
41.3,0.06,-91.1,0.792,5.0,370.0,35.1,42.7,235.0,1
26.5,2.57,-61.6,0.278,5.0,198.0,65.4,44.7,106.0,0
38.9,0.07,-68.2,1.025,4.0,149.0,86.2,55.8,203.0,0
19.2,2.38,-75.5,1.117,2.0,204.0,35.9,48.9,175.0,0
27.4,1.29,-45.7,0.87,8.0,333.0,44.9,65.1,433.0,1
23.2,5.48,-91.7,0.619,2.0,303.0,35.1,71.5,382.0,1
25.0,1.92,-59.0,0.671,8.0,175.0,32.9,86.3,51.0,0
40.1,2.09,-50.9,0.064,9.0,193.0,27.1,42.5,231.0,0
27.5,1.88,-81.1,0.103,3.0,226.0,46.5,46.1,8.0,0
37.7,0.1,-93.3,0.375,6.0,288.0,69.1,40.6,67.0,1
34.3,1.46,-74.5,1.141,3.0,120.0,43.9,70.7,388.0,0
39.4,2.4,-45.0,0.274,2.0,258.0,49.0,54.4,257.0,0
31.0,0.92,-60.3,0.339,2.0,191.0,33.1,66.6,20.0,0
37.6,1.35,-93.7,0.129,5.0,458.0,61.5,77.1,430.0,1
33.9,0.8,-77.8,0.299,6.0,154.0,51.2,46.1,61.0,0
26.4,4.53,-46.9,0.152,4.0,397.0,56.3,62.5,123.0,0
15.0,0.13,-75.5,0.725,6.0,300.0,18.0,52.9,61.0,1
37.2,10.16,-65.9,0.214,4.0,300.0,56.6,43.4,376.0,1
15.6,0.82,-81.5,0.061,4.0,204.0,18.9,48.4,376.0,0
37.8,7.77,-69.6,1.338,7.0,213.0,52.3,45.5,133.0,1
38.5,1.17,-75.7,0.185,5.0,151.0,51.2,69.6,201.0,0
41.4,0.23,-98.8,0.026,4.0,298.0,5.0,51.2,199.0,0
42.6,0.87,-77.9,0.655,4.0,335.0,60.8,83.8,353.0,1
36.0,0.53,-58.4,0.181,5.0,106.0,33.0,38.7,85.0,0
21.0,2.91,-63.7,0.497,2.0,362.0,66.8,56.9,79.0,0
31.3,0.05,-52.4,0.299,2.0,220.0,64.3,46.9,7.0,0
16.9,5.82,-58.8,0.116,8.0,320.0,56.4,55.9,49.0,0
22.7,2.75,-71.8,0.491,3.0,429.0,55.5,57.5,337.0,0
25.6,0.51,-79.6,0.894,6.0,196.0,43.7,38.5,113.0,0
40.3,3.47,-58.4,0.224,9.0,174.0,16.0,45.8,8.0,0
38.7,9.16,-70.8,0.048,6.0,217.0,80.4,31.2,98.0,0
29.2,8.29,-65.6,0.255,2.0,346.0,49.9,77.5,70.0,0
34.6,9.29,-83.3,0.035,4.0,343.0,42.8,47.5,19.0,1
38.8,0.63,-62.2,0.919,3.0,129.0,39.4,63.0,28.0,0
29.8,1.19,-63.3,0.276,5.0,228.0,45.5,75.7,518.0,0
24.6,0.95,-59.9,0.221,4.0,197.0,27.9,32.1,133.0,0
32.5,1.44,-73.5,0.096,2.0,401.0,33.6,15.0,7.0,1
31.5,2.28,-81.1,0.103,2.0,168.0,41.1,27.8,332.0,0
11.6,0.89,-73.6,0.264,8.0,299.0,54.6,66.0,211.0,0
31.8,2.03,-78.9,0.13,3.0,382.0,44.9,58.4,98.0,0
18.2,0.78,-79.8,0.205,3.0,272.0,69.8,77.2,412.0,0
38.4,0.31,-63.5,0.372,3.0,163.0,17.4,67.4,91.0,0
36.4,0.14,-70.0,0.017,6.0,313.0,29.4,69.4,314.0,1
39.7,2.78,-64.1,0.936,1.0,247.0,76.8,51.7,5.0,0
27.0,3.73,-72.9,0.015,2.0,264.0,11.5,55.8,31.0,0
38.1,1.63,-84.8,0.109,0.0,258.0,89.7,72.5,251.0,0
40.7,0.65,-69.9,0.368,4.0,251.0,37.0,51.8,47.0,0
41.1,6.69,-73.6,0.056,3.0,267.0,47.1,56.2,233.0,0
23.6,5.5,-63.2,0.144,14.0,252.0,61.9,60.0,113.0,0
25.3,9.29,-65.3,0.732,4.0,323.0,44.3,54.3,2.0,1
28.4,3.2,-75.7,0.151,1.0,205.0,40.7,62.2,147.0,0
20.7,2.35,-71.2,0.505,4.0,352.0,65.8,46.2,174.0,0
12.5,1.04,-62.5,0.266,6.0,248.0,40.5,55.2,36.0,0
19.1,0.49,-48.0,0.133,6.0,337.0,36.2,44.2,13.0,0
35.3,0.06,-103.6,0.078,6.0,259.0,59.3,66.8,130.0,1
30.3,2.24,-65.6,0.043,3.0,251.0,55.1,31.1,16.0,0
24.7,0.09,-78.6,0.072,3.0,327.0,65.1,69.7,37.0,0
35.8,1.78,-63.1,0.032,3.0,332.0,31.6,57.2,69.0,1
30.2,7.12,-57.1,0.356,1.0,264.0,42.9,57.8,216.0,0
49.6,2.03,-80.4,1.329,8.0,165.0,67.1,38.7,20.0,0
42.7,0.69,-74.0,0.012,6.0,225.0,73.9,65.7,21.0,0
39.0,1.59,-83.6,0.19,4.0,264.0,61.1,42.9,45.0,0
40.8,8.45,-74.0,1.027,5.0,181.0,39.5,26.2,68.0,0
31.0,0.5,-72.6,0.503,5.0,280.0,47.2,62.8,91.0,1
38.7,9.16,-70.8,0.048,6.0,217.0,80.4,31.2,98.0,0
42.4,1.55,-74.6,0.057,14.0,371.0,55.3,65.2,114.0,1
28.4,3.2,-75.7,0.151,1.0,205.0,40.7,62.2,147.0,0
18.3,2.38,-82.1,1.075,5.0,226.0,51.9,63.8,163.0,1
26.5,0.22,-84.9,0.163,2.0,249.0,39.1,51.8,257.0,0
28.1,0.46,-73.7,0.01,2.0,242.0,11.4,67.4,31.0,0
30.7,2.85,-51.4,0.995,3.0,234.0,26.8,54.7,5.0,0
30.0,1.22,-77.6,2.008,3.0,320.0,24.6,48.3,118.0,0
29.0,2.8,-65.7,0.619,4.0,380.0,24.6,33.3,24.0,1
37.2,0.12,-66.9,0.382,2.0,279.0,64.5,25.6,218.0,0
41.1,2.2,-58.5,0.834,2.0,351.0,14.0,48.1,229.0,1
33.3,1.62,-83.5,0.179,7.0,69.0,53.2,30.9,90.0,1
28.5,2.04,-67.9,0.955,5.0,275.0,42.6,56.9,338.0,0
18.1,2.48,-79.2,0.436,2.0,349.0,44.7,30.7,13.0,0
26.0,1.41,-46.8,0.312,3.0,194.0,14.4,40.2,153.0,0
30.9,1.71,-82.2,0.179,4.0,207.0,79.7,62.0,11.0,0
31.5,9.05,-69.4,0.362,4.0,241.0,46.6,72.8,509.0,0
33.9,0.55,-78.2,1.685,3.0,267.0,40.2,65.3,140.0,0
15.0,1.66,-86.3,0.998,10.0,288.0,21.4,38.2,64.0,0
36.7,0.29,-55.1,0.211,2.0,392.0,35.4,72.2,214.0,1
33.0,2.06,-81.1,0.048,3.0,252.0,27.7,60.2,17.0,0
30.2,0.94,-83.7,0.703,7.0,256.0,56.5,55.7,88.0,1
42.0,4.98,-60.7,0.149,5.0,350.0,42.4,43.8,,1
19.8,2.39,-69.9,0.694,2.0,315.0,39.1,61.5,67.0,0
20.4,1.48,-62.6,1.21,4.0,212.0,74.4,66.8,242.0,1
26.6,11.39,-74.2,0.356,4.0,187.0,49.1,65.0,87.0,0
29.8,,-66.2,0.13,3.0,194.0,41.7,43.9,142.0,0
37.0,0.33,-53.2,0.498,5.0,431.0,52.4,85.3,345.0,1
37.8,1.77,-60.0,0.046,5.0,287.0,42.0,74.4,417.0,1
49.0,0.8,-66.5,0.339,3.0,293.0,39.2,79.9,32.0,1
34.9,2.73,-72.1,0.264,6.0,342.0,58.3,39.6,153.0,1
35.2,2.02,-89.9,0.085,4.0,317.0,94.2,76.0,47.0,0
33.8,1.61,-78.7,0.659,1.0,193.0,52.8,44.9,231.0,0
27.6,0.7,-59.1,1.843,3.0,281.0,64.7,42.4,286.0,1
34.6,0.06,-69.5,0.003,6.0,298.0,55.2,57.1,430.0,0
20.0,2.02,-57.4,0.182,5.0,260.0,55.7,57.2,246.0,0
23.8,4.6,-60.1,0.312,5.0,206.0,9.4,55.1,83.0,0
22.1,0.29,-77.8,0.007,2.0,94.0,34.6,52.1,81.0,0
37.4,2.61,-69.5,0.588,7.0,290.0,37.6,68.7,2.0,1
12.3,4.13,-77.0,0.587,5.0,183.0,22.6,43.9,77.0,0
45.8,1.52,-58.0,0.956,7.0,509.0,61.3,67.9,42.0,1
40.1,3.58,-73.0,0.98,6.0,231.0,21.3,63.7,211.0,0
28.1,0.11,-65.3,1.188,4.0,285.0,56.7,48.1,24.0,0
32.1,3.73,-45.4,0.397,6.0,244.0,60.7,59.8,393.0,0
45.7,2.84,-77.4,0.354,2.0,284.0,48.7,67.3,211.0,1
41.8,1.88,-80.4,0.128,7.0,331.0,42.6,20.7,346.0,1
28.6,12.75,-63.4,0.831,4.0,246.0,65.9,63.8,120.0,1
23.4,1.97,-66.4,0.55,2.0,169.0,22.2,49.8,32.0,0
36.6,1.22,-65.6,0.152,4.0,315.0,59.9,64.6,105.0,1
34.9,2.08,-52.7,0.922,1.0,304.0,35.3,45.7,452.0,1
39.2,9.27,-45.0,0.208,5.0,225.0,39.0,50.8,312.0,0
28.7,11.53,-54.6,0.557,5.0,365.0,5.0,65.8,205.0,0
36.0,0.2,-68.1,1.0,3.0,349.0,42.7,57.0,359.0,1
38.7,2.15,-109.0,1.442,4.0,434.0,31.2,71.5,323.0,0
14.0,21.27,-84.8,0.321,4.0,30.0,91.4,56.3,1.0,1
31.0,3.28,-77.2,0.917,3.0,114.0,70.8,78.2,46.0,1
28.4,1.57,-80.2,0.601,5.0,206.0,23.2,72.9,137.0,1
24.2,7.59,-78.8,0.601,5.0,358.0,56.1,56.1,137.0,1
37.1,0.8,-78.5,0.198,3.0,293.0,20.3,43.5,278.0,0
34.0,1.7,-78.1,0.317,3.0,261.0,58.9,68.6,55.0,0
26.5,1.88,-79.4,0.495,6.0,161.0,56.2,58.1,419.0,0
27.0,7.76,-69.7,0.06,6.0,178.0,28.2,67.1,156.0,0
49.1,3.1,-70.8,0.086,6.0,275.0,63.1,68.5,41.0,1
33.9,3.68,-67.4,,3.0,231.0,20.7,74.6,111.0,0
40.4,7.75,-82.4,0.988,4.0,340.0,61.1,54.2,150.0,1
33.2,0.38,-70.4,0.027,5.0,292.0,87.0,56.8,52.0,1
41.7,5.27,-60.8,3.235,3.0,202.0,21.5,59.4,275.0,0
38.3,1.33,-71.9,0.184,4.0,198.0,42.4,56.7,21.0,0
13.2,0.17,-81.2,0.114,2.0,178.0,43.0,74.1,420.0,0
32.4,1.78,-57.4,0.659,6.0,410.0,61.6,86.1,10.0,1
32.3,2.45,-53.0,0.923,7.0,231.0,50.5,66.3,16.0,0
25.4,0.51,-59.4,0.209,4.0,207.0,19.9,74.9,236.0,0
18.6,0.88,-89.0,0.106,4.0,305.0,27.7,59.3,405.0,0
43.9,0.13,-65.8,0.138,0.0,201.0,32.1,31.4,266.0,0
25.6,0.59,-86.4,0.847,5.0,229.0,68.8,46.9,156.0,1
26.4,1.89,-65.9,0.044,3.0,178.0,29.5,42.9,75.0,0
21.0,2.66,-90.4,0.775,10.0,252.0,39.4,63.1,183.0,1
20.5,5.18,-68.0,0.136,4.0,290.0,29.6,39.3,123.0,0
28.7,0.62,-82.0,0.365,2.0,256.0,8.3,78.5,103.0,0
22.0,2.32,-73.0,0.236,5.0,150.0,36.4,74.9,64.0,0
40.2,1.3,-71.9,0.343,4.0,274.0,43.9,51.1,140.0,0
24.5,0.11,-63.1,1.996,2.0,348.0,37.6,51.8,17.0,0
27.0,7.76,-69.7,0.06,6.0,178.0,28.2,67.1,156.0,0
41.6,2.19,-52.9,0.051,2.0,474.0,51.8,43.2,366.0,1
33.5,1.0,-55.4,1.08,5.0,351.0,23.7,27.7,327.0,1
20.4,5.21,-67.8,0.321,1.0,187.0,37.7,53.0,181.0,0
40.9,2.51,-95.4,0.223,6.0,273.0,50.4,44.1,159.0,1
26.0,9.48,-59.9,1.488,6.0,251.0,51.3,67.7,163.0,1
26.9,0.19,-86.9,0.052,5.0,249.0,17.0,70.6,554.0,0
49.1,3.1,-70.8,0.086,6.0,275.0,63.1,68.5,41.0,1
42.4,1.99,-75.6,0.733,5.0,250.0,52.4,67.1,99.0,0
41.1,2.83,-63.7,0.804,5.0,300.0,33.8,63.4,124.0,1
35.1,1.91,-63.3,0.524,4.0,257.0,68.9,71.6,264.0,1
34.5,2.38,-91.8,3.778,8.0,154.0,57.4,68.4,89.0,0
29.2,4.51,-86.6,0.421,4.0,128.0,69.5,49.0,815.0,1
38.3,0.76,-94.9,0.63,7.0,261.0,21.2,77.2,182.0,1
29.9,1.59,-56.6,0.199,3.0,57.0,31.8,54.0,20.0,0
22.9,4.22,-82.6,0.876,2.0,275.0,61.0,61.3,70.0,1
17.0,3.16,-78.4,0.724,7.0,187.0,57.7,24.5,146.0,1
31.9,11.08,-89.0,0.294,7.0,378.0,67.3,92.0,137.0,1
43.1,2.22,-75.6,0.316,4.0,223.0,48.4,42.9,55.0,0
21.7,10.41,-64.0,0.396,2.0,241.0,54.0,84.4,446.0,0
27.8,0.2,-63.5,0.188,4.0,237.0,46.6,28.1,106.0,0
38.6,1.97,-60.8,0.253,9.0,340.0,62.3,72.3,336.0,1
31.9,0.67,-74.2,0.033,3.0,293.0,40.1,49.5,68.0,0
31.6,0.18,-83.1,0.157,4.0,283.0,63.0,59.1,91.0,0
20.8,5.3,-67.4,0.105,2.0,245.0,38.6,69.8,256.0,0
30.7,0.63,-73.7,0.176,2.0,389.0,84.0,48.4,7.0,1
43.4,0.81,-45.0,,4.0,145.0,35.6,34.1,14.0,0
24.9,3.52,-69.3,1.338,4.0,164.0,58.6,68.6,93.0,0
20.5,1.28,-87.3,1.003,5.0,193.0,30.7,40.6,30.0,0
32.8,2.18,-83.1,0.125,3.0,388.0,60.4,62.2,225.0,0
15.7,2.73,-75.2,0.742,3.0,286.0,40.6,48.8,155.0,1
30.7,6.63,-68.0,0.151,4.0,396.0,34.3,52.4,18.0,1
48.4,1.29,-78.3,0.559,2.0,98.0,36.6,81.9,702.0,0
27.0,4.1,-75.8,0.011,2.0,302.0,58.0,60.6,212.0,0
23.4,2.33,-61.9,0.127,1.0,160.0,61.5,66.1,51.0,0
35.0,3.08,-62.8,0.348,1.0,217.0,23.5,56.5,40.0,0
30.2,2.35,-67.6,0.733,3.0,209.0,41.2,66.9,89.0,0
20.9,1.15,-61.2,0.078,7.0,321.0,36.3,59.7,15.0,0
27.0,2.2,-83.6,0.617,2.0,244.0,45.5,71.1,210.0,0
18.1,1.92,-58.2,1.186,6.0,265.0,46.9,32.8,55.0,1
32.6,9.7,-79.1,0.761,4.0,240.0,27.4,37.8,86.0,1
46.9,2.44,-82.2,0.182,3.0,376.0,57.9,81.0,19.0,0
28.6,12.28,-75.9,0.731,3.0,207.0,48.5,67.4,307.0,0
35.3,1.0,-70.9,0.199,6.0,201.0,67.6,76.2,47.0,1
34.1,1.05,-70.0,1.323,1.0,257.0,41.8,68.9,110.0,0
30.7,1.89,-74.0,0.206,3.0,279.0,39.5,54.5,195.0,0
32.2,1.42,-83.4,0.711,3.0,286.0,50.4,70.0,22.0,0
37.5,2.22,-72.1,1.2,3.0,258.0,77.8,74.6,58.0,1
28.2,1.7,-91.4,1.247,8.0,295.0,28.0,20.0,14.0,0
27.7,3.58,-71.8,0.41,3.0,232.0,49.6,73.4,234.0,0
32.9,0.11,-60.4,0.358,3.0,297.0,71.9,79.9,266.0,1
22.1,2.97,-69.9,0.087,3.0,239.0,85.0,77.6,1.0,1
19.3,2.03,-82.8,0.551,6.0,322.0,51.8,43.0,36.0,0
44.3,8.26,-63.7,0.305,8.0,266.0,37.1,64.1,277.0,0
38.9,7.07,-76.3,0.703,3.0,287.0,45.6,66.1,9.0,0
17.0,0.39,-77.9,0.743,3.0,323.0,74.4,15.0,26.0,1
21.9,2.13,-64.0,0.016,1.0,172.0,58.6,55.6,4.0,0
32.5,3.19,-73.5,0.783,7.0,312.0,27.0,24.5,47.0,1
37.2,0.74,-105.6,0.205,3.0,411.0,66.2,66.0,60.0,0
26.2,3.7,-71.1,0.026,4.0,322.0,64.7,27.1,139.0,0
29.7,1.25,-64.3,1.1,4.0,284.0,40.0,58.2,167.0,1
24.0,0.02,-75.9,0.613,4.0,286.0,41.2,61.8,134.0,1
30.4,2.13,-83.1,0.045,8.0,30.0,40.8,57.7,8.0,1
35.0,4.71,-73.0,0.63,13.0,335.0,58.4,38.3,323.0,1
27.8,1.47,-52.5,0.264,7.0,164.0,43.7,50.4,590.0,0
35.1,2.26,-80.7,0.981,7.0,232.0,67.6,54.4,32.0,0
26.5,6.54,-74.2,1.134,3.0,375.0,71.0,54.0,72.0,1
33.4,2.81,-87.8,0.477,1.0,390.0,31.6,87.1,203.0,1
32.2,2.35,-87.6,0.089,7.0,264.0,31.6,43.1,91.0,1
29.4,0.06,-65.6,0.259,5.0,250.0,44.5,73.8,46.0,0
38.3,0.92,-64.6,0.467,2.0,422.0,38.4,71.0,26.0,1
30.7,1.19,-71.4,0.892,3.0,360.0,65.1,78.2,265.0,0
,0.51,-93.8,0.183,3.0,149.0,37.0,35.6,261.0,0
32.1,3.25,-78.9,0.974,4.0,359.0,30.0,65.0,113.0,1
13.9,1.08,-70.5,0.287,4.0,197.0,47.6,46.3,4.0,0
19.6,8.33,-69.3,0.704,0.0,351.0,50.5,40.7,29.0,0
42.1,0.86,-81.3,0.232,3.0,360.0,59.4,70.2,166.0,0
30.9,0.92,-72.3,0.329,4.0,205.0,9.5,55.3,64.0,0
28.5,3.92,-73.0,1.739,4.0,344.0,20.3,67.1,37.0,0
35.7,0.39,-67.0,0.719,5.0,339.0,45.6,73.1,186.0,1
30.7,13.65,-68.7,1.759,2.0,198.0,40.1,25.7,362.0,0
37.1,1.2,-72.6,0.297,7.0,271.0,24.3,40.9,264.0,0
29.0,10.27,-45.0,1.086,7.0,244.0,47.1,63.0,17.0,0
23.7,2.69,-85.2,0.013,6.0,147.0,60.0,50.7,366.0,1
32.5,5.56,,0.577,5.0,310.0,37.7,62.1,50.0,0
25.2,3.23,-51.9,0.335,3.0,214.0,43.6,49.0,25.0,0
28.7,9.2,-90.7,0.335,2.0,207.0,20.7,62.2,179.0,1
14.2,2.4,-77.2,0.322,5.0,195.0,30.1,58.5,44.0,0
37.8,8.46,-61.0,0.12,4.0,281.0,70.1,65.2,313.0,1
18.9,0.96,-56.7,0.151,9.0,305.0,56.2,51.9,39.0,0
45.1,0.64,-69.4,0.401,3.0,174.0,57.7,52.3,433.0,0
30.7,0.61,-66.7,0.058,2.0,205.0,47.6,62.6,946.0,0
18.8,7.88,-65.0,0.486,4.0,222.0,46.3,57.3,92.0,0
29.0,0.33,-79.1,0.118,9.0,216.0,60.4,84.5,272.0,0
19.0,0.51,-90.8,1.875,5.0,248.0,44.5,37.1,109.0,1
17.5,11.84,-80.3,0.05,4.0,317.0,70.1,50.9,286.0,1
21.5,5.05,-78.5,0.005,6.0,139.0,49.4,73.4,80.0,1
37.1,0.19,-76.8,0.248,7.0,194.0,23.6,58.6,164.0,0
26.1,2.98,-63.3,0.071,3.0,,33.3,53.3,118.0,0
27.5,0.01,-65.9,1.032,5.0,236.0,30.8,61.1,582.0,0
28.7,0.62,-45.5,0.137,8.0,216.0,55.2,65.7,314.0,0
29.7,5.41,-82.2,0.18,3.0,250.0,66.1,74.9,484.0,1
16.4,1.76,-63.7,0.115,5.0,374.0,61.9,61.7,182.0,0
29.9,0.99,-79.1,0.274,3.0,151.0,62.0,43.6,147.0,0
28.9,12.83,-77.2,0.572,6.0,50.0,15.8,67.4,9.0,0
24.7,1.83,-90.0,,3.0,251.0,39.4,38.4,420.0,0
26.8,3.45,-68.5,0.32,2.0,242.0,40.2,56.4,264.0,0
29.1,1.72,-82.8,0.44,7.0,42.0,85.0,76.1,8.0,0
31.1,3.01,-55.6,0.215,5.0,170.0,48.8,38.7,137.0,0
35.0,1.02,-77.3,0.123,5.0,86.0,55.5,48.7,279.0,0
31.5,4.26,-91.7,0.506,6.0,293.0,49.5,78.4,176.0,1
41.1,6.77,-61.7,0.257,4.0,237.0,47.2,62.0,319.0,0
32.9,0.11,-60.4,0.358,3.0,297.0,71.9,79.9,266.0,1
9.3,6.13,-47.8,0.896,5.0,152.0,32.7,55.7,672.0,0
39.3,10.66,-65.3,1.874,5.0,314.0,42.2,46.0,421.0,1
28.4,1.75,-54.4,0.166,7.0,193.0,78.3,52.7,168.0,0
39.4,0.58,-62.3,0.407,5.0,342.0,54.6,76.6,47.0,0
46.2,0.08,-58.1,0.258,4.0,173.0,56.6,56.4,328.0,0
19.1,3.94,-69.9,0.18,2.0,249.0,23.3,51.1,673.0,0
32.1,4.37,-83.2,0.421,7.0,325.0,32.4,43.5,115.0,1
32.0,2.43,-60.8,0.297,1.0,342.0,62.9,54.7,55.0,1
15.8,19.75,-45.0,0.593,9.0,256.0,46.4,68.1,5.0,0
25.2,0.52,-70.9,1.819,11.0,296.0,18.0,71.9,301.0,1
13.8,0.34,-86.7,0.048,5.0,186.0,55.0,17.3,885.0,1
41.4,13.25,-76.7,0.328,3.0,214.0,52.9,47.6,3.0,0
33.7,1.73,-55.7,1.206,3.0,293.0,44.5,45.7,196.0,1
41.6,2.87,-93.0,0.091,10.0,402.0,57.8,62.7,175.0,1
28.4,13.51,-45.0,0.061,2.0,139.0,58.6,72.9,468.0,0
22.6,3.38,-58.2,0.159,6.0,267.0,53.1,84.5,87.0,0
38.9,1.28,-65.7,0.028,7.0,285.0,50.3,79.2,117.0,1
27.0,0.58,-89.3,0.751,5.0,226.0,53.4,51.7,49.0,0
27.6,0.83,-80.1,0.076,4.0,169.0,25.3,58.0,41.0,0
35.7,2.6,-68.6,0.202,4.0,209.0,63.9,79.9,81.0,0
23.3,4.37,-74.7,0.242,3.0,295.0,24.2,71.0,198.0,0
43.7,1.99,-71.8,0.128,11.0,388.0,41.6,56.6,1036.0,1
20.0,7.18,-68.3,0.948,6.0,241.0,69.6,49.5,120.0,0
39.8,1.27,-57.1,0.169,2.0,231.0,17.1,64.3,11.0,0
22.8,1.52,-85.4,0.777,4.0,246.0,25.6,63.7,293.0,0
29.4,1.08,-51.8,2.152,4.0,350.0,13.1,46.3,1.0,1
25.7,0.62,-70.1,0.053,6.0,225.0,28.3,59.1,90.0,0
27.9,3.64,-65.0,0.026,2.0,311.0,35.1,58.3,117.0,0
27.7,3.05,-84.3,0.296,3.0,172.0,46.8,82.5,157.0,1
18.9,4.51,-51.1,0.572,5.0,170.0,35.9,45.7,16.0,0
33.9,1.75,-79.7,1.104,2.0,394.0,57.1,59.3,134.0,0
21.8,8.99,-87.6,0.569,4.0,137.0,50.8,68.8,152.0,1
31.8,1.97,-74.7,0.352,7.0,292.0,73.5,73.9,227.0,1
22.8,4.0,-60.2,0.22,8.0,224.0,16.4,54.7,50.0,0
36.8,1.22,-83.3,0.287,6.0,308.0,38.2,85.4,23.0,1
45.9,1.03,-75.3,0.011,3.0,316.0,53.7,55.6,87.0,0
20.1,3.18,-89.8,0.565,12.0,297.0,45.1,49.6,496.0,1
25.7,0.56,-64.9,0.555,3.0,279.0,54.4,57.7,352.0,0
29.1,2.12,-82.5,0.803,8.0,190.0,40.8,38.8,437.0,1
14.2,1.09,-63.9,0.652,7.0,362.0,53.3,32.4,182.0,0
36.5,5.81,-85.6,0.528,5.0,180.0,75.1,64.7,438.0,1
25.3,3.25,-86.4,0.643,10.0,193.0,43.2,84.9,279.0,1
29.6,1.13,-70.3,0.518,1.0,279.0,62.8,49.1,15.0,0
34.9,0.98,-80.6,0.316,4.0,295.0,26.5,74.7,371.0,0
13.4,2.18,-69.9,0.016,7.0,263.0,66.0,56.9,14.0,0
18.9,0.92,-62.6,0.145,3.0,162.0,39.7,56.1,250.0,0
20.4,4.25,-75.5,0.63,8.0,354.0,55.0,46.5,215.0,0
28.6,1.33,-74.1,0.19,2.0,269.0,22.5,15.0,83.0,0
27.6,0.07,-73.4,0.278,6.0,295.0,55.1,73.9,252.0,0
24.5,0.42,-86.8,0.04,4.0,168.0,58.3,38.9,100.0,0
33.7,0.14,-73.1,0.051,2.0,176.0,23.7,39.3,155.0,0
28.9,1.25,-72.5,0.102,5.0,126.0,29.2,42.5,13.0,0
31.1,0.0,-86.8,0.433,1.0,142.0,17.1,61.6,54.0,0
38.9,0.41,-66.3,0.658,4.0,195.0,35.4,90.7,16.0,0
27.6,1.52,-99.4,0.33,8.0,254.0,23.1,49.0,629.0,0
21.2,3.48,-74.0,0.246,1.0,250.0,39.5,58.3,710.0,0
33.5,6.98,-58.9,0.196,6.0,211.0,37.2,55.7,83.0,0
26.9,5.04,-95.0,0.138,5.0,169.0,50.2,32.2,34.0,1
29.7,0.35,-66.2,0.102,3.0,234.0,42.3,49.7,50.0,0
32.6,1.6,-68.1,0.111,5.0,234.0,57.6,55.0,55.0,0
30.5,1.36,-66.4,0.277,2.0,112.0,54.2,41.6,298.0,0
34.4,9.89,-78.7,0.735,11.0,185.0,12.7,46.0,465.0,1
31.7,3.56,-79.9,0.801,1.0,232.0,30.4,47.9,159.0,1
44.1,0.84,-67.6,0.196,1.0,205.0,29.1,76.8,397.0,0
36.7,4.54,-62.4,0.41,3.0,404.0,48.0,61.0,100.0,1
31.0,0.5,-72.6,0.503,5.0,280.0,47.2,62.8,91.0,1
21.2,1.0,-67.3,1.293,4.0,280.0,42.2,58.3,449.0,0
31.1,3.79,-98.6,0.085,2.0,33.0,43.6,51.0,120.0,0
38.2,2.44,-90.4,0.889,5.0,312.0,48.3,53.1,118.0,0
17.2,0.82,-85.7,0.469,3.0,267.0,53.9,52.7,394.0,0
28.2,3.3,-75.1,0.077,6.0,221.0,54.6,54.2,474.0,0
34.6,4.25,-71.6,0.514,3.0,57.0,34.5,77.8,181.0,0
28.1,0.36,-50.6,0.274,3.0,220.0,66.3,55.8,162.0,0
29.8,8.28,-58.2,0.813,5.0,292.0,39.4,50.3,811.0,0
23.2,5.29,-76.3,0.78,3.0,227.0,51.7,68.0,98.0,0
37.6,4.97,-77.5,0.153,5.0,202.0,35.8,36.4,171.0,0
18.0,2.05,-77.3,0.289,3.0,310.0,41.8,39.0,55.0,0
36.1,0.18,-82.3,0.091,4.0,225.0,38.2,33.4,475.0,0
24.9,10.77,-66.5,0.81,8.0,145.0,42.5,45.5,350.0,0
45.5,4.56,-78.8,0.382,6.0,295.0,79.6,54.4,35.0,1
25.0,3.4,-71.0,0.852,2.0,241.0,58.1,37.0,124.0,0
30.9,3.58,-81.3,0.519,10.0,348.0,11.2,83.6,132.0,1
25.6,0.59,-86.4,0.847,5.0,229.0,68.8,46.9,156.0,1
26.8,1.19,-69.6,1.937,5.0,259.0,16.8,71.5,473.0,0
35.1,4.99,-75.4,0.39,2.0,241.0,22.5,72.9,117.0,0
47.2,0.87,-95.5,0.271,2.0,182.0,57.9,40.1,285.0,0
42.0,2.54,-54.5,0.296,3.0,477.0,57.0,66.3,145.0,0
20.4,4.69,-50.1,0.11,1.0,380.0,43.1,50.8,211.0,0
37.5,1.94,-69.3,0.397,4.0,131.0,43.3,48.6,120.0,0
26.8,7.16,-65.4,0.44,4.0,260.0,56.8,61.6,523.0,0
47.1,5.78,-67.3,1.17,4.0,383.0,33.6,65.8,157.0,1
46.7,2.47,-64.8,1.725,9.0,91.0,67.1,61.9,412.0,1
13.6,2.93,-64.4,0.039,11.0,107.0,64.1,69.6,3.0,0
39.3,11.79,-78.1,1.077,2.0,316.0,66.1,60.4,212.0,1
27.6,5.27,-45.0,0.421,3.0,262.0,41.4,53.8,66.0,0
26.4,1.87,-63.4,0.232,4.0,263.0,56.5,60.4,292.0,0
22.4,1.72,-70.8,0.398,3.0,138.0,19.7,55.5,41.0,0
29.0,0.44,-80.3,0.45,,380.0,52.3,59.5,179.0,0
34.1,0.4,-72.0,0.132,6.0,333.0,56.5,75.6,9.0,1
20.9,0.46,-63.1,1.102,1.0,204.0,53.8,59.2,381.0,0
27.3,0.03,-55.0,0.116,7.0,331.0,41.6,58.4,467.0,0
23.2,5.58,-83.1,0.627,8.0,379.0,46.4,82.7,38.0,1
17.2,2.88,-66.5,0.598,2.0,267.0,24.9,52.8,112.0,0
21.6,1.65,-73.0,0.18,4.0,328.0,31.6,32.5,101.0,0
24.6,1.23,-94.6,0.558,3.0,61.0,59.2,73.7,87.0,0
22.1,0.06,-65.3,0.159,1.0,183.0,45.9,78.4,228.0,0
45.3,6.99,-59.4,0.049,2.0,367.0,43.7,64.3,67.0,1
26.6,1.23,-68.0,0.064,3.0,233.0,26.4,74.4,12.0,0
33.3,4.88,-61.8,0.701,6.0,233.0,26.9,56.7,434.0,0
30.4,7.88,-89.7,0.952,4.0,297.0,49.1,74.0,199.0,1
38.0,5.02,-73.8,2.101,10.0,330.0,27.3,99.0,67.0,1
29.3,3.53,-69.4,0.026,3.0,155.0,31.5,60.9,276.0,0
29.4,1.24,-59.6,0.08,9.0,112.0,54.7,50.4,154.0,0
21.1,0.9,-61.8,0.071,6.0,328.0,35.2,28.0,286.0,0
38.8,0.19,-91.7,0.078,3.0,354.0,83.7,55.2,176.0,0
27.2,1.57,-62.8,0.143,5.0,296.0,33.8,49.2,466.0,0
39.9,1.43,-72.3,0.225,8.0,218.0,59.1,53.9,547.0,0
37.6,10.04,-72.2,0.026,4.0,355.0,21.3,55.3,210.0,1
21.2,2.99,-98.5,0.749,5.0,311.0,35.2,44.6,94.0,1
43.2,0.14,-70.9,0.062,7.0,424.0,69.0,90.4,546.0,1
24.6,0.05,-79.1,0.889,12.0,332.0,28.0,57.8,34.0,1
47.0,0.5,-60.6,1.252,4.0,309.0,84.7,35.1,112.0,1
34.0,2.17,-69.8,0.001,,235.0,23.5,49.3,60.0,0
22.0,1.16,-78.3,0.063,2.0,169.0,64.7,65.4,86.0,0
32.9,0.56,-80.0,2.152,8.0,146.0,69.3,48.1,33.0,1
18.3,0.25,-53.9,1.817,7.0,265.0,27.4,80.6,178.0,1
32.2,1.26,-62.4,0.03,4.0,224.0,47.0,52.2,840.0,0
31.9,2.61,-79.2,1.218,1.0,167.0,30.8,50.3,237.0,1
29.8,0.99,-63.8,0.127,1.0,372.0,54.0,68.6,16.0,0
30.4,0.81,-93.8,0.224,6.0,144.0,41.8,43.9,10.0,1
30.7,6.05,-75.5,0.256,4.0,255.0,57.0,60.6,87.0,0
25.2,1.28,-64.5,1.768,2.0,217.0,39.3,67.3,701.0,0
27.1,4.18,-62.3,0.617,3.0,77.0,50.6,52.0,375.0,0
32.9,7.92,-76.8,1.018,3.0,262.0,9.8,68.2,76.0,0
22.2,0.25,-81.8,0.138,3.0,235.0,52.0,65.0,115.0,0
21.6,1.14,-64.6,1.216,10.0,45.0,9.6,45.7,185.0,1
43.0,1.66,-81.1,0.303,4.0,255.0,62.7,57.0,369.0,0
8.2,1.76,-75.5,0.488,2.0,191.0,58.3,60.3,70.0,0
37.3,0.04,-52.7,0.166,6.0,184.0,63.7,67.1,21.0,0
31.5,3.8,-70.0,1.195,3.0,293.0,49.9,64.2,33.0,1
19.3,3.72,-57.7,1.479,3.0,206.0,57.9,47.3,528.0,0
30.7,6.28,-53.0,0.462,4.0,379.0,37.6,88.5,406.0,1
26.4,0.11,-45.0,0.142,6.0,155.0,24.4,67.8,28.0,0
36.5,0.88,-100.5,0.999,6.0,457.0,81.6,51.1,250.0,1
29.6,0.12,-79.7,0.087,7.0,210.0,51.2,42.4,362.0,1
33.0,2.06,-81.1,0.048,3.0,252.0,27.7,60.2,17.0,0
33.6,3.95,-62.1,0.123,3.0,261.0,52.5,69.6,443.0,0
24.3,0.19,-76.3,1.779,5.0,358.0,57.2,57.1,122.0,1
24.5,3.45,-49.3,0.017,7.0,239.0,51.7,63.8,41.0,0
30.0,2.62,-74.2,0.059,6.0,,26.7,41.0,46.0,0
40.4,3.42,-82.6,0.135,3.0,130.0,39.5,70.8,398.0,1
42.1,1.33,-83.4,0.087,9.0,225.0,53.5,42.7,234.0,1
32.3,10.81,-68.3,0.339,6.0,195.0,37.8,70.6,36.0,0
34.5,7.59,-70.3,0.85,4.0,212.0,58.6,54.9,113.0,0
29.6,3.51,-60.9,0.042,2.0,327.0,51.6,57.9,31.0,0
36.7,2.49,-97.5,0.352,3.0,267.0,35.7,48.7,833.0,0
28.5,7.65,-73.8,0.065,3.0,334.0,64.1,85.9,216.0,0
38.2,7.5,-64.6,2.247,1.0,159.0,54.1,42.1,55.0,0
29.3,7.24,-77.7,0.741,3.0,211.0,44.8,61.1,24.0,0
30.8,8.12,-45.0,0.03,2.0,307.0,80.5,74.9,220.0,1
34.8,1.34,-62.5,0.156,3.0,179.0,27.5,42.6,42.0,0
35.5,1.34,-72.5,0.813,1.0,214.0,26.6,82.5,322.0,0
38.8,2.62,-67.0,2.031,5.0,260.0,71.6,83.6,381.0,0
43.2,2.33,-60.6,0.577,5.0,122.0,34.7,70.7,279.0,0
24.9,1.41,-57.9,0.236,6.0,238.0,35.9,58.1,33.0,0
10.1,1.33,-69.1,1.748,2.0,259.0,39.8,61.5,14.0,0
31.2,6.4,-80.9,0.131,2.0,254.0,40.1,52.5,39.0,1
33.3,2.62,-48.4,0.82,6.0,230.0,32.4,27.3,93.0,0
27.6,16.69,-78.5,0.485,3.0,253.0,43.6,55.3,324.0,1
33.1,2.76,-52.1,0.055,3.0,235.0,7.1,86.5,29.0,0
35.7,2.75,-71.5,2.658,5.0,291.0,44.0,55.8,84.0,0
36.4,1.63,-74.2,0.537,5.0,286.0,29.1,61.7,109.0,1
38.6,3.33,-79.1,0.258,5.0,175.0,36.9,67.7,388.0,1
20.0,0.78,-67.8,0.077,3.0,176.0,59.4,52.4,121.0,0
25.0,2.13,-87.5,0.859,4.0,170.0,31.2,45.4,64.0,0
26.6,1.23,-68.0,0.064,3.0,233.0,26.4,74.4,12.0,0
36.0,1.95,-63.2,0.764,4.0,250.0,86.9,81.5,118.0,0
37.1,2.4,-81.6,0.534,8.0,263.0,23.3,82.7,158.0,1
30.2,0.33,-79.0,0.46,1.0,288.0,67.1,44.5,42.0,0
33.9,0.46,-71.9,0.107,8.0,292.0,34.4,56.2,163.0,0
20.4,0.71,-78.3,0.276,3.0,146.0,47.8,64.3,94.0,0
26.9,0.05,-94.3,0.284,8.0,203.0,83.5,63.4,141.0,0
35.7,0.57,-79.9,1.082,2.0,325.0,55.2,55.0,28.0,0
22.5,0.98,-55.5,0.317,5.0,209.0,45.2,63.2,100.0,0
28.2,2.94,-51.3,0.22,2.0,208.0,52.7,69.5,125.0,0
15.3,0.33,-75.0,0.714,5.0,231.0,47.1,79.6,5.0,0
32.2,0.15,-83.1,0.468,7.0,287.0,29.3,44.3,361.0,1
13.1,0.02,-62.3,0.775,3.0,218.0,5.0,49.1,228.0,0
27.9,3.7,-72.0,0.215,1.0,145.0,24.4,63.9,421.0,0
27.5,0.98,-91.4,0.755,6.0,326.0,53.0,60.5,127.0,1
37.3,2.15,-76.5,0.117,1.0,246.0,30.9,74.9,167.0,0
27.7,0.41,-76.6,0.188,6.0,214.0,51.0,63.3,16.0,0
21.7,8.5,-79.7,0.216,11.0,281.0,16.9,15.0,113.0,1
26.0,1.41,-46.8,0.312,3.0,194.0,14.4,40.2,153.0,0
31.5,2.31,-63.9,0.041,4.0,175.0,52.8,61.1,395.0,0
33.4,0.47,-76.7,0.35,1.0,184.0,38.9,67.3,371.0,0
35.2,7.75,-80.6,0.237,8.0,30.0,37.5,60.9,12.0,1
18.6,4.04,-99.9,0.079,4.0,244.0,61.9,57.4,21.0,1
34.6,0.71,-85.7,0.771,1.0,305.0,63.3,48.4,53.0,0
42.2,7.11,-77.0,1.226,2.0,162.0,12.0,51.5,124.0,0
18.0,5.6,-52.0,1.634,2.0,361.0,38.3,75.4,272.0,1
44.6,1.35,-90.2,0.196,6.0,179.0,10.8,61.6,318.0,1
49.2,2.2,-63.1,1.162,1.0,296.0,23.6,60.9,299.0,1
27.1,1.07,-49.6,0.825,7.0,372.0,52.1,47.6,151.0,0
33.0,3.38,-48.7,0.393,3.0,168.0,85.8,59.6,105.0,0
24.8,5.36,-61.0,0.185,8.0,324.0,44.8,,488.0,0
26.8,7.26,-69.6,0.083,8.0,129.0,36.1,57.4,603.0,0
23.3,2.29,-80.9,0.062,6.0,350.0,72.2,47.7,253.0,1
23.8,2.11,-87.5,0.224,5.0,167.0,63.9,56.5,42.0,0
37.0,2.65,-60.0,0.337,3.0,351.0,56.0,75.9,1.0,1
39.5,2.1,-83.4,0.701,11.0,239.0,71.3,52.4,161.0,0
25.0,0.7,-57.8,0.433,5.0,38.0,48.8,66.2,145.0,0
22.4,0.17,-67.7,1.069,1.0,269.0,59.0,92.1,216.0,0
21.5,0.83,-71.8,1.443,6.0,271.0,41.0,53.3,216.0,0
14.7,2.46,-61.6,0.015,2.0,198.0,22.1,50.5,30.0,0
25.4,3.28,-70.5,0.009,10.0,172.0,10.5,77.1,87.0,0
27.7,1.79,-89.5,0.392,6.0,145.0,73.1,36.6,68.0,0
38.7,0.57,-54.0,1.239,3.0,183.0,29.8,51.1,8.0,0
18.6,4.88,-69.5,0.6,7.0,216.0,65.0,50.3,32.0,0
37.7,0.46,-78.6,0.311,2.0,231.0,27.9,75.3,33.0,0
44.2,3.09,-68.0,0.381,4.0,236.0,65.8,53.3,131.0,0
32.7,3.17,-70.5,0.049,6.0,206.0,44.6,45.5,213.0,0
35.1,10.11,-85.8,0.083,5.0,266.0,43.7,74.1,116.0,1
20.0,0.24,-70.6,0.097,2.0,144.0,53.4,57.7,152.0,0
31.6,0.41,-70.3,0.213,9.0,329.0,66.3,34.5,545.0,1
30.9,0.35,-64.3,1.465,3.0,333.0,39.2,72.5,319.0,1
37.1,5.39,-65.4,0.747,6.0,335.0,47.1,49.3,130.0,0
5.0,0.26,-61.5,0.852,4.0,214.0,71.9,79.8,63.0,1
26.2,0.45,-76.0,0.844,4.0,406.0,14.5,61.7,218.0,0
42.8,5.13,-65.7,0.569,3.0,151.0,16.2,45.1,25.0,0
27.6,0.41,-84.2,0.337,5.0,306.0,49.0,64.6,45.0,1
40.2,2.46,-66.3,0.236,4.0,370.0,31.4,79.8,89.0,1
29.1,3.96,-62.5,0.039,6.0,208.0,31.1,92.2,63.0,0
24.7,1.0,-56.4,0.392,4.0,286.0,51.5,76.6,72.0,0
33.9,0.45,-61.7,0.809,6.0,253.0,78.1,60.2,47.0,1
25.4,9.66,-58.6,0.325,2.0,143.0,53.6,75.6,367.0,0
30.1,2.0,-70.5,0.784,2.0,313.0,50.3,46.8,130.0,0
30.1,5.75,-92.4,1.531,7.0,317.0,30.7,61.8,48.0,1
40.6,0.25,-63.8,0.287,4.0,196.0,51.2,73.5,89.0,0
14.2,1.41,-70.2,0.384,4.0,189.0,52.5,45.7,1.0,0
27.1,3.74,-92.4,0.214,1.0,287.0,17.8,60.7,200.0,1
32.0,1.49,-91.3,0.622,3.0,135.0,51.2,80.5,288.0,0
40.4,0.12,-73.1,0.146,8.0,286.0,77.5,76.4,111.0,1
20.3,0.93,-81.0,0.293,7.0,267.0,64.7,66.9,214.0,1
32.1,1.12,-72.3,0.273,1.0,458.0,26.1,28.9,40.0,1
36.5,4.62,-73.4,0.512,4.0,214.0,36.2,54.0,1.0,0
17.1,1.42,-62.1,0.335,2.0,305.0,50.7,54.8,160.0,0
29.1,4.67,-54.3,0.567,4.0,119.0,29.3,52.4,880.0,0
26.4,6.38,-66.0,0.655,3.0,289.0,18.5,72.2,121.0,0
27.9,0.1,-65.6,0.082,2.0,343.0,34.2,70.3,824.0,0
30.4,10.99,-77.0,0.889,2.0,257.0,42.9,79.2,116.0,0
29.6,5.37,-59.6,1.326,8.0,179.0,26.7,67.2,929.0,1
35.4,8.38,-73.6,0.338,3.0,300.0,5.0,76.3,219.0,0
37.7,10.45,-82.0,0.887,5.0,359.0,46.0,44.3,245.0,1
29.2,6.32,-69.5,0.056,4.0,234.0,43.6,62.4,92.0,0
31.7,3.48,-67.7,1.061,1.0,307.0,64.5,53.5,373.0,1
21.2,0.03,-59.8,0.406,4.0,330.0,51.5,47.0,53.0,0
15.5,1.38,-95.0,0.965,3.0,325.0,48.2,52.7,249.0,0
31.1,0.23,-74.9,0.335,3.0,273.0,53.8,56.1,657.0,0
29.9,2.96,-76.4,0.206,6.0,269.0,45.7,60.0,169.0,0
39.4,2.07,-65.4,0.992,6.0,406.0,20.9,64.5,193.0,1
33.6,7.73,-84.2,0.559,2.0,306.0,36.2,36.3,111.0,1
38.2,1.43,-55.5,1.127,5.0,118.0,5.7,60.7,107.0,0
33.0,1.6,-56.7,0.362,5.0,310.0,71.2,64.6,90.0,1
35.6,2.22,-84.6,0.327,3.0,203.0,22.8,86.5,38.0,0
41.1,0.42,-77.2,0.548,6.0,319.0,55.0,54.7,266.0,0
27.7,2.91,-53.1,0.158,4.0,360.0,69.1,86.1,16.0,0
17.5,0.18,-88.1,0.274,2.0,149.0,64.6,90.6,238.0,0
38.7,0.1,-70.9,0.069,1.0,178.0,29.5,,324.0,0
24.5,0.44,-70.7,0.056,4.0,295.0,33.5,54.2,167.0,0
36.6,9.54,-87.6,0.724,3.0,218.0,57.3,55.1,41.0,1
33.5,4.36,-85.1,0.483,6.0,226.0,44.4,24.0,534.0,1
30.4,5.36,-54.7,0.28,2.0,333.0,32.9,67.7,536.0,1
28.4,1.57,-80.2,0.601,5.0,206.0,23.2,72.9,137.0,1
37.8,1.75,-57.8,0.109,4.0,326.0,44.4,68.3,23.0,1
24.3,0.19,-81.0,0.558,5.0,309.0,62.7,64.3,281.0,1
39.5,0.81,-84.5,2.603,4.0,199.0,72.7,26.7,114.0,0
19.9,0.38,-90.7,0.583,5.0,230.0,47.7,64.9,3.0,0
29.1,0.08,-83.8,0.299,3.0,89.0,44.5,41.0,1.0,0
34.2,0.65,-68.2,0.118,6.0,289.0,45.2,59.2,77.0,1
21.8,3.24,-66.4,0.266,,314.0,51.9,40.0,216.0,0
17.2,1.84,-103.3,0.172,1.0,272.0,68.4,48.8,181.0,0
28.8,5.12,-75.0,0.334,3.0,264.0,59.5,52.5,320.0,0
48.4,2.29,-72.8,0.096,9.0,176.0,41.2,59.6,37.0,0
31.0,0.15,-89.6,0.443,2.0,297.0,47.7,69.0,421.0,0
52.0,2.61,-62.0,0.364,3.0,367.0,55.4,69.4,487.0,1
41.6,5.14,-76.9,0.562,4.0,209.0,16.6,52.2,36.0,0
29.3,6.2,-60.3,0.025,3.0,243.0,48.0,56.6,55.0,0
24.2,7.84,-60.0,1.007,3.0,361.0,34.6,44.6,254.0,1
16.6,1.7,-73.4,1.387,3.0,284.0,92.2,52.9,761.0,1
35.7,5.67,-78.6,0.549,5.0,211.0,28.4,21.9,90.0,0
31.4,4.29,-51.1,0.739,7.0,303.0,23.4,23.6,389.0,1
16.4,4.21,-52.4,0.309,5.0,103.0,52.0,59.4,163.0,0
34.9,5.46,-51.7,0.606,7.0,277.0,39.6,47.4,139.0,0
33.1,2.81,-92.5,0.224,5.0,152.0,48.7,80.0,16.0,1
29.8,1.27,-92.2,1.196,8.0,277.0,14.3,49.9,89.0,0
39.2,1.95,-51.5,0.668,3.0,222.0,18.7,52.9,3.0,0
23.5,3.84,-47.5,0.043,7.0,276.0,35.4,94.7,61.0,0
20.9,3.95,-77.6,0.198,5.0,252.0,50.4,55.6,31.0,0
31.1,1.55,-59.8,0.053,5.0,257.0,11.3,58.7,127.0,0
24.9,0.56,-87.0,0.308,5.0,349.0,34.2,59.6,278.0,0
18.0,0.77,-79.1,1.263,1.0,203.0,60.2,60.4,27.0,0
38.3,24.62,-72.5,0.202,3.0,224.0,99.0,53.5,84.0,0
34.8,0.6,-69.7,0.428,2.0,279.0,29.0,57.3,109.0,0
17.9,0.63,-87.7,0.204,4.0,121.0,67.8,52.1,430.0,0
32.0,8.38,-66.3,0.772,9.0,329.0,24.9,63.4,60.0,1
15.5,3.99,-87.7,0.028,4.0,148.0,61.8,48.7,111.0,1
35.8,0.35,-84.5,0.026,1.0,30.0,55.0,53.5,20.0,0
25.1,3.94,-59.3,0.15,5.0,415.0,63.4,65.3,61.0,0
14.0,8.03,-68.5,0.194,2.0,152.0,57.5,61.0,7.0,0
43.4,2.94,-56.5,0.14,3.0,345.0,63.6,71.0,162.0,0
36.0,0.05,-54.5,0.054,4.0,191.0,36.8,56.1,31.0,0
43.1,0.63,-78.4,0.042,5.0,237.0,42.9,56.2,259.0,1
20.8,5.3,-67.4,0.105,2.0,245.0,38.6,69.8,256.0,0
23.6,3.16,-75.2,1.782,5.0,297.0,48.0,27.1,43.0,1
29.9,5.61,-66.5,0.098,10.0,190.0,57.5,68.4,44.0,0
37.1,0.19,-76.8,0.248,7.0,194.0,23.6,58.6,164.0,0
45.2,0.64,-65.9,0.148,1.0,220.0,62.6,31.4,146.0,0
41.4,1.99,-59.0,0.197,7.0,226.0,41.0,45.9,3.0,0
31.1,1.67,-55.1,0.045,6.0,180.0,29.5,63.9,104.0,0
17.6,18.04,-81.3,0.144,8.0,203.0,44.1,53.1,238.0,1
21.0,0.17,-55.8,0.068,1.0,378.0,51.9,41.3,257.0,0
24.0,4.45,-64.1,0.466,3.0,273.0,89.0,56.6,156.0,0
32.5,4.53,-82.4,0.182,7.0,59.0,55.7,50.7,156.0,1
27.7,2.06,-62.2,0.725,2.0,219.0,29.6,61.5,281.0,0
32.2,3.22,-72.0,0.018,6.0,349.0,55.3,65.7,260.0,1
28.3,0.19,-78.3,0.232,8.0,189.0,42.5,85.9,75.0,0
31.4,1.95,-71.0,0.395,14.0,201.0,52.4,51.6,5.0,0
39.6,0.93,-45.0,0.253,3.0,228.0,40.9,70.2,269.0,0
40.7,1.87,-61.0,0.017,7.0,308.0,46.3,53.4,266.0,1
36.7,1.94,-54.0,0.113,6.0,151.0,55.1,42.8,86.0,0
34.9,3.36,-75.4,0.043,6.0,172.0,53.8,68.3,8.0,0
30.3,1.24,-80.9,1.257,6.0,264.0,64.3,72.3,129.0,1
37.3,1.8,-91.1,0.216,1.0,238.0,23.1,54.3,156.0,0
38.3,0.77,-71.5,0.815,6.0,364.0,42.8,55.3,85.0,1
42.5,1.03,-79.7,0.164,4.0,274.0,64.3,52.4,24.0,0
36.1,0.29,-86.4,0.205,2.0,266.0,63.8,62.4,23.0,0
29.4,0.38,-79.5,0.247,3.0,265.0,32.4,61.8,40.0,0
31.4,0.26,-63.2,0.665,5.0,181.0,56.2,66.8,67.0,0
30.8,0.5,-87.2,0.05,6.0,229.0,17.2,47.3,41.0,0
30.4,4.55,-86.0,1.933,5.0,204.0,19.8,55.1,214.0,1
25.9,8.96,-62.6,0.19,3.0,271.0,16.6,60.0,160.0,0
37.9,,-49.2,0.31,4.0,165.0,50.7,51.7,34.0,0
14.3,0.97,-64.3,0.64,5.0,241.0,43.7,63.3,235.0,0
29.4,1.57,-81.4,0.873,4.0,214.0,52.9,49.7,102.0,0
44.2,2.84,-64.6,0.249,4.0,91.0,37.9,53.2,6.0,0
40.8,0.48,-71.6,0.549,2.0,371.0,23.9,58.9,323.0,1
32.6,0.61,-102.5,0.206,5.0,336.0,37.0,73.3,85.0,1
18.9,1.74,-74.6,1.238,3.0,310.0,67.5,84.6,17.0,0
51.8,2.27,-68.7,1.108,3.0,313.0,27.3,64.1,82.0,0
24.8,2.57,-54.7,0.041,7.0,298.0,35.0,65.4,49.0,0
31.0,4.31,-70.2,0.448,5.0,131.0,65.4,48.7,73.0,0
39.8,3.15,-81.1,0.875,4.0,247.0,71.2,69.3,54.0,1
32.8,0.33,-69.4,1.003,4.0,195.0,35.4,35.6,99.0,0
32.0,2.08,-75.4,0.219,7.0,334.0,12.5,54.7,191.0,1
32.9,1.63,-83.0,0.13,6.0,189.0,45.0,75.7,106.0,0
34.9,0.9,-72.2,1.166,5.0,439.0,66.3,49.2,77.0,1
36.7,4.45,-61.9,0.137,3.0,236.0,40.8,66.8,105.0,0
42.8,3.96,-75.6,0.897,2.0,272.0,20.0,69.3,590.0,0
31.4,1.61,-88.1,0.491,5.0,328.0,26.7,69.2,19.0,1
32.6,6.67,-75.7,1.423,4.0,265.0,31.4,70.4,336.0,0
37.1,1.27,-67.9,0.11,2.0,168.0,71.1,60.2,195.0,0
23.6,0.36,-70.3,0.054,,206.0,39.6,53.5,99.0,0
26.1,1.43,-82.7,0.041,5.0,231.0,57.3,44.6,249.0,1
30.7,5.39,-50.9,0.192,4.0,330.0,24.3,78.2,283.0,1
23.0,2.62,-60.3,1.213,2.0,210.0,91.8,15.0,74.0,0
17.7,5.59,-53.4,0.393,3.0,210.0,36.1,66.7,28.0,0
31.8,0.89,-98.8,0.624,6.0,309.0,38.1,50.0,176.0,1
28.8,1.34,-86.2,0.114,5.0,179.0,49.4,48.2,209.0,1
7.2,8.16,-81.5,0.2,6.0,209.0,38.0,53.4,358.0,1
28.8,1.56,-45.2,0.038,5.0,306.0,28.1,49.3,458.0,0
26.9,2.12,-76.3,0.958,4.0,124.0,56.9,57.9,7.0,0
43.3,1.84,-81.1,1.592,3.0,220.0,76.5,81.4,446.0,0
16.1,0.14,-78.5,0.846,8.0,365.0,42.7,70.2,22.0,1
27.2,1.4,-73.8,0.37,6.0,299.0,52.2,79.4,111.0,0
41.3,8.05,-90.6,0.544,5.0,213.0,52.5,40.3,208.0,1
38.3,1.89,-68.7,0.545,3.0,269.0,23.2,50.9,31.0,0
31.6,2.12,-76.8,0.214,2.0,357.0,40.1,82.2,709.0,1
35.8,0.01,-70.7,0.531,5.0,229.0,18.3,48.3,6.0,0
24.4,8.01,-53.4,0.184,3.0,313.0,65.5,65.4,317.0,0
38.3,2.59,-76.2,0.212,2.0,90.0,53.3,75.1,40.0,0
32.8,3.44,-79.6,0.711,5.0,235.0,59.8,62.5,773.0,1
34.4,7.58,-82.2,1.157,5.0,231.0,68.3,80.8,12.0,1
24.9,0.41,-94.1,0.571,3.0,360.0,18.5,66.6,427.0,0
28.2,3.84,-72.5,0.011,6.0,204.0,51.1,47.6,345.0,0
42.1,13.58,-78.5,0.316,3.0,184.0,39.8,75.7,33.0,1
11.6,9.86,-59.9,0.306,8.0,305.0,51.2,59.4,79.0,0
44.4,0.66,-70.5,4.406,1.0,229.0,77.4,50.9,87.0,0
18.0,1.7,-75.5,0.0,8.0,272.0,53.8,50.3,254.0,0
20.9,1.06,-67.6,1.292,2.0,360.0,28.6,83.6,133.0,1
24.2,2.22,-76.8,0.661,4.0,256.0,35.8,72.2,451.0,0
30.6,0.65,-79.7,0.007,3.0,280.0,40.5,63.9,314.0,0
27.2,5.91,-70.6,1.178,7.0,70.0,38.3,68.6,42.0,1
33.5,5.59,-69.7,0.092,9.0,290.0,66.0,53.4,43.0,0
38.3,1.05,-75.8,0.024,4.0,278.0,50.7,50.6,831.0,0
30.3,1.02,-60.2,0.624,5.0,226.0,35.4,39.9,41.0,0
35.9,4.48,-84.3,0.035,4.0,272.0,77.2,44.3,54.0,1
16.7,2.42,-81.8,0.426,4.0,254.0,48.7,62.4,320.0,0
41.6,5.33,-71.4,1.599,5.0,377.0,24.0,77.5,34.0,1
29.3,2.51,-54.6,0.051,2.0,294.0,92.9,85.3,88.0,0
22.3,3.67,-81.6,1.603,4.0,222.0,14.6,62.0,453.0,1
40.3,3.56,-79.0,0.555,6.0,260.0,71.8,49.7,17.0,1
27.7,2.23,-61.7,1.223,6.0,119.0,33.6,80.3,14.0,1
27.6,0.62,-68.4,0.812,2.0,302.0,25.9,66.4,254.0,1
25.4,0.46,-62.1,0.964,5.0,307.0,34.9,30.1,92.0,0
28.2,0.23,-73.7,1.015,8.0,186.0,41.2,65.6,47.0,0
37.5,2.12,-62.2,0.254,6.0,295.0,25.5,77.0,105.0,1
23.5,1.55,-54.5,0.379,4.0,273.0,44.8,44.9,327.0,0
46.4,5.57,-86.8,0.173,2.0,285.0,54.1,48.3,206.0,1
21.2,1.17,-73.1,0.253,9.0,331.0,52.3,58.4,340.0,0
14.9,2.57,-71.0,0.111,3.0,157.0,59.9,40.9,84.0,0
18.0,3.39,-80.4,0.01,1.0,265.0,39.6,59.4,16.0,1
23.1,0.97,-88.6,0.188,3.0,200.0,36.8,94.1,570.0,0
45.5,2.61,-49.7,1.265,10.0,249.0,15.4,46.9,62.0,1
24.9,2.23,-65.5,0.017,1.0,258.0,31.1,53.6,11.0,0
47.8,1.75,-87.8,0.017,4.0,350.0,31.4,68.9,86.0,0
49.9,6.07,-61.9,1.485,5.0,214.0,32.9,47.9,7.0,0
28.7,7.55,-63.9,0.581,2.0,219.0,39.1,60.9,198.0,0
21.8,1.7,-49.8,0.425,8.0,132.0,82.4,25.7,384.0,0
26.6,0.35,-99.4,0.308,2.0,294.0,68.3,43.1,78.0,0
32.1,0.73,-82.0,0.341,1.0,287.0,99.0,52.8,41.0,0
26.3,7.41,-84.1,0.948,1.0,372.0,34.2,58.2,164.0,1
42.2,0.63,-74.9,0.215,6.0,233.0,45.1,65.2,492.0,0
48.2,0.66,-73.1,0.185,2.0,223.0,94.3,87.6,518.0,1
46.7,0.87,-82.2,1.462,4.0,127.0,64.3,79.1,32.0,0
23.6,1.94,-66.6,0.684,4.0,252.0,21.7,48.2,458.0,0
27.6,0.7,-59.1,1.843,3.0,281.0,64.7,42.4,286.0,1
58.9,14.41,-87.2,0.132,9.0,273.0,46.6,45.7,412.0,1
25.3,2.27,-53.6,0.306,12.0,330.0,40.1,37.6,79.0,0
25.8,0.92,-87.8,0.356,2.0,180.0,52.2,27.0,30.0,0
36.2,0.13,-54.7,0.162,3.0,212.0,56.4,63.2,249.0,0
39.4,11.94,-78.5,0.397,0.0,394.0,30.1,45.6,107.0,1
30.5,2.37,-61.3,0.064,13.0,277.0,19.1,68.1,78.0,0
34.4,9.14,,0.378,8.0,288.0,48.8,62.2,167.0,1
24.5,0.7,-47.6,1.106,4.0,234.0,58.4,74.7,552.0,0
27.5,0.25,-56.5,0.098,11.0,429.0,31.5,70.7,816.0,0
16.6,2.69,-75.3,0.167,4.0,256.0,33.9,63.1,145.0,0
32.1,3.95,-60.5,0.397,7.0,229.0,41.5,52.1,234.0,0
33.5,3.97,-75.6,1.54,4.0,230.0,47.4,61.4,357.0,0
32.9,0.01,-79.3,1.318,5.0,163.0,57.0,47.8,42.0,0
23.6,5.5,-63.2,0.144,14.0,252.0,61.9,60.0,113.0,0
13.4,0.72,-80.4,0.449,2.0,125.0,34.9,77.2,124.0,0
29.5,1.35,-85.0,0.445,3.0,282.0,44.6,50.4,141.0,0
36.4,1.41,-51.0,0.662,6.0,222.0,68.1,65.8,391.0,1
27.3,8.62,-77.7,2.16,6.0,95.0,73.2,61.5,388.0,0
25.4,11.12,-61.7,0.074,0.0,257.0,54.4,46.8,77.0,0
29.1,7.78,-72.4,0.498,4.0,222.0,41.4,54.4,54.0,0
35.8,3.47,-72.2,0.07,3.0,211.0,26.2,66.4,150.0,0
12.4,6.75,-62.8,0.056,0.0,138.0,23.5,68.0,231.0,0
44.2,8.47,-66.2,0.02,6.0,101.0,29.2,64.3,13.0,0
29.4,6.19,-73.4,0.736,10.0,154.0,81.6,65.7,65.0,1
27.4,5.88,-86.6,0.447,1.0,250.0,48.4,64.0,540.0,1
31.4,5.43,-87.7,0.223,3.0,235.0,9.6,55.1,187.0,1
36.7,0.29,-55.1,0.211,2.0,392.0,35.4,72.2,214.0,1
25.5,4.9,-68.8,0.899,2.0,385.0,47.2,39.1,56.0,1
32.0,8.38,-66.3,0.772,9.0,329.0,24.9,63.4,60.0,1
25.4,0.02,-72.9,0.22,7.0,422.0,32.6,55.6,99.0,0
16.6,0.39,-65.4,2.849,6.0,322.0,49.0,59.7,360.0,0
34.6,3.83,-66.9,0.066,2.0,133.0,52.1,54.2,22.0,0
34.4,4.08,-88.3,1.349,6.0,190.0,52.3,82.6,224.0,1
32.4,0.58,-67.7,0.092,2.0,386.0,25.5,46.0,28.0,1
40.3,0.06,-78.2,0.267,2.0,327.0,41.5,69.6,19.0,0
31.7,1.99,-78.9,0.513,5.0,207.0,39.4,72.3,62.0,0
25.3,3.94,-79.8,0.198,6.0,355.0,35.7,20.5,443.0,1
24.4,6.44,-71.0,1.446,7.0,362.0,25.1,55.0,313.0,1
25.6,0.85,-73.5,0.155,1.0,219.0,48.7,61.9,242.0,0
28.9,5.27,-66.6,0.288,4.0,147.0,43.2,44.9,44.0,0
21.8,1.51,-95.8,0.112,1.0,295.0,58.2,72.4,75.0,0
22.7,2.75,-71.8,0.491,3.0,429.0,55.5,57.5,337.0,0
19.1,3.24,-52.9,0.253,14.0,390.0,61.9,74.1,521.0,0
45.4,0.53,-62.4,0.703,7.0,303.0,58.2,61.4,116.0,1
28.6,9.42,-64.8,0.154,7.0,277.0,43.8,83.3,418.0,0
42.6,1.32,-74.3,0.251,2.0,202.0,33.4,51.7,300.0,0
34.5,5.25,-63.4,0.029,2.0,300.0,60.9,49.3,61.0,1
25.4,0.46,-62.1,0.964,5.0,307.0,34.9,30.1,92.0,0
27.6,7.68,-67.8,0.192,5.0,331.0,47.8,47.3,52.0,0
18.4,1.27,-76.6,0.464,4.0,74.0,40.1,49.3,471.0,0
30.4,2.02,-61.5,0.019,6.0,253.0,19.4,75.0,70.0,0
37.2,0.41,-64.9,0.341,4.0,154.0,69.8,34.1,67.0,0
35.1,5.49,-67.8,1.617,3.0,332.0,73.9,43.3,187.0,1
22.6,0.13,-52.5,0.272,6.0,277.0,80.5,57.4,98.0,0
47.9,3.59,-85.1,0.774,4.0,270.0,40.5,73.5,471.0,1
47.5,2.26,-90.9,0.034,3.0,312.0,82.9,70.7,54.0,0
24.8,0.07,-71.1,0.468,7.0,308.0,66.3,55.7,18.0,0
30.1,0.37,-59.5,0.919,3.0,267.0,24.4,55.2,5.0,0
19.4,4.14,-59.2,0.151,7.0,227.0,53.7,62.6,12.0,0
31.0,3.03,-85.1,0.478,3.0,199.0,39.2,64.0,240.0,1
37.8,4.39,-79.7,0.174,4.0,175.0,76.6,42.3,79.0,1
30.1,3.2,-98.0,0.263,1.0,291.0,27.7,90.8,34.0,1
27.2,0.66,-62.2,0.38,3.0,422.0,58.5,58.2,29.0,0
30.7,0.69,-81.5,0.198,2.0,251.0,32.6,53.9,102.0,0
26.5,2.11,-57.2,1.419,1.0,190.0,18.8,47.8,59.0,0
33.6,7.73,-62.4,0.468,4.0,309.0,38.6,39.4,12.0,1
32.9,0.22,-90.8,0.217,5.0,295.0,49.0,37.2,111.0,1
28.3,6.25,-73.5,0.107,5.0,166.0,71.1,48.5,35.0,0
35.4,0.33,-62.6,1.828,3.0,279.0,13.7,74.6,122.0,0
37.4,0.77,-72.8,0.558,3.0,136.0,29.5,66.7,338.0,0
32.3,2.37,-51.2,0.95,7.0,260.0,36.1,60.3,99.0,0
31.5,1.74,-69.3,0.488,7.0,277.0,60.8,69.0,348.0,1
32.3,20.34,-85.5,0.162,3.0,183.0,,38.0,7.0,1
31.0,3.15,-53.3,0.519,3.0,347.0,20.1,70.1,108.0,0
20.2,0.85,-62.4,0.279,9.0,88.0,38.9,44.5,51.0,0
37.3,2.56,-63.7,0.434,6.0,337.0,12.2,50.5,53.0,1
27.8,4.64,-79.8,1.758,6.0,227.0,68.8,53.4,103.0,1
32.2,2.31,-87.4,0.408,9.0,166.0,36.1,46.1,77.0,0
30.5,3.39,-67.8,0.195,0.0,147.0,40.3,47.4,569.0,0
30.4,3.36,-81.7,0.178,5.0,254.0,26.2,69.5,67.0,1
30.3,1.32,-87.1,0.193,2.0,203.0,74.5,59.7,43.0,0
21.6,3.45,-77.6,1.769,5.0,261.0,46.6,71.0,30.0,0
29.7,4.43,-48.5,0.278,6.0,124.0,45.2,73.2,292.0,0
32.6,0.02,-61.8,0.1,4.0,218.0,28.9,54.7,77.0,0
35.6,1.46,-110.0,0.017,5.0,410.0,57.9,78.5,281.0,1
51.9,2.35,-71.7,0.027,8.0,311.0,50.7,35.3,420.0,1
27.6,0.57,-78.3,2.117,4.0,101.0,54.3,91.8,18.0,0
39.3,1.75,-72.6,0.149,4.0,228.0,52.2,65.8,538.0,0
40.2,1.2,-74.0,1.109,3.0,225.0,45.2,81.7,228.0,0
10.7,0.85,-69.2,0.719,4.0,218.0,31.6,71.8,5.0,0
19.2,0.96,-98.5,0.178,5.0,161.0,51.9,47.8,897.0,0
21.8,7.77,-88.3,0.347,2.0,250.0,42.0,95.1,252.0,1
28.9,1.02,-72.5,0.875,9.0,282.0,59.0,60.6,125.0,1
29.5,1.44,-73.5,1.208,7.0,292.0,21.2,21.4,185.0,1
53.7,5.12,-77.9,0.066,5.0,432.0,61.1,60.8,68.0,1
19.6,1.71,-60.7,1.22,1.0,156.0,40.8,53.6,161.0,0
25.8,0.87,-75.1,0.965,4.0,234.0,28.2,59.9,36.0,0
36.9,0.42,-58.7,0.544,8.0,202.0,33.3,55.8,117.0,0
25.7,1.6,-90.0,0.016,4.0,30.0,46.7,54.5,33.0,0
24.2,7.59,-78.8,0.601,5.0,358.0,56.1,56.1,137.0,1
32.5,5.19,-62.4,1.824,8.0,277.0,56.7,60.8,45.0,0
36.0,0.72,-65.7,0.101,4.0,245.0,46.3,37.7,102.0,0
26.5,3.39,-91.2,0.143,6.0,127.0,29.3,42.7,131.0,1
28.6,0.62,-82.5,0.302,8.0,306.0,70.1,99.0,359.0,1
23.6,3.41,-86.0,1.963,0.0,251.0,56.2,74.6,191.0,1
39.3,3.32,-88.6,0.13,2.0,385.0,32.8,69.4,362.0,1
34.2,0.35,-84.1,0.248,7.0,279.0,78.1,47.5,157.0,0
20.4,0.14,-67.3,0.787,6.0,238.0,41.0,61.3,11.0,0
37.1,1.04,-96.1,0.083,2.0,420.0,18.0,61.1,128.0,0
40.9,3.94,-65.7,0.022,0.0,218.0,86.0,50.3,119.0,0
39.2,0.83,-63.4,0.06,8.0,223.0,44.4,47.0,113.0,0
25.3,7.26,-60.2,0.111,5.0,332.0,60.4,58.9,415.0,0
31.5,2.29,-101.9,1.164,6.0,273.0,50.0,60.5,217.0,0
35.5,0.07,-66.6,2.161,3.0,291.0,69.1,34.5,121.0,1
35.2,2.92,-97.0,0.841,7.0,259.0,72.5,62.4,100.0,1
25.0,1.58,-100.3,0.36,5.0,236.0,16.8,52.2,130.0,1
42.6,3.28,-50.2,0.273,3.0,213.0,37.5,40.4,178.0,0
24.6,5.65,-50.4,0.188,7.0,325.0,56.6,34.5,327.0,0
29.5,4.02,-54.5,0.038,5.0,304.0,35.8,45.7,130.0,0
26.9,0.48,-47.6,0.764,2.0,85.0,51.6,57.7,486.0,0
32.0,9.39,-77.6,0.245,0.0,182.0,51.2,28.5,132.0,0
18.4,0.76,-75.3,1.319,2.0,210.0,38.6,63.7,395.0,0
30.9,4.07,-87.7,0.475,9.0,174.0,7.3,84.4,225.0,1
29.3,4.43,-52.3,0.043,1.0,302.0,54.7,69.5,13.0,0
39.6,0.46,-80.4,0.162,4.0,164.0,55.2,62.3,12.0,0
26.2,0.08,-64.4,0.422,3.0,187.0,67.6,53.4,329.0,0
24.6,3.36,-77.3,0.317,6.0,204.0,50.7,38.0,885.0,0
33.4,1.82,-55.2,0.12,6.0,225.0,30.6,76.6,73.0,0
29.8,1.24,-72.7,3.706,4.0,256.0,39.0,69.9,80.0,0
27.0,0.34,-79.9,0.634,3.0,346.0,37.0,66.6,24.0,0
28.1,6.11,-57.4,0.043,2.0,132.0,64.6,61.0,86.0,0
24.0,5.31,-82.0,0.335,14.0,233.0,50.4,48.7,67.0,1
42.5,4.66,-66.9,0.749,12.0,240.0,60.8,63.8,210.0,1
32.9,2.75,-83.2,0.091,4.0,106.0,48.0,57.1,83.0,1
28.3,5.79,-59.4,1.848,4.0,346.0,29.2,64.8,337.0,1
11.3,0.34,-64.2,1.354,5.0,154.0,45.2,53.7,89.0,0
15.6,2.39,-78.3,0.208,6.0,174.0,51.8,55.5,87.0,0
21.5,1.55,-72.5,0.231,8.0,255.0,34.2,84.2,323.0,0
32.0,6.23,-64.3,0.2,6.0,309.0,35.1,66.3,42.0,1
43.6,0.76,-64.0,1.322,6.0,119.0,55.9,57.9,184.0,0
34.3,3.91,-65.9,1.05,1.0,298.0,56.8,83.9,480.0,1
26.0,5.85,-87.8,0.537,3.0,151.0,69.7,67.7,429.0,1
40.1,0.21,-77.7,0.135,6.0,189.0,49.1,43.1,390.0,0
19.9,14.22,-55.0,1.045,5.0,113.0,54.1,54.9,240.0,0
13.5,9.25,-74.3,0.408,3.0,275.0,35.8,58.4,144.0,0
27.8,4.67,-75.0,0.374,3.0,369.0,43.4,46.3,496.0,0
42.7,4.82,-45.0,0.742,7.0,190.0,59.7,41.0,54.0,0
25.0,0.87,-66.8,0.06,1.0,341.0,53.7,52.7,439.0,0
35.5,1.63,-81.6,0.088,5.0,189.0,48.8,41.8,76.0,1
25.2,5.66,-72.6,0.295,6.0,347.0,39.6,59.1,3.0,0
29.9,0.07,-51.2,0.371,3.0,315.0,52.9,90.0,56.0,0
35.2,4.45,-63.8,0.91,6.0,315.0,35.8,46.7,319.0,1
23.8,0.35,-77.3,0.152,5.0,140.0,19.6,64.3,231.0,0
44.0,2.51,-65.7,0.467,6.0,373.0,51.7,32.0,64.0,1
8.2,15.22,-46.2,0.039,4.0,285.0,21.3,48.4,147.0,0
44.8,1.21,-59.6,0.185,14.0,284.0,61.7,66.3,234.0,0
31.2,4.77,-70.5,1.444,3.0,242.0,39.1,75.6,30.0,0
16.4,2.0,-78.0,0.041,6.0,148.0,52.2,47.6,131.0,1
33.2,0.42,-59.2,0.003,5.0,39.0,43.6,77.6,128.0,0
29.4,1.07,-82.8,0.141,6.0,393.0,43.3,36.5,169.0,0
23.9,4.58,,0.504,3.0,237.0,31.2,62.4,107.0,0
32.3,1.73,-64.4,0.603,5.0,167.0,36.1,42.9,652.0,0
24.0,5.31,-92.3,0.37,4.0,429.0,67.0,71.0,343.0,1
30.7,1.43,-53.4,0.624,5.0,429.0,81.5,54.6,151.0,1
39.5,11.34,-85.9,0.48,7.0,250.0,46.2,73.5,836.0,1
22.0,0.14,-61.9,0.044,5.0,388.0,45.5,46.9,473.0,0
27.5,6.41,-63.6,0.061,6.0,312.0,34.8,60.5,192.0,0
26.5,0.02,-47.0,0.89,2.0,230.0,49.3,48.3,2.0,0
22.2,0.22,-82.5,0.81,4.0,239.0,10.8,45.9,30.0,0
51.6,5.89,-81.4,0.44,7.0,295.0,54.6,61.8,64.0,1
37.0,1.22,-80.3,0.137,4.0,204.0,42.7,52.3,262.0,0
28.5,1.84,-65.7,2.057,4.0,402.0,56.9,76.5,266.0,0
25.2,0.22,-94.4,1.415,6.0,254.0,49.0,21.9,23.0,0
40.8,5.21,-52.5,0.222,6.0,184.0,39.0,96.1,214.0,0
28.8,0.95,-76.5,0.204,5.0,322.0,60.4,36.8,347.0,0
31.2,0.23,-55.3,0.124,0.0,250.0,31.9,63.2,330.0,0
20.5,2.78,-60.4,0.858,6.0,211.0,22.7,47.8,26.0,0
33.3,3.29,-73.0,1.1,7.0,361.0,43.3,59.0,359.0,1
34.4,6.19,-85.2,0.221,4.0,304.0,42.1,49.3,432.0,1
24.2,0.51,-58.4,0.03,2.0,200.0,52.0,62.7,17.0,0
27.6,1.51,-72.3,0.197,3.0,282.0,18.6,40.3,120.0,0
32.5,0.77,-51.3,0.297,3.0,114.0,54.1,83.7,22.0,0
30.8,2.74,-59.1,1.218,2.0,328.0,31.3,47.1,7.0,1
30.8,1.59,-78.3,1.2,3.0,207.0,8.8,26.9,416.0,0
37.8,3.17,-70.6,0.083,6.0,203.0,69.8,40.6,236.0,0
27.5,2.21,-84.7,0.721,3.0,235.0,56.1,50.9,227.0,0
41.9,2.22,-81.2,0.222,3.0,208.0,54.8,93.0,23.0,0
24.4,5.47,-60.3,1.061,7.0,236.0,34.9,48.5,386.0,0
32.8,3.21,-89.3,0.663,12.0,189.0,26.0,63.4,40.0,1
20.6,1.54,-71.2,2.221,4.0,211.0,38.7,86.6,12.0,0
39.3,0.13,-60.7,0.976,2.0,264.0,46.8,95.9,12.0,0
22.3,2.31,-83.2,0.535,2.0,145.0,38.9,74.5,489.0,0
32.1,3.73,-61.5,0.261,5.0,390.0,25.8,68.3,14.0,1
35.3,6.48,-80.0,0.222,2.0,368.0,59.9,75.9,13.0,1
32.9,0.08,-80.1,0.358,6.0,108.0,44.7,50.0,330.0,0
33.8,1.61,-78.7,0.659,1.0,193.0,52.8,44.9,231.0,0
20.7,1.36,-70.0,0.226,2.0,235.0,48.6,63.7,159.0,0
19.5,2.66,-77.8,0.002,2.0,176.0,,36.9,107.0,0
34.8,0.26,-66.6,0.204,2.0,116.0,29.8,57.4,27.0,0
37.3,0.16,-62.0,0.368,5.0,180.0,35.2,41.8,158.0,0
35.2,0.71,-69.1,0.985,5.0,335.0,69.1,87.0,500.0,1
23.1,0.5,-82.8,0.349,8.0,175.0,40.0,54.1,143.0,1
27.7,1.69,-78.0,0.11,6.0,211.0,69.2,45.8,869.0,1
19.2,4.73,-79.2,0.473,3.0,294.0,31.6,67.1,112.0,1
25.4,1.99,-46.5,0.221,3.0,241.0,69.4,61.1,215.0,1
41.6,3.18,-61.0,0.348,3.0,159.0,27.9,73.1,155.0,0
36.0,18.29,-72.8,0.071,5.0,211.0,82.7,77.0,156.0,1
29.3,0.04,-58.4,0.49,5.0,198.0,54.1,75.1,158.0,0
37.4,0.86,-59.3,0.617,4.0,166.0,30.0,45.0,241.0,0
35.4,4.62,-47.2,0.278,3.0,119.0,15.5,70.1,185.0,0
24.3,1.74,-74.6,0.479,3.0,169.0,28.7,74.7,46.0,0
36.9,3.0,-67.6,0.28,6.0,107.0,36.6,62.1,195.0,0
28.1,0.33,-84.6,0.734,6.0,305.0,39.4,52.8,281.0,1
38.6,2.09,-72.5,0.146,5.0,224.0,53.5,50.8,39.0,0
29.4,0.72,-64.0,0.315,5.0,125.0,78.3,41.6,302.0,0
27.1,0.33,-81.6,1.777,5.0,221.0,27.5,78.9,858.0,1
35.5,1.6,-61.6,0.887,4.0,379.0,43.0,55.4,112.0,1
33.3,2.11,-80.1,0.465,8.0,334.0,40.2,37.1,25.0,1
24.1,0.93,-88.6,0.01,4.0,106.0,47.1,72.0,82.0,0
34.5,1.09,-62.0,0.808,5.0,174.0,28.4,49.8,25.0,0
28.3,3.61,-81.5,1.83,3.0,266.0,47.6,48.1,43.0,1
31.2,2.85,-64.9,0.549,2.0,459.0,54.2,75.9,1060.0,1
36.3,7.6,-62.0,0.65,7.0,186.0,63.2,68.5,56.0,1
28.6,0.01,-70.7,0.299,7.0,271.0,43.9,73.4,142.0,0
30.6,0.02,-77.7,0.607,5.0,319.0,37.2,49.3,127.0,1
32.6,0.35,-73.6,0.067,0.0,307.0,61.8,59.3,16.0,1
32.2,2.28,-69.1,0.064,2.0,166.0,52.4,69.2,20.0,0
25.0,0.11,-57.7,1.004,1.0,302.0,40.0,72.7,132.0,1
19.2,5.78,-80.5,1.639,2.0,332.0,46.1,63.5,289.0,1
39.8,3.16,-77.9,0.459,3.0,295.0,61.4,39.3,148.0,1
31.8,3.63,-82.8,0.75,4.0,287.0,61.8,60.3,14.0,1
27.7,2.91,-73.0,1.238,6.0,165.0,45.0,52.2,110.0,0
28.7,0.45,-78.6,0.371,0.0,258.0,37.2,47.4,101.0,0
26.9,10.82,-68.3,0.801,2.0,292.0,23.9,69.6,77.0,0
36.6,0.8,-96.8,1.167,7.0,227.0,17.8,44.7,36.0,0
40.7,5.83,-53.6,0.079,2.0,113.0,47.1,73.1,199.0,0
22.2,0.18,-76.7,0.339,9.0,201.0,18.5,64.5,20.0,0
33.2,11.65,-70.0,0.676,14.0,233.0,53.2,57.7,71.0,0
32.1,1.8,-72.1,0.012,0.0,225.0,55.2,76.3,81.0,0
28.5,0.72,-68.6,1.359,4.0,147.0,34.1,59.8,103.0,0
43.9,0.52,-55.1,0.577,2.0,122.0,36.8,55.9,172.0,0
33.4,4.22,-73.9,0.51,7.0,191.0,50.0,65.9,121.0,0
17.0,1.41,-51.7,0.217,2.0,292.0,28.4,22.2,10.0,0
38.4,1.58,-71.2,0.065,4.0,293.0,36.3,51.0,19.0,0
17.4,1.2,-65.5,0.304,9.0,445.0,52.9,76.6,218.0,0
45.1,2.07,-81.3,1.108,0.0,213.0,61.4,59.5,211.0,0
36.3,0.42,-61.6,0.127,8.0,322.0,38.6,55.2,112.0,1
30.1,2.3,-51.8,0.074,4.0,303.0,52.2,72.3,176.0,0
23.8,1.14,-56.1,0.09,5.0,207.0,12.3,73.3,284.0,0
28.0,3.62,-45.0,0.341,1.0,309.0,52.1,57.4,282.0,0
38.2,1.44,-75.5,0.944,6.0,225.0,29.2,66.4,201.0,0
39.0,3.66,-58.7,0.068,7.0,234.0,37.7,42.0,170.0,0
31.5,0.95,-91.0,1.193,6.0,261.0,67.2,22.4,96.0,1
26.8,6.54,-79.0,0.26,5.0,342.0,44.2,59.5,80.0,1
27.7,12.71,-71.0,0.88,4.0,295.0,15.1,54.4,68.0,1
38.6,6.07,-85.0,1.927,4.0,275.0,36.7,75.0,169.0,1
20.0,14.3,-59.1,0.189,7.0,241.0,24.5,53.6,323.0,0
32.2,2.71,-65.6,0.948,1.0,403.0,45.8,76.1,170.0,1
41.3,1.77,-77.1,0.359,6.0,103.0,36.2,58.4,83.0,0
43.5,0.76,-70.5,0.132,2.0,268.0,46.1,77.4,840.0,0
16.4,0.11,-51.5,0.436,5.0,89.0,36.0,49.6,22.0,0
35.8,0.79,-73.3,1.005,5.0,266.0,41.8,64.3,65.0,0
35.1,4.21,-58.3,0.048,1.0,360.0,48.2,78.8,198.0,1
35.6,2.73,-66.8,0.54,6.0,240.0,25.0,61.1,20.0,0
16.2,5.92,-71.3,0.43,4.0,256.0,68.8,54.0,33.0,0
35.5,0.57,-66.7,3.172,3.0,301.0,72.0,40.1,138.0,0
38.6,0.36,-74.0,0.26,7.0,239.0,41.1,22.5,44.0,0
34.8,5.31,-62.4,0.056,1.0,320.0,40.2,67.1,247.0,1
36.2,1.74,-67.9,0.186,3.0,284.0,64.5,39.6,262.0,1
35.0,0.92,-68.0,0.28,1.0,199.0,35.4,66.9,25.0,0
34.9,2.63,-72.5,0.049,3.0,240.0,58.9,92.6,258.0,0
51.8,0.68,-66.2,0.397,7.0,122.0,60.1,48.9,133.0,0
52.6,2.75,-73.7,0.08,4.0,215.0,40.0,64.0,57.0,0
21.5,1.04,-60.6,0.189,3.0,237.0,55.6,65.1,24.0,0
23.2,4.96,-65.9,0.095,1.0,177.0,54.9,33.5,73.0,0
28.1,0.81,-74.7,0.359,5.0,298.0,72.2,74.0,831.0,0
30.6,5.12,-63.0,0.093,4.0,146.0,66.5,65.6,3.0,1
22.0,0.33,-65.3,0.277,5.0,173.0,37.2,71.0,112.0,0
30.7,3.02,-74.4,1.103,4.0,284.0,66.4,60.7,266.0,1
34.4,4.12,-64.5,0.876,3.0,266.0,72.2,70.6,160.0,1
44.3,5.81,-92.8,0.171,3.0,382.0,47.9,48.6,185.0,1
15.4,0.32,-71.7,0.287,4.0,232.0,52.0,41.6,157.0,0
31.7,3.64,-57.2,0.474,3.0,247.0,32.8,32.9,278.0,0
33.0,7.16,-60.8,0.017,1.0,306.0,12.4,49.2,151.0,1
25.2,0.1,-68.6,0.247,12.0,322.0,49.3,55.0,208.0,0
33.2,2.65,-66.0,1.267,3.0,198.0,56.6,59.7,113.0,0
